path_id,path_order,row_type,display_name,x,y,tie_emails,tie_type,community_link,community,role_group,betweenness,contacts,rank_betweenness
T0001,1,Tie,VP-01,56.668,38.816,1577,Strong (two-way),Within community,C1 Leadership core,2 Vice President,0.00935,35,24
T0001,2,Tie,EMP-01,62.027,38.131,1577,Strong (two-way),Within community,C1 Leadership core,6 Employee / Specialist,0.0209,38,7
T0002,1,Tie,EMP-01,62.027,38.131,1118,Strong (two-way),Within community,C1 Leadership core,6 Employee / Specialist,0.0209,38,7
T0002,2,Tie,VP-02,61.128,43.002,1118,Strong (two-way),Within community,C1 Leadership core,2 Vice President,0.00227,30,76
T0003,1,Tie,EMP-02,74.685,46.468,649,Strong (two-way),Within community,C2 Staff cluster around DIR-01,6 Employee / Specialist,0.00962,37,22
T0003,2,Tie,UNK-01,71.717,50.254,649,Strong (two-way),Within community,C2 Staff cluster around DIR-01,7 Unknown role,0.00896,38,27
T0004,1,Tie,VP-01,56.668,38.816,554,Strong (two-way),Within community,C1 Leadership core,2 Vice President,0.00935,35,24
T0004,2,Tie,VP-02,61.128,43.002,554,Strong (two-way),Within community,C1 Leadership core,2 Vice President,0.00227,30,76
T0005,1,Tie,UNK-05,81.349,49.754,521,Strong (two-way),Within community,C2 Staff cluster around DIR-01,7 Unknown role,0.00036,15,134
T0005,2,Tie,UNK-01,71.717,50.254,521,Strong (two-way),Within community,C2 Staff cluster around DIR-01,7 Unknown role,0.00896,38,27
T0006,1,Tie,UNK-02,78.472,48.307,476,Strong (two-way),Within community,C2 Staff cluster around DIR-01,7 Unknown role,0.00225,26,78
T0006,2,Tie,UNK-01,71.717,50.254,476,Strong (two-way),Within community,C2 Staff cluster around DIR-01,7 Unknown role,0.00896,38,27
T0007,1,Tie,UNK-02,78.472,48.307,463,Strong (two-way),Within community,C2 Staff cluster around DIR-01,7 Unknown role,0.00225,26,78
T0007,2,Tie,EMP-03,75.939,51.018,463,Strong (two-way),Within community,C2 Staff cluster around DIR-01,6 Employee / Specialist,0.00332,23,62
T0008,1,Tie,DIR-01,69.375,45.275,424,Strong (two-way),Within community,C2 Staff cluster around DIR-01,3 Director / MD,0.01936,50,9
T0008,2,Tie,UNK-01,71.717,50.254,424,Strong (two-way),Within community,C2 Staff cluster around DIR-01,7 Unknown role,0.00896,38,27
T0009,1,Tie,UNK-06,79.455,52.513,397,Strong (two-way),Within community,C2 Staff cluster around DIR-01,7 Unknown role,0.00323,23,64
T0009,2,Tie,UNK-02,78.472,48.307,397,Strong (two-way),Within community,C2 Staff cluster around DIR-01,7 Unknown role,0.00225,26,78
T0010,1,Tie,UNK-03,48.243,90.859,364,Strong (two-way),Within community,C4 Real-time trading desk,7 Unknown role,0.01478,21,15
T0010,2,Tie,EMP-08,52.334,88.455,364,Strong (two-way),Within community,C4 Real-time trading desk,6 Employee / Specialist,0.00443,17,48
T0011,1,Tie,TRD-01,37.205,23.423,361,Strong (two-way),Within community,C3 Trading & logistics desk,5 Trader,0.00193,21,84
T0011,2,Tie,EMP-05,26.599,23.515,361,Strong (two-way),Within community,C3 Trading & logistics desk,6 Employee / Specialist,0.00416,28,50
T0012,1,Tie,EMP-02,74.685,46.468,361,Strong (two-way),Within community,C2 Staff cluster around DIR-01,6 Employee / Specialist,0.00962,37,22
T0012,2,Tie,UNK-02,78.472,48.307,361,Strong (two-way),Within community,C2 Staff cluster around DIR-01,7 Unknown role,0.00225,26,78
T0013,1,Tie,VP-03,57.344,43.184,336,Strong (two-way),Within community,C1 Leadership core,2 Vice President,0.00417,36,49
T0013,2,Tie,VP-02,61.128,43.002,336,Strong (two-way),Within community,C1 Leadership core,2 Vice President,0.00227,30,76
T0014,1,Tie,Rod Hayslett,90.003,30.046,332,Strong (two-way),Within community,C5 Gas pipeline & regulatory,1 Executive,0.00951,26,23
T0014,2,Tie,EMP-13,94.721,25.85,332,Strong (two-way),Within community,C5 Gas pipeline & regulatory,6 Employee / Specialist,0.00101,17,107
T0015,1,Tie,UNK-05,81.349,49.754,311,Strong (two-way),Within community,C2 Staff cluster around DIR-01,7 Unknown role,0.00036,15,134
T0015,2,Tie,UNK-02,78.472,48.307,311,Strong (two-way),Within community,C2 Staff cluster around DIR-01,7 Unknown role,0.00225,26,78
T0016,1,Tie,EMP-11,82.571,47.041,290,Strong (two-way),Within community,C2 Staff cluster around DIR-01,6 Employee / Specialist,0.00074,13,114
T0016,2,Tie,UNK-01,71.717,50.254,290,Strong (two-way),Within community,C2 Staff cluster around DIR-01,7 Unknown role,0.00896,38,27
T0017,1,Tie,VP-01,56.668,38.816,289,Strong (two-way),Within community,C1 Leadership core,2 Vice President,0.00935,35,24
T0017,2,Tie,VP-03,57.344,43.184,289,Strong (two-way),Within community,C1 Leadership core,2 Vice President,0.00417,36,49
T0018,1,Tie,EMP-01,62.027,38.131,276,Strong (two-way),Within community,C1 Leadership core,6 Employee / Specialist,0.0209,38,7
T0018,2,Tie,VP-03,57.344,43.184,276,Strong (two-way),Within community,C1 Leadership core,2 Vice President,0.00417,36,49
T0019,1,Tie,John Lavorato,38.979,45.415,273,Strong (two-way),Within community,C1 Leadership core,1 Executive,0.0922,90,3
T0019,2,Tie,Louise Kitchen,49.827,46.741,273,Strong (two-way),Within community,C1 Leadership core,1 Executive,0.02954,64,6
T0020,1,Tie,VP-04,58.757,47.451,265,Strong (two-way),Within community,C1 Leadership core,2 Vice President,0.0068,37,36
T0020,2,Tie,EMP-01,62.027,38.131,265,Strong (two-way),Within community,C1 Leadership core,6 Employee / Specialist,0.0209,38,7
T0021,1,Tie,UNK-06,79.455,52.513,255,Strong (two-way),Within community,C2 Staff cluster around DIR-01,7 Unknown role,0.00323,23,64
T0021,2,Tie,UNK-01,71.717,50.254,255,Strong (two-way),Within community,C2 Staff cluster around DIR-01,7 Unknown role,0.00896,38,27
T0022,1,Tie,EMP-03,75.939,51.018,238,Strong (two-way),Within community,C2 Staff cluster around DIR-01,6 Employee / Specialist,0.00332,23,62
T0022,2,Tie,UNK-01,71.717,50.254,238,Strong (two-way),Within community,C2 Staff cluster around DIR-01,7 Unknown role,0.00896,38,27
T0023,1,Tie,VP-06,87.366,26.063,233,Strong (two-way),Across communities,C5 Gas pipeline & regulatory,2 Vice President,0.00853,29,32
T0023,2,Tie,UNK-04,45.541,26.096,233,Strong (two-way),Across communities,C3 Trading & logistics desk,7 Unknown role,0.06907,59,4
T0024,1,Tie,EMP-15,62.704,54.179,227,Strong (two-way),Within community,C1 Leadership core,6 Employee / Specialist,0.0018,22,89
T0024,2,Tie,UNK-21,59.246,57.418,227,Strong (two-way),Within community,C1 Leadership core,7 Unknown role,0.00101,13,108
T0025,1,Tie,UNK-15,93.947,19.517,219,Strong (two-way),Within community,C5 Gas pipeline & regulatory,7 Unknown role,0.00044,15,128
T0025,2,Tie,VP-07,83.649,23.867,219,Strong (two-way),Within community,C5 Gas pipeline & regulatory,2 Vice President,0.00379,23,54
T0026,1,Tie,Jeffrey Shankman,45.462,49.371,218,Strong (two-way),Within community,C1 Leadership core,1 Executive,0.00152,31,96
T0026,2,Tie,UNK-14,55.245,53.635,218,Strong (two-way),Within community,C1 Leadership core,7 Unknown role,0.00278,24,68
T0027,1,Tie,EMP-06,66.911,51.448,214,Strong (two-way),Within community,C2 Staff cluster around DIR-01,6 Employee / Specialist,0.01223,32,18
T0027,2,Tie,EMP-20,65.93,56.348,214,Strong (two-way),Within community,C2 Staff cluster around DIR-01,6 Employee / Specialist,0.00015,10,142
T0028,1,Tie,UNK-03,48.243,90.859,209,Strong (two-way),Within community,C4 Real-time trading desk,7 Unknown role,0.01478,21,15
T0028,2,Tie,TRD-03,45.543,95.02,209,Strong (two-way),Within community,C4 Real-time trading desk,5 Trader,0.00027,8,136
T0029,1,Tie,UNK-03,48.243,90.859,204,Strong (two-way),Within community,C4 Real-time trading desk,7 Unknown role,0.01478,21,15
T0029,2,Tie,EMP-21,50.159,95.273,204,Strong (two-way),Within community,C4 Real-time trading desk,6 Employee / Specialist,0.00069,10,115
T0030,1,Tie,UNK-08,71.713,40.4,204,Strong (two-way),Across communities,C2 Staff cluster around DIR-01,7 Unknown role,0.00916,31,25
T0030,2,Tie,UNK-12,56.107,18.185,204,Strong (two-way),Across communities,C7 Staff cluster around UNK-12,7 Unknown role,0.00274,20,69
T0031,1,Tie,David Delainey,53.102,42.037,199,Strong (two-way),Within community,C1 Leadership core,1 Executive,0.00884,44,28
T0031,2,Tie,John Lavorato,38.979,45.415,199,Strong (two-way),Within community,C1 Leadership core,1 Executive,0.0922,90,3
T0032,1,Tie,TRD-01,37.205,23.423,199,Strong (two-way),Within community,C3 Trading & logistics desk,5 Trader,0.00193,21,84
T0032,2,Tie,UNK-09,32.175,33.629,199,Strong (two-way),Within community,C3 Trading & logistics desk,7 Unknown role,0.00544,32,42
T0033,1,Tie,UNK-07,91.477,25.208,199,Strong (two-way),Within community,C5 Gas pipeline & regulatory,7 Unknown role,0.00173,19,91
T0033,2,Tie,EMP-07,90.766,20.225,199,Strong (two-way),Within community,C5 Gas pipeline & regulatory,6 Employee / Specialist,0.00065,16,117
T0034,1,Tie,UNK-03,48.243,90.859,195,Strong (two-way),Within community,C4 Real-time trading desk,7 Unknown role,0.01478,21,15
T0034,2,Tie,TRD-06,47.564,99.73,195,Strong (two-way),Within community,C4 Real-time trading desk,5 Trader,0.00038,8,131
T0035,1,Tie,VP-08,47.328,34.336,190,Strong (two-way),Across communities,C1 Leadership core,2 Vice President,0.01408,41,16
T0035,2,Tie,UNK-08,71.713,40.4,190,Strong (two-way),Across communities,C2 Staff cluster around DIR-01,7 Unknown role,0.00916,31,25
T0036,1,Tie,EMP-04,63.283,48.099,177,Strong (two-way),Across communities,C1 Leadership core,6 Employee / Specialist,0.00863,32,30
T0036,2,Tie,UNK-01,71.717,50.254,177,Strong (two-way),Across communities,C2 Staff cluster around DIR-01,7 Unknown role,0.00896,38,27
T0037,1,Tie,UNK-06,79.455,52.513,176,Strong (two-way),Within community,C2 Staff cluster around DIR-01,7 Unknown role,0.00323,23,64
T0037,2,Tie,EMP-03,75.939,51.018,176,Strong (two-way),Within community,C2 Staff cluster around DIR-01,6 Employee / Specialist,0.00332,23,62
T0038,1,Tie,UNK-23,72.048,54.524,160,Strong (two-way),Across communities,C2 Staff cluster around DIR-01,7 Unknown role,0.00302,29,66
T0038,2,Tie,EMP-04,63.283,48.099,160,Strong (two-way),Across communities,C1 Leadership core,6 Employee / Specialist,0.00863,32,30
T0039,1,Tie,UNK-07,91.477,25.208,159,Strong (two-way),Within community,C5 Gas pipeline & regulatory,7 Unknown role,0.00173,19,91
T0039,2,Tie,UNK-17,96.938,23.462,159,Strong (two-way),Within community,C5 Gas pipeline & regulatory,7 Unknown role,0.00138,15,99
T0040,1,Tie,VP-05,31.959,43.993,156,Strong (two-way),Within community,C1 Leadership core,2 Vice President,0.00619,42,38
T0040,2,Tie,John Lavorato,38.979,45.415,156,Strong (two-way),Within community,C1 Leadership core,1 Executive,0.0922,90,3
T0041,1,Tie,EMP-18,21.165,27.937,154,Strong (two-way),Within community,C3 Trading & logistics desk,6 Employee / Specialist,0.00135,19,100
T0041,2,Tie,UNK-09,32.175,33.629,154,Strong (two-way),Within community,C3 Trading & logistics desk,7 Unknown role,0.00544,32,42
T0042,1,Tie,John Lavorato,38.979,45.415,150,Strong (two-way),Within community,C1 Leadership core,1 Executive,0.0922,90,3
T0042,2,Tie,VP-09,51.177,56.265,150,Strong (two-way),Within community,C1 Leadership core,2 Vice President,0.02052,51,8
T0043,1,Tie,EMP-02,74.685,46.468,148,Strong (two-way),Across communities,C2 Staff cluster around DIR-01,6 Employee / Specialist,0.00962,37,22
T0043,2,Tie,Louise Kitchen,49.827,46.741,148,Strong (two-way),Across communities,C1 Leadership core,1 Executive,0.02954,64,6
T0044,1,Tie,EMP-14,75.702,38.35,145,Strong (two-way),Within community,C2 Staff cluster around DIR-01,6 Employee / Specialist,0.00471,25,46
T0044,2,Tie,UNK-10,76.803,42.413,145,Strong (two-way),Within community,C2 Staff cluster around DIR-01,7 Unknown role,0.00572,28,41
T0045,1,Tie,EMP-12,30.256,29.16,141,Strong (two-way),Within community,C3 Trading & logistics desk,6 Employee / Specialist,0.01509,43,13
T0045,2,Tie,UNK-09,32.175,33.629,141,Strong (two-way),Within community,C3 Trading & logistics desk,7 Unknown role,0.00544,32,42
T0046,1,Tie,VP-08,47.328,34.336,140,Strong (two-way),Across communities,C1 Leadership core,2 Vice President,0.01408,41,16
T0046,2,Tie,UNK-12,56.107,18.185,140,Strong (two-way),Across communities,C7 Staff cluster around UNK-12,7 Unknown role,0.00274,20,69
T0047,1,Tie,MGR-02,45.315,40.729,140,Strong (two-way),Across communities,C1 Leadership core,4 Manager,0.0175,54,11
T0047,2,Tie,MGR-01,35.494,30.233,140,Strong (two-way),Across communities,C3 Trading & logistics desk,4 Manager,0.01291,48,17
T0048,1,Tie,EMP-01,62.027,38.131,139,Strong (two-way),Within community,C1 Leadership core,6 Employee / Specialist,0.0209,38,7
T0048,2,Tie,DIR-05,51.36,61.741,139,Strong (two-way),Within community,C1 Leadership core,3 Director / MD,0.0104,21,21
T0049,1,Tie,DIR-01,69.375,45.275,128,Strong (two-way),Within community,C2 Staff cluster around DIR-01,3 Director / MD,0.01936,50,9
T0049,2,Tie,EMP-16,76.053,54.902,128,Strong (two-way),Within community,C2 Staff cluster around DIR-01,6 Employee / Specialist,0.0037,23,56
T0050,1,Tie,VP-04,58.757,47.451,124,Strong (two-way),Within community,C1 Leadership core,2 Vice President,0.0068,37,36
T0050,2,Tie,DIR-02,59.18,52.06,124,Strong (two-way),Within community,C1 Leadership core,3 Director / MD,0.00907,40,26
T0051,1,Tie,UNK-07,91.477,25.208,121,Strong (two-way),Within community,C5 Gas pipeline & regulatory,7 Unknown role,0.00173,19,91
T0051,2,Tie,EMP-10,92.952,22.325,121,Strong (two-way),Within community,C5 Gas pipeline & regulatory,6 Employee / Specialist,0.00065,16,116
T0052,1,Tie,UNK-10,76.803,42.413,120,Strong (two-way),Within community,C2 Staff cluster around DIR-01,7 Unknown role,0.00572,28,41
T0052,2,Tie,UNK-08,71.713,40.4,120,Strong (two-way),Within community,C2 Staff cluster around DIR-01,7 Unknown role,0.00916,31,25
T0053,1,Tie,VP-06,87.366,26.063,119,Strong (two-way),Within community,C5 Gas pipeline & regulatory,2 Vice President,0.00853,29,32
T0053,2,Tie,VP-07,83.649,23.867,119,Strong (two-way),Within community,C5 Gas pipeline & regulatory,2 Vice President,0.00379,23,54
T0054,1,Tie,Louise Kitchen,49.827,46.741,119,Strong (two-way),Within community,C1 Leadership core,1 Executive,0.02954,64,6
T0054,2,Tie,Sally Beck,28.287,54.57,119,Strong (two-way),Within community,C1 Leadership core,1 Executive,0.10151,81,1
T0055,1,Tie,EMP-06,66.911,51.448,118,Strong (two-way),Within community,C2 Staff cluster around DIR-01,6 Employee / Specialist,0.01223,32,18
T0055,2,Tie,UNK-30,70.103,59.382,118,Strong (two-way),Within community,C2 Staff cluster around DIR-01,7 Unknown role,0.00022,10,139
T0056,1,Tie,VP-13,30.535,24.387,114,Strong (two-way),Within community,C3 Trading & logistics desk,2 Vice President,0.00448,28,47
T0056,2,Tie,MGR-01,35.494,30.233,114,Strong (two-way),Within community,C3 Trading & logistics desk,4 Manager,0.01291,48,17
T0057,1,Tie,DIR-03,87.324,21.527,109,Strong (two-way),Within community,C5 Gas pipeline & regulatory,3 Director / MD,0.00605,23,39
T0057,2,Tie,EMP-07,90.766,20.225,109,Strong (two-way),Within community,C5 Gas pipeline & regulatory,6 Employee / Specialist,0.00065,16,117
T0058,1,Tie,EMP-10,92.952,22.325,108,Strong (two-way),Within community,C5 Gas pipeline & regulatory,6 Employee / Specialist,0.00065,16,116
T0058,2,Tie,EMP-07,90.766,20.225,108,Strong (two-way),Within community,C5 Gas pipeline & regulatory,6 Employee / Specialist,0.00065,16,117
T0059,1,Tie,EMP-17,54.766,91.177,104,Strong (two-way),Within community,C4 Real-time trading desk,6 Employee / Specialist,0.00113,13,104
T0059,2,Tie,TRD-05,54.232,84.49,104,Strong (two-way),Within community,C4 Real-time trading desk,5 Trader,0.0086,16,31
T0060,1,Tie,EMP-05,26.599,23.515,104,Strong (two-way),Within community,C3 Trading & logistics desk,6 Employee / Specialist,0.00416,28,50
T0060,2,Tie,MGR-01,35.494,30.233,104,Strong (two-way),Within community,C3 Trading & logistics desk,4 Manager,0.01291,48,17
T0061,1,Tie,UNK-16,39.842,29.775,102,Strong (two-way),Across communities,C3 Trading & logistics desk,7 Unknown role,0.00203,21,82
T0061,2,Tie,EMP-09,19.119,46.56,102,Strong (two-way),Across communities,C1 Leadership core,6 Employee / Specialist,0.00223,16,79
T0062,1,Tie,DIR-02,59.18,52.06,100,Strong (two-way),Within community,C1 Leadership core,3 Director / MD,0.00907,40,26
T0062,2,Tie,EMP-04,63.283,48.099,100,Strong (two-way),Within community,C1 Leadership core,6 Employee / Specialist,0.00863,32,30
T0063,1,Tie,UNK-20,34.304,25.772,99,Strong (two-way),Within community,C3 Trading & logistics desk,7 Unknown role,0.00398,32,53
T0063,2,Tie,UNK-04,45.541,26.096,99,Strong (two-way),Within community,C3 Trading & logistics desk,7 Unknown role,0.06907,59,4
T0064,1,Tie,MGR-01,35.494,30.233,98,Strong (two-way),Within community,C3 Trading & logistics desk,4 Manager,0.01291,48,17
T0064,2,Tie,UNK-20,34.304,25.772,98,Strong (two-way),Within community,C3 Trading & logistics desk,7 Unknown role,0.00398,32,53
T0065,1,Tie,VP-09,51.177,56.265,97,Strong (two-way),Within community,C1 Leadership core,2 Vice President,0.02052,51,8
T0065,2,Tie,Louise Kitchen,49.827,46.741,97,Strong (two-way),Within community,C1 Leadership core,1 Executive,0.02954,64,6
T0066,1,Tie,VP-04,58.757,47.451,94,Strong (two-way),Within community,C1 Leadership core,2 Vice President,0.0068,37,36
T0066,2,Tie,VP-01,56.668,38.816,94,Strong (two-way),Within community,C1 Leadership core,2 Vice President,0.00935,35,24
T0067,1,Tie,UNK-10,76.803,42.413,93,Strong (two-way),Within community,C2 Staff cluster around DIR-01,7 Unknown role,0.00572,28,41
T0067,2,Tie,EMP-11,82.571,47.041,93,Strong (two-way),Within community,C2 Staff cluster around DIR-01,6 Employee / Specialist,0.00074,13,114
T0068,1,Tie,VP-06,87.366,26.063,92,Strong (two-way),Within community,C5 Gas pipeline & regulatory,2 Vice President,0.00853,29,32
T0068,2,Tie,DIR-03,87.324,21.527,92,Strong (two-way),Within community,C5 Gas pipeline & regulatory,3 Director / MD,0.00605,23,39
T0069,1,Tie,MGR-01,35.494,30.233,91,Strong (two-way),Within community,C3 Trading & logistics desk,4 Manager,0.01291,48,17
T0069,2,Tie,TRD-04,33.638,21.922,91,Strong (two-way),Within community,C3 Trading & logistics desk,5 Trader,0.00325,28,63
T0070,1,Tie,DIR-04,27.548,32.805,89,Strong (two-way),Within community,C3 Trading & logistics desk,3 Director / MD,0.00233,26,74
T0070,2,Tie,MGR-01,35.494,30.233,89,Strong (two-way),Within community,C3 Trading & logistics desk,4 Manager,0.01291,48,17
T0071,1,Tie,DIR-02,59.18,52.06,88,Strong (two-way),Across communities,C1 Leadership core,3 Director / MD,0.00907,40,26
T0071,2,Tie,EMP-02,74.685,46.468,88,Strong (two-way),Across communities,C2 Staff cluster around DIR-01,6 Employee / Specialist,0.00962,37,22
T0072,1,Tie,UNK-10,76.803,42.413,87,Strong (two-way),Within community,C2 Staff cluster around DIR-01,7 Unknown role,0.00572,28,41
T0072,2,Tie,DIR-01,69.375,45.275,87,Strong (two-way),Within community,C2 Staff cluster around DIR-01,3 Director / MD,0.01936,50,9
T0073,1,Tie,VP-06,87.366,26.063,87,Strong (two-way),Within community,C5 Gas pipeline & regulatory,2 Vice President,0.00853,29,32
T0073,2,Tie,Rod Hayslett,90.003,30.046,87,Strong (two-way),Within community,C5 Gas pipeline & regulatory,1 Executive,0.00951,26,23
T0074,1,Tie,EMP-02,74.685,46.468,87,Strong (two-way),Within community,C2 Staff cluster around DIR-01,6 Employee / Specialist,0.00962,37,22
T0074,2,Tie,EMP-03,75.939,51.018,87,Strong (two-way),Within community,C2 Staff cluster around DIR-01,6 Employee / Specialist,0.00332,23,62
T0075,1,Tie,EMP-19,33.272,18.097,87,Strong (two-way),Within community,C3 Trading & logistics desk,6 Employee / Specialist,0.00335,27,61
T0075,2,Tie,MGR-01,35.494,30.233,87,Strong (two-way),Within community,C3 Trading & logistics desk,4 Manager,0.01291,48,17
T0076,1,Tie,VP-08,47.328,34.336,86,Strong (two-way),Within community,C1 Leadership core,2 Vice President,0.01408,41,16
T0076,2,Tie,EMP-01,62.027,38.131,86,Strong (two-way),Within community,C1 Leadership core,6 Employee / Specialist,0.0209,38,7
T0077,1,Tie,Louise Kitchen,49.827,46.741,86,Strong (two-way),Across communities,C1 Leadership core,1 Executive,0.02954,64,6
T0077,2,Tie,UNK-01,71.717,50.254,86,Strong (two-way),Across communities,C2 Staff cluster around DIR-01,7 Unknown role,0.00896,38,27
T0078,1,Tie,VP-01,56.668,38.816,85,Strong (two-way),Within community,C1 Leadership core,2 Vice President,0.00935,35,24
T0078,2,Tie,Louise Kitchen,49.827,46.741,85,Strong (two-way),Within community,C1 Leadership core,1 Executive,0.02954,64,6
T0079,1,Tie,EMP-09,19.119,46.56,84,Strong (two-way),Within community,C1 Leadership core,6 Employee / Specialist,0.00223,16,79
T0079,2,Tie,VP-05,31.959,43.993,84,Strong (two-way),Within community,C1 Leadership core,2 Vice President,0.00619,42,38
T0080,1,Tie,UNK-16,39.842,29.775,81,Strong (two-way),Across communities,C3 Trading & logistics desk,7 Unknown role,0.00203,21,82
T0080,2,Tie,VP-05,31.959,43.993,81,Strong (two-way),Across communities,C1 Leadership core,2 Vice President,0.00619,42,38
T0081,1,Tie,Greg Whalley,48.76,51.913,80,Strong (two-way),Within community,C1 Leadership core,1 Executive,0.00335,36,60
T0081,2,Tie,John Lavorato,38.979,45.415,80,Strong (two-way),Within community,C1 Leadership core,1 Executive,0.0922,90,3
T0082,1,Tie,VP-05,31.959,43.993,78,Strong (two-way),Within community,C1 Leadership core,2 Vice President,0.00619,42,38
T0082,2,Tie,DIR-06,22.447,47.023,78,Strong (two-way),Within community,C1 Leadership core,3 Director / MD,0.00094,17,110
T0083,1,Tie,EMP-01,62.027,38.131,77,Strong (two-way),Across communities,C1 Leadership core,6 Employee / Specialist,0.0209,38,7
T0083,2,Tie,UNK-04,45.541,26.096,77,Strong (two-way),Across communities,C3 Trading & logistics desk,7 Unknown role,0.06907,59,4
T0084,1,Tie,UNK-27,27.228,17.741,77,Strong (two-way),Within community,C3 Trading & logistics desk,7 Unknown role,0.01857,25,10
T0084,2,Tie,MGR-01,35.494,30.233,77,Strong (two-way),Within community,C3 Trading & logistics desk,4 Manager,0.01291,48,17
T0085,1,Tie,EMP-06,66.911,51.448,76,Strong (two-way),Across communities,C2 Staff cluster around DIR-01,6 Employee / Specialist,0.01223,32,18
T0085,2,Tie,VP-10,34.079,39.448,76,Strong (two-way),Across communities,C1 Leadership core,2 Vice President,0.01489,50,14
T0086,1,Tie,David Delainey,53.102,42.037,75,Strong (two-way),Within community,C1 Leadership core,1 Executive,0.00884,44,28
T0086,2,Tie,VP-01,56.668,38.816,75,Strong (two-way),Within community,C1 Leadership core,2 Vice President,0.00935,35,24
T0087,1,Tie,VP-08,47.328,34.336,74,Strong (two-way),Across communities,C1 Leadership core,2 Vice President,0.01408,41,16
T0087,2,Tie,MGR-01,35.494,30.233,74,Strong (two-way),Across communities,C3 Trading & logistics desk,4 Manager,0.01291,48,17
T0088,1,Tie,EMP-09,19.119,46.56,74,Strong (two-way),Within community,C1 Leadership core,6 Employee / Specialist,0.00223,16,79
T0088,2,Tie,UNK-19,24.57,43.021,74,Strong (two-way),Within community,C1 Leadership core,7 Unknown role,0.0029,26,67
T0089,1,Tie,UNK-12,56.107,18.185,73,Strong (two-way),Within community,C7 Staff cluster around UNK-12,7 Unknown role,0.00274,20,69
T0089,2,Tie,EMP-23,53.353,10.749,73,Strong (two-way),Within community,C7 Staff cluster around UNK-12,6 Employee / Specialist,0.00046,11,126
T0090,1,Tie,UNK-29,30.31,20.866,73,Strong (two-way),Within community,C3 Trading & logistics desk,7 Unknown role,0.00053,17,124
T0090,2,Tie,MGR-01,35.494,30.233,73,Strong (two-way),Within community,C3 Trading & logistics desk,4 Manager,0.01291,48,17
T0091,1,Tie,EMP-14,75.702,38.35,72,Strong (two-way),Within community,C2 Staff cluster around DIR-01,6 Employee / Specialist,0.00471,25,46
T0091,2,Tie,EMP-11,82.571,47.041,72,Strong (two-way),Within community,C2 Staff cluster around DIR-01,6 Employee / Specialist,0.00074,13,114
T0092,1,Tie,DIR-03,87.324,21.527,72,Strong (two-way),Across communities,C5 Gas pipeline & regulatory,3 Director / MD,0.00605,23,39
T0092,2,Tie,UNK-04,45.541,26.096,72,Strong (two-way),Across communities,C3 Trading & logistics desk,7 Unknown role,0.06907,59,4
T0093,1,Tie,David Delainey,53.102,42.037,71,Strong (two-way),Within community,C1 Leadership core,1 Executive,0.00884,44,28
T0093,2,Tie,EMP-01,62.027,38.131,71,Strong (two-way),Within community,C1 Leadership core,6 Employee / Specialist,0.0209,38,7
T0094,1,Tie,UNK-28,22.335,23.619,71,Strong (two-way),Within community,C3 Trading & logistics desk,7 Unknown role,0.00053,18,123
T0094,2,Tie,MGR-01,35.494,30.233,71,Strong (two-way),Within community,C3 Trading & logistics desk,4 Manager,0.01291,48,17
T0095,1,Tie,MGR-01,35.494,30.233,71,Strong (two-way),Within community,C3 Trading & logistics desk,4 Manager,0.01291,48,17
T0095,2,Tie,UNK-04,45.541,26.096,71,Strong (two-way),Within community,C3 Trading & logistics desk,7 Unknown role,0.06907,59,4
T0096,1,Tie,UNK-06,79.455,52.513,70,Strong (two-way),Within community,C2 Staff cluster around DIR-01,7 Unknown role,0.00323,23,64
T0096,2,Tie,UNK-05,81.349,49.754,70,Strong (two-way),Within community,C2 Staff cluster around DIR-01,7 Unknown role,0.00036,15,134
T0097,1,Tie,DIR-09,24.026,20.949,70,Strong (two-way),Within community,C3 Trading & logistics desk,3 Director / MD,0.00119,19,103
T0097,2,Tie,MGR-01,35.494,30.233,70,Strong (two-way),Within community,C3 Trading & logistics desk,4 Manager,0.01291,48,17
T0098,1,Tie,UNK-05,81.349,49.754,69,Strong (two-way),Within community,C2 Staff cluster around DIR-01,7 Unknown role,0.00036,15,134
T0098,2,Tie,EMP-03,75.939,51.018,69,Strong (two-way),Within community,C2 Staff cluster around DIR-01,6 Employee / Specialist,0.00332,23,62
T0099,1,Tie,VP-11,39.259,37.901,68,Strong (two-way),Within community,C1 Leadership core,2 Vice President,0.01084,46,19
T0099,2,Tie,John Lavorato,38.979,45.415,68,Strong (two-way),Within community,C1 Leadership core,1 Executive,0.0922,90,3
T0100,1,Tie,EMP-14,75.702,38.35,67,Strong (two-way),Within community,C2 Staff cluster around DIR-01,6 Employee / Specialist,0.00471,25,46
T0100,2,Tie,UNK-18,66.784,40.629,67,Strong (two-way),Within community,C2 Staff cluster around DIR-01,7 Unknown role,0.00881,25,29
T0101,1,Tie,TRD-02,64.748,22.504,67,Strong (two-way),Within community,C6 Trading & logistics desk (TRD-02),5 Trader,0.00349,21,57
T0101,2,Tie,EMP-24,69.68,21.391,67,Strong (two-way),Within community,C6 Trading & logistics desk (TRD-02),6 Employee / Specialist,0.00087,11,112
T0102,1,Tie,DIR-02,59.18,52.06,67,Strong (two-way),Across communities,C1 Leadership core,3 Director / MD,0.00907,40,26
T0102,2,Tie,DIR-01,69.375,45.275,67,Strong (two-way),Across communities,C2 Staff cluster around DIR-01,3 Director / MD,0.01936,50,9
T0103,1,Tie,TRD-08,59.625,72.676,67,Strong (two-way),Within community,C4 Real-time trading desk,5 Trader,0.00022,9,138
T0103,2,Tie,MGR-07,57.155,76.784,67,Strong (two-way),Within community,C4 Real-time trading desk,4 Manager,0.01714,23,12
T0104,1,Tie,Greg Whalley,48.76,51.913,67,Strong (two-way),Within community,C1 Leadership core,1 Executive,0.00335,36,60
T0104,2,Tie,Louise Kitchen,49.827,46.741,67,Strong (two-way),Within community,C1 Leadership core,1 Executive,0.02954,64,6
T0105,1,Tie,EMP-17,54.766,91.177,66,Strong (two-way),Within community,C4 Real-time trading desk,6 Employee / Specialist,0.00113,13,104
T0105,2,Tie,EMP-08,52.334,88.455,66,Strong (two-way),Within community,C4 Real-time trading desk,6 Employee / Specialist,0.00443,17,48
T0106,1,Tie,David Delainey,53.102,42.037,66,Strong (two-way),Within community,C1 Leadership core,1 Executive,0.00884,44,28
T0106,2,Tie,DIR-02,59.18,52.06,66,Strong (two-way),Within community,C1 Leadership core,3 Director / MD,0.00907,40,26
T0107,1,Tie,DIR-02,59.18,52.06,66,Strong (two-way),Within community,C1 Leadership core,3 Director / MD,0.00907,40,26
T0107,2,Tie,Louise Kitchen,49.827,46.741,66,Strong (two-way),Within community,C1 Leadership core,1 Executive,0.02954,64,6
T0108,1,Tie,VP-14,83.915,28.874,65,Strong (two-way),Within community,C5 Gas pipeline & regulatory,2 Vice President,0.00518,24,44
T0108,2,Tie,Rod Hayslett,90.003,30.046,65,Strong (two-way),Within community,C5 Gas pipeline & regulatory,1 Executive,0.00951,26,23
T0109,1,Tie,UNK-06,79.455,52.513,65,Strong (two-way),Within community,C2 Staff cluster around DIR-01,7 Unknown role,0.00323,23,64
T0109,2,Tie,EMP-02,74.685,46.468,65,Strong (two-way),Within community,C2 Staff cluster around DIR-01,6 Employee / Specialist,0.00962,37,22
T0110,1,Tie,EMP-07,90.766,20.225,65,Strong (two-way),Across communities,C5 Gas pipeline & regulatory,6 Employee / Specialist,0.00065,16,117
T0110,2,Tie,UNK-04,45.541,26.096,65,Strong (two-way),Across communities,C3 Trading & logistics desk,7 Unknown role,0.06907,59,4
T0111,1,Tie,Rod Hayslett,90.003,30.046,65,Strong (two-way),Within community,C5 Gas pipeline & regulatory,1 Executive,0.00951,26,23
T0111,2,Tie,Stanley Horton,79.267,30.357,65,Strong (two-way),Within community,C5 Gas pipeline & regulatory,1 Executive,0.01057,33,20
T0112,1,Tie,EMP-06,66.911,51.448,64,Strong (two-way),Within community,C2 Staff cluster around DIR-01,6 Employee / Specialist,0.01223,32,18
T0112,2,Tie,EMP-16,76.053,54.902,64,Strong (two-way),Within community,C2 Staff cluster around DIR-01,6 Employee / Specialist,0.0037,23,56
T0113,1,Tie,UNK-08,71.713,40.4,63,Strong (two-way),Within community,C2 Staff cluster around DIR-01,7 Unknown role,0.00916,31,25
T0113,2,Tie,DIR-01,69.375,45.275,63,Strong (two-way),Within community,C2 Staff cluster around DIR-01,3 Director / MD,0.01936,50,9
T0114,1,Tie,VP-12,32.784,48.84,61,Strong (two-way),Within community,C1 Leadership core,2 Vice President,0.00517,39,45
T0114,2,Tie,Louise Kitchen,49.827,46.741,61,Strong (two-way),Within community,C1 Leadership core,1 Executive,0.02954,64,6
T0115,1,Tie,UNK-24,96.491,18.037,61,Strong (two-way),Within community,C5 Gas pipeline & regulatory,7 Unknown role,0.00054,13,122
T0115,2,Tie,UNK-15,93.947,19.517,61,Strong (two-way),Within community,C5 Gas pipeline & regulatory,7 Unknown role,0.00044,15,128
T0116,1,Tie,EMP-05,26.599,23.515,61,Strong (two-way),Within community,C3 Trading & logistics desk,6 Employee / Specialist,0.00416,28,50
T0116,2,Tie,UNK-09,32.175,33.629,61,Strong (two-way),Within community,C3 Trading & logistics desk,7 Unknown role,0.00544,32,42
T0117,1,Tie,John Lavorato,38.979,45.415,60,Strong (two-way),Within community,C1 Leadership core,1 Executive,0.0922,90,3
T0117,2,Tie,MGR-02,45.315,40.729,60,Strong (two-way),Within community,C1 Leadership core,4 Manager,0.0175,54,11
T0118,1,Tie,MGR-02,45.315,40.729,60,Strong (two-way),Across communities,C1 Leadership core,4 Manager,0.0175,54,11
T0118,2,Tie,DIR-04,27.548,32.805,60,Strong (two-way),Across communities,C3 Trading & logistics desk,3 Director / MD,0.00233,26,74
T0119,1,Tie,UNK-17,96.938,23.462,60,Strong (two-way),Within community,C5 Gas pipeline & regulatory,7 Unknown role,0.00138,15,99
T0119,2,Tie,EMP-07,90.766,20.225,60,Strong (two-way),Within community,C5 Gas pipeline & regulatory,6 Employee / Specialist,0.00065,16,117
T0120,1,Tie,Jeffrey Shankman,45.462,49.371,59,Strong (two-way),Within community,C1 Leadership core,1 Executive,0.00152,31,96
T0120,2,Tie,MGR-03,49.98,38.558,59,Strong (two-way),Within community,C1 Leadership core,4 Manager,0.00775,38,35
T0121,1,Tie,VP-01,56.668,38.816,59,Strong (two-way),Within community,C1 Leadership core,2 Vice President,0.00935,35,24
T0121,2,Tie,John Lavorato,38.979,45.415,59,Strong (two-way),Within community,C1 Leadership core,1 Executive,0.0922,90,3
T0122,1,Tie,EMP-01,62.027,38.131,59,Weak (one-way),Within community,C1 Leadership core,6 Employee / Specialist,0.0209,38,7
T0122,2,Tie,John Lavorato,38.979,45.415,59,Weak (one-way),Within community,C1 Leadership core,1 Executive,0.0922,90,3
T0123,1,Tie,TRD-02,64.748,22.504,58,Strong (two-way),Within community,C6 Trading & logistics desk (TRD-02),5 Trader,0.00349,21,57
T0123,2,Tie,VP-20,67.76,9.893,58,Strong (two-way),Within community,C6 Trading & logistics desk (TRD-02),2 Vice President,0.00023,8,137
T0124,1,Tie,VP-03,57.344,43.184,58,Strong (two-way),Within community,C1 Leadership core,2 Vice President,0.00417,36,49
T0124,2,Tie,Kenneth Lay,53.65,33.485,58,Strong (two-way),Within community,C1 Leadership core,1 Executive,0.04035,62,5
T0125,1,Tie,VP-04,58.757,47.451,57,Strong (two-way),Within community,C1 Leadership core,2 Vice President,0.0068,37,36
T0125,2,Tie,EMP-04,63.283,48.099,57,Strong (two-way),Within community,C1 Leadership core,6 Employee / Specialist,0.00863,32,30
T0126,1,Tie,EMP-01,62.027,38.131,57,Strong (two-way),Within community,C1 Leadership core,6 Employee / Specialist,0.0209,38,7
T0126,2,Tie,Louise Kitchen,49.827,46.741,57,Strong (two-way),Within community,C1 Leadership core,1 Executive,0.02954,64,6
T0127,1,Tie,DIR-03,87.324,21.527,57,Strong (two-way),Within community,C5 Gas pipeline & regulatory,3 Director / MD,0.00605,23,39
T0127,2,Tie,UNK-07,91.477,25.208,57,Strong (two-way),Within community,C5 Gas pipeline & regulatory,7 Unknown role,0.00173,19,91
T0128,1,Tie,UNK-10,76.803,42.413,56,Strong (two-way),Within community,C2 Staff cluster around DIR-01,7 Unknown role,0.00572,28,41
T0128,2,Tie,UNK-22,79.836,44.96,56,Strong (two-way),Within community,C2 Staff cluster around DIR-01,7 Unknown role,0.00246,23,72
T0129,1,Tie,EMP-09,19.119,46.56,56,Strong (two-way),Across communities,C1 Leadership core,6 Employee / Specialist,0.00223,16,79
T0129,2,Tie,EMP-12,30.256,29.16,56,Strong (two-way),Across communities,C3 Trading & logistics desk,6 Employee / Specialist,0.01509,43,13
T0130,1,Tie,EMP-09,19.119,46.56,56,Weak (one-way),Within community,C1 Leadership core,6 Employee / Specialist,0.00223,16,79
T0130,2,Tie,DIR-06,22.447,47.023,56,Weak (one-way),Within community,C1 Leadership core,3 Director / MD,0.00094,17,110
T0131,1,Tie,EMP-09,19.119,46.56,55,Strong (two-way),Within community,C1 Leadership core,6 Employee / Specialist,0.00223,16,79
T0131,2,Tie,DIR-07,25.647,46.416,55,Strong (two-way),Within community,C1 Leadership core,3 Director / MD,0.00151,22,97
T0132,1,Tie,UNK-22,79.836,44.96,55,Strong (two-way),Within community,C2 Staff cluster around DIR-01,7 Unknown role,0.00246,23,72
T0132,2,Tie,EMP-03,75.939,51.018,55,Strong (two-way),Within community,C2 Staff cluster around DIR-01,6 Employee / Specialist,0.00332,23,62
T0133,1,Tie,VP-05,31.959,43.993,55,Strong (two-way),Across communities,C1 Leadership core,2 Vice President,0.00619,42,38
T0133,2,Tie,UNK-18,66.784,40.629,55,Strong (two-way),Across communities,C2 Staff cluster around DIR-01,7 Unknown role,0.00881,25,29
T0134,1,Tie,UNK-04,45.541,26.096,55,Strong (two-way),Across communities,C3 Trading & logistics desk,7 Unknown role,0.06907,59,4
T0134,2,Tie,VP-07,83.649,23.867,55,Strong (two-way),Across communities,C5 Gas pipeline & regulatory,2 Vice President,0.00379,23,54
T0135,1,Tie,VP-07,83.649,23.867,55,Strong (two-way),Within community,C5 Gas pipeline & regulatory,2 Vice President,0.00379,23,54
T0135,2,Tie,Stanley Horton,79.267,30.357,55,Strong (two-way),Within community,C5 Gas pipeline & regulatory,1 Executive,0.01057,33,20
T0136,1,Tie,Rod Hayslett,90.003,30.046,53,Strong (two-way),Within community,C5 Gas pipeline & regulatory,1 Executive,0.00951,26,23
T0136,2,Tie,VP-07,83.649,23.867,53,Strong (two-way),Within community,C5 Gas pipeline & regulatory,2 Vice President,0.00379,23,54
T0137,1,Tie,UNK-25,100.0,25.093,52,Strong (two-way),Within community,C5 Gas pipeline & regulatory,7 Unknown role,0.00241,15,73
T0137,2,Tie,UNK-07,91.477,25.208,52,Strong (two-way),Within community,C5 Gas pipeline & regulatory,7 Unknown role,0.00173,19,91
T0138,1,Tie,EMP-14,75.702,38.35,52,Strong (two-way),Within community,C2 Staff cluster around DIR-01,6 Employee / Specialist,0.00471,25,46
T0138,2,Tie,DIR-01,69.375,45.275,52,Strong (two-way),Within community,C2 Staff cluster around DIR-01,3 Director / MD,0.01936,50,9
T0139,1,Tie,EMP-19,33.272,18.097,52,Strong (two-way),Within community,C3 Trading & logistics desk,6 Employee / Specialist,0.00335,27,61
T0139,2,Tie,EMP-05,26.599,23.515,52,Strong (two-way),Within community,C3 Trading & logistics desk,6 Employee / Specialist,0.00416,28,50
T0140,1,Tie,EMP-02,74.685,46.468,51,Strong (two-way),Within community,C2 Staff cluster around DIR-01,6 Employee / Specialist,0.00962,37,22
T0140,2,Tie,DIR-01,69.375,45.275,51,Strong (two-way),Within community,C2 Staff cluster around DIR-01,3 Director / MD,0.01936,50,9
T0141,1,Tie,UNK-13,43.096,56.021,51,Strong (two-way),Within community,C1 Leadership core,7 Unknown role,0.09633,77,2
T0141,2,Tie,Louise Kitchen,49.827,46.741,51,Strong (two-way),Within community,C1 Leadership core,1 Executive,0.02954,64,6
T0142,1,Tie,VP-05,31.959,43.993,50,Strong (two-way),Within community,C1 Leadership core,2 Vice President,0.00619,42,38
T0142,2,Tie,UNK-19,24.57,43.021,50,Strong (two-way),Within community,C1 Leadership core,7 Unknown role,0.0029,26,67
T0143,1,Tie,John Lavorato,38.979,45.415,50,Strong (two-way),Within community,C1 Leadership core,1 Executive,0.0922,90,3
T0143,2,Tie,MGR-04,52.35,51.586,50,Strong (two-way),Within community,C1 Leadership core,4 Manager,0.00157,26,94
T0144,1,Tie,David Delainey,53.102,42.037,49,Strong (two-way),Within community,C1 Leadership core,1 Executive,0.00884,44,28
T0144,2,Tie,Sally Beck,28.287,54.57,49,Strong (two-way),Within community,C1 Leadership core,1 Executive,0.10151,81,1
T0145,1,Tie,EMP-10,92.952,22.325,49,Strong (two-way),Within community,C5 Gas pipeline & regulatory,6 Employee / Specialist,0.00065,16,116
T0145,2,Tie,EMP-13,94.721,25.85,49,Strong (two-way),Within community,C5 Gas pipeline & regulatory,6 Employee / Specialist,0.00101,17,107
T0146,1,Tie,EMP-18,21.165,27.937,48,Weak (one-way),Within community,C3 Trading & logistics desk,6 Employee / Specialist,0.00135,19,100
T0146,2,Tie,UNK-28,22.335,23.619,48,Weak (one-way),Within community,C3 Trading & logistics desk,7 Unknown role,0.00053,18,123
T0147,1,Tie,EMP-06,66.911,51.448,48,Strong (two-way),Within community,C2 Staff cluster around DIR-01,6 Employee / Specialist,0.01223,32,18
T0147,2,Tie,DIR-01,69.375,45.275,48,Strong (two-way),Within community,C2 Staff cluster around DIR-01,3 Director / MD,0.01936,50,9
T0148,1,Tie,EMP-06,66.911,51.448,48,Strong (two-way),Across communities,C2 Staff cluster around DIR-01,6 Employee / Specialist,0.01223,32,18
T0148,2,Tie,UNK-35,50.365,22.388,48,Strong (two-way),Across communities,C3 Trading & logistics desk,7 Unknown role,0.00104,13,106
T0149,1,Tie,VP-01,56.668,38.816,48,Strong (two-way),Within community,C1 Leadership core,2 Vice President,0.00935,35,24
T0149,2,Tie,VP-09,51.177,56.265,48,Strong (two-way),Within community,C1 Leadership core,2 Vice President,0.02052,51,8
T0150,1,Tie,EMP-01,62.027,38.131,48,Strong (two-way),Within community,C1 Leadership core,6 Employee / Specialist,0.0209,38,7
T0150,2,Tie,UNK-32,58.576,34.72,48,Strong (two-way),Within community,C1 Leadership core,7 Unknown role,0.0002,10,140
T0151,1,Tie,EMP-10,92.952,22.325,48,Strong (two-way),Across communities,C5 Gas pipeline & regulatory,6 Employee / Specialist,0.00065,16,116
T0151,2,Tie,UNK-04,45.541,26.096,48,Strong (two-way),Across communities,C3 Trading & logistics desk,7 Unknown role,0.06907,59,4
T0152,1,Tie,EMP-18,21.165,27.937,47,Strong (two-way),Within community,C3 Trading & logistics desk,6 Employee / Specialist,0.00135,19,100
T0152,2,Tie,EMP-12,30.256,29.16,47,Strong (two-way),Within community,C3 Trading & logistics desk,6 Employee / Specialist,0.01509,43,13
T0153,1,Tie,TRD-02,64.748,22.504,47,Strong (two-way),Within community,C6 Trading & logistics desk (TRD-02),5 Trader,0.00349,21,57
T0153,2,Tie,EMP-25,72.178,10.553,47,Strong (two-way),Within community,C6 Trading & logistics desk (TRD-02),6 Employee / Specialist,0.00401,13,51
T0154,1,Tie,UNK-16,39.842,29.775,47,Strong (two-way),Within community,C3 Trading & logistics desk,7 Unknown role,0.00203,21,82
T0154,2,Tie,UNK-04,45.541,26.096,47,Strong (two-way),Within community,C3 Trading & logistics desk,7 Unknown role,0.06907,59,4
T0155,1,Tie,John Lavorato,38.979,45.415,47,Strong (two-way),Within community,C1 Leadership core,1 Executive,0.0922,90,3
T0155,2,Tie,DIR-08,29.195,47.035,47,Strong (two-way),Within community,C1 Leadership core,3 Director / MD,0.00342,30,58
T0156,1,Tie,David Delainey,53.102,42.037,46,Strong (two-way),Within community,C1 Leadership core,1 Executive,0.00884,44,28
T0156,2,Tie,VP-09,51.177,56.265,46,Strong (two-way),Within community,C1 Leadership core,2 Vice President,0.02052,51,8
T0157,1,Tie,UNK-16,39.842,29.775,46,Strong (two-way),Across communities,C3 Trading & logistics desk,7 Unknown role,0.00203,21,82
T0157,2,Tie,UNK-19,24.57,43.021,46,Strong (two-way),Across communities,C1 Leadership core,7 Unknown role,0.0029,26,67
T0158,1,Tie,EMP-04,63.283,48.099,46,Strong (two-way),Within community,C1 Leadership core,6 Employee / Specialist,0.00863,32,30
T0158,2,Tie,VP-09,51.177,56.265,46,Strong (two-way),Within community,C1 Leadership core,2 Vice President,0.02052,51,8
T0159,1,Tie,John Lavorato,38.979,45.415,46,Strong (two-way),Within community,C1 Leadership core,1 Executive,0.0922,90,3
T0159,2,Tie,Sally Beck,28.287,54.57,46,Strong (two-way),Within community,C1 Leadership core,1 Executive,0.10151,81,1
T0160,1,Tie,VP-12,32.784,48.84,45,Strong (two-way),Within community,C1 Leadership core,2 Vice President,0.00517,39,45
T0160,2,Tie,VP-05,31.959,43.993,45,Strong (two-way),Within community,C1 Leadership core,2 Vice President,0.00619,42,38
T0161,1,Tie,UNK-03,48.243,90.859,45,Strong (two-way),Within community,C4 Real-time trading desk,7 Unknown role,0.01478,21,15
T0161,2,Tie,EMP-17,54.766,91.177,45,Strong (two-way),Within community,C4 Real-time trading desk,6 Employee / Specialist,0.00113,13,104
T0162,1,Tie,EMP-17,54.766,91.177,45,Strong (two-way),Within community,C4 Real-time trading desk,6 Employee / Specialist,0.00113,13,104
T0162,2,Tie,UNK-34,54.346,99.414,45,Strong (two-way),Within community,C4 Real-time trading desk,7 Unknown role,0.00013,8,143
T0163,1,Tie,David Delainey,53.102,42.037,45,Strong (two-way),Within community,C1 Leadership core,1 Executive,0.00884,44,28
T0163,2,Tie,MGR-04,52.35,51.586,45,Strong (two-way),Within community,C1 Leadership core,4 Manager,0.00157,26,94
T0164,1,Tie,VP-03,57.344,43.184,45,Strong (two-way),Within community,C1 Leadership core,2 Vice President,0.00417,36,49
T0164,2,Tie,UNK-11,55.402,49.902,45,Strong (two-way),Within community,C1 Leadership core,7 Unknown role,0.0023,26,75
T0165,1,Tie,EMP-05,26.599,23.515,45,Strong (two-way),Within community,C3 Trading & logistics desk,6 Employee / Specialist,0.00416,28,50
T0165,2,Tie,UNK-04,45.541,26.096,45,Strong (two-way),Within community,C3 Trading & logistics desk,7 Unknown role,0.06907,59,4
T0166,1,Tie,EMP-30,43.343,100.0,44,Strong (two-way),Within community,C4 Real-time trading desk,6 Employee / Specialist,0.00101,7,109
T0166,2,Tie,UNK-03,48.243,90.859,44,Strong (two-way),Within community,C4 Real-time trading desk,7 Unknown role,0.01478,21,15
T0167,1,Tie,EMP-04,63.283,48.099,44,Strong (two-way),Across communities,C1 Leadership core,6 Employee / Specialist,0.00863,32,30
T0167,2,Tie,DIR-01,69.375,45.275,44,Strong (two-way),Across communities,C2 Staff cluster around DIR-01,3 Director / MD,0.01936,50,9
T0168,1,Tie,EMP-09,19.119,46.56,44,Strong (two-way),Across communities,C1 Leadership core,6 Employee / Specialist,0.00223,16,79
T0168,2,Tie,UNK-09,32.175,33.629,44,Strong (two-way),Across communities,C3 Trading & logistics desk,7 Unknown role,0.00544,32,42
T0169,1,Tie,John Lavorato,38.979,45.415,44,Strong (two-way),Within community,C1 Leadership core,1 Executive,0.0922,90,3
T0169,2,Tie,UNK-13,43.096,56.021,44,Strong (two-way),Within community,C1 Leadership core,7 Unknown role,0.09633,77,2
T0170,1,Tie,DIR-03,87.324,21.527,44,Strong (two-way),Within community,C5 Gas pipeline & regulatory,3 Director / MD,0.00605,23,39
T0170,2,Tie,EMP-10,92.952,22.325,44,Strong (two-way),Within community,C5 Gas pipeline & regulatory,6 Employee / Specialist,0.00065,16,116
T0171,1,Tie,VP-04,58.757,47.451,43,Strong (two-way),Within community,C1 Leadership core,2 Vice President,0.0068,37,36
T0171,2,Tie,EMP-15,62.704,54.179,43,Strong (two-way),Within community,C1 Leadership core,6 Employee / Specialist,0.0018,22,89
T0172,1,Tie,VP-14,83.915,28.874,43,Strong (two-way),Within community,C5 Gas pipeline & regulatory,2 Vice President,0.00518,24,44
T0172,2,Tie,VP-06,87.366,26.063,43,Strong (two-way),Within community,C5 Gas pipeline & regulatory,2 Vice President,0.00853,29,32
T0173,1,Tie,VP-08,47.328,34.336,42,Strong (two-way),Within community,C1 Leadership core,2 Vice President,0.01408,41,16
T0173,2,Tie,Louise Kitchen,49.827,46.741,42,Strong (two-way),Within community,C1 Leadership core,1 Executive,0.02954,64,6
T0174,1,Tie,EMP-17,54.766,91.177,42,Strong (two-way),Within community,C4 Real-time trading desk,6 Employee / Specialist,0.00113,13,104
T0174,2,Tie,EMP-26,54.667,96.295,42,Strong (two-way),Within community,C4 Real-time trading desk,6 Employee / Specialist,0.00183,10,88
T0175,1,Tie,UNK-24,96.491,18.037,42,Strong (two-way),Within community,C5 Gas pipeline & regulatory,7 Unknown role,0.00054,13,122
T0175,2,Tie,UNK-07,91.477,25.208,42,Strong (two-way),Within community,C5 Gas pipeline & regulatory,7 Unknown role,0.00173,19,91
T0176,1,Tie,VP-15,36.691,52.362,42,Strong (two-way),Within community,C1 Leadership core,2 Vice President,0.00777,42,34
T0176,2,Tie,VP-09,51.177,56.265,42,Strong (two-way),Within community,C1 Leadership core,2 Vice President,0.02052,51,8
T0177,1,Tie,VP-11,39.259,37.901,42,Strong (two-way),Within community,C1 Leadership core,2 Vice President,0.01084,46,19
T0177,2,Tie,Louise Kitchen,49.827,46.741,42,Strong (two-way),Within community,C1 Leadership core,1 Executive,0.02954,64,6
T0178,1,Tie,John Lavorato,38.979,45.415,42,Strong (two-way),Across communities,C1 Leadership core,1 Executive,0.0922,90,3
T0178,2,Tie,MGR-01,35.494,30.233,42,Strong (two-way),Across communities,C3 Trading & logistics desk,4 Manager,0.01291,48,17
T0179,1,Tie,UNK-12,56.107,18.185,42,Strong (two-way),Within community,C7 Staff cluster around UNK-12,7 Unknown role,0.00274,20,69
T0179,2,Tie,EMP-22,57.4,12.538,42,Strong (two-way),Within community,C7 Staff cluster around UNK-12,6 Employee / Specialist,0.00041,10,129
T0180,1,Tie,EMP-04,63.283,48.099,41,Strong (two-way),Across communities,C1 Leadership core,6 Employee / Specialist,0.00863,32,30
T0180,2,Tie,EMP-16,76.053,54.902,41,Strong (two-way),Across communities,C2 Staff cluster around DIR-01,6 Employee / Specialist,0.0037,23,56
T0181,1,Tie,Greg Whalley,48.76,51.913,41,Strong (two-way),Within community,C1 Leadership core,1 Executive,0.00335,36,60
T0181,2,Tie,VP-03,57.344,43.184,41,Strong (two-way),Within community,C1 Leadership core,2 Vice President,0.00417,36,49
T0182,1,Tie,Greg Whalley,48.76,51.913,41,Weak (one-way),Within community,C1 Leadership core,1 Executive,0.00335,36,60
T0182,2,Tie,UNK-11,55.402,49.902,41,Weak (one-way),Within community,C1 Leadership core,7 Unknown role,0.0023,26,75
T0183,1,Tie,VP-11,39.259,37.901,41,Strong (two-way),Within community,C1 Leadership core,2 Vice President,0.01084,46,19
T0183,2,Tie,VP-10,34.079,39.448,41,Strong (two-way),Within community,C1 Leadership core,2 Vice President,0.01489,50,14
T0184,1,Tie,EMP-12,30.256,29.16,41,Strong (two-way),Within community,C3 Trading & logistics desk,6 Employee / Specialist,0.01509,43,13
T0184,2,Tie,MGR-01,35.494,30.233,41,Strong (two-way),Within community,C3 Trading & logistics desk,4 Manager,0.01291,48,17
T0185,1,Tie,VP-04,58.757,47.451,40,Strong (two-way),Within community,C1 Leadership core,2 Vice President,0.0068,37,36
T0185,2,Tie,UNK-26,55.912,57.193,40,Strong (two-way),Within community,C1 Leadership core,7 Unknown role,0.00198,27,83
T0186,1,Tie,EMP-15,62.704,54.179,40,Strong (two-way),Within community,C1 Leadership core,6 Employee / Specialist,0.0018,22,89
T0186,2,Tie,UNK-11,55.402,49.902,40,Strong (two-way),Within community,C1 Leadership core,7 Unknown role,0.0023,26,75
T0187,1,Tie,John Lavorato,38.979,45.415,40,Strong (two-way),Within community,C1 Leadership core,1 Executive,0.0922,90,3
T0187,2,Tie,VP-10,34.079,39.448,40,Strong (two-way),Within community,C1 Leadership core,2 Vice President,0.01489,50,14
T0188,1,Tie,VP-12,32.784,48.84,39,Strong (two-way),Across communities,C1 Leadership core,2 Vice President,0.00517,39,45
T0188,2,Tie,EMP-02,74.685,46.468,39,Strong (two-way),Across communities,C2 Staff cluster around DIR-01,6 Employee / Specialist,0.00962,37,22
T0189,1,Tie,DIR-02,59.18,52.06,39,Strong (two-way),Within community,C1 Leadership core,3 Director / MD,0.00907,40,26
T0189,2,Tie,UNK-26,55.912,57.193,39,Strong (two-way),Within community,C1 Leadership core,7 Unknown role,0.00198,27,83
T0190,1,Tie,VP-03,57.344,43.184,39,Strong (two-way),Across communities,C1 Leadership core,2 Vice President,0.00417,36,49
T0190,2,Tie,VP-07,83.649,23.867,39,Strong (two-way),Across communities,C5 Gas pipeline & regulatory,2 Vice President,0.00379,23,54
T0191,1,Tie,UNK-11,55.402,49.902,39,Weak (one-way),Within community,C1 Leadership core,7 Unknown role,0.0023,26,75
T0191,2,Tie,Kenneth Lay,53.65,33.485,39,Weak (one-way),Within community,C1 Leadership core,1 Executive,0.04035,62,5
T0192,1,Tie,UNK-13,43.096,56.021,39,Strong (two-way),Within community,C1 Leadership core,7 Unknown role,0.09633,77,2
T0192,2,Tie,UNK-14,55.245,53.635,39,Strong (two-way),Within community,C1 Leadership core,7 Unknown role,0.00278,24,68
T0193,1,Tie,Jeffrey Shankman,45.462,49.371,38,Strong (two-way),Within community,C1 Leadership core,1 Executive,0.00152,31,96
T0193,2,Tie,MGR-04,52.35,51.586,38,Strong (two-way),Within community,C1 Leadership core,4 Manager,0.00157,26,94
T0194,1,Tie,VP-04,58.757,47.451,38,Strong (two-way),Within community,C1 Leadership core,2 Vice President,0.0068,37,36
T0194,2,Tie,VP-03,57.344,43.184,38,Strong (two-way),Within community,C1 Leadership core,2 Vice President,0.00417,36,49
T0195,1,Tie,EMP-14,75.702,38.35,38,Strong (two-way),Within community,C2 Staff cluster around DIR-01,6 Employee / Specialist,0.00471,25,46
T0195,2,Tie,UNK-22,79.836,44.96,38,Strong (two-way),Within community,C2 Staff cluster around DIR-01,7 Unknown role,0.00246,23,72
T0196,1,Tie,UNK-10,76.803,42.413,38,Strong (two-way),Within community,C2 Staff cluster around DIR-01,7 Unknown role,0.00572,28,41
T0196,2,Tie,UNK-36,80.635,40.752,38,Strong (two-way),Within community,C2 Staff cluster around DIR-01,7 Unknown role,0.00134,16,101
T0197,1,Tie,VP-01,56.668,38.816,38,Strong (two-way),Within community,C1 Leadership core,2 Vice President,0.00935,35,24
T0197,2,Tie,EMP-04,63.283,48.099,38,Strong (two-way),Within community,C1 Leadership core,6 Employee / Specialist,0.00863,32,30
T0198,1,Tie,DIR-11,29.851,40.726,38,Strong (two-way),Within community,C1 Leadership core,3 Director / MD,0.00164,23,92
T0198,2,Tie,VP-10,34.079,39.448,38,Strong (two-way),Within community,C1 Leadership core,2 Vice President,0.01489,50,14
T0199,1,Tie,UNK-11,55.402,49.902,38,Strong (two-way),Within community,C1 Leadership core,7 Unknown role,0.0023,26,75
T0199,2,Tie,MGR-04,52.35,51.586,38,Strong (two-way),Within community,C1 Leadership core,4 Manager,0.00157,26,94
T0200,1,Tie,UNK-07,91.477,25.208,38,Strong (two-way),Within community,C5 Gas pipeline & regulatory,7 Unknown role,0.00173,19,91
T0200,2,Tie,UNK-15,93.947,19.517,38,Strong (two-way),Within community,C5 Gas pipeline & regulatory,7 Unknown role,0.00044,15,128
T0201,1,Tie,VP-16,42.923,32.26,37,Strong (two-way),Within community,C1 Leadership core,2 Vice President,0.0064,30,37
T0201,2,Tie,John Lavorato,38.979,45.415,37,Strong (two-way),Within community,C1 Leadership core,1 Executive,0.0922,90,3
T0202,1,Tie,UNK-03,48.243,90.859,37,Strong (two-way),Across communities,C4 Real-time trading desk,7 Unknown role,0.01478,21,15
T0202,2,Tie,EMP-16,76.053,54.902,37,Strong (two-way),Across communities,C2 Staff cluster around DIR-01,6 Employee / Specialist,0.0037,23,56
T0203,1,Tie,VP-17,37.06,59.175,37,Strong (two-way),Within community,C1 Leadership core,2 Vice President,0.00186,22,87
T0203,2,Tie,VP-09,51.177,56.265,37,Strong (two-way),Within community,C1 Leadership core,2 Vice President,0.02052,51,8
T0204,1,Tie,David Delainey,53.102,42.037,37,Weak (one-way),Within community,C1 Leadership core,1 Executive,0.00884,44,28
T0204,2,Tie,UNK-11,55.402,49.902,37,Weak (one-way),Within community,C1 Leadership core,7 Unknown role,0.0023,26,75
T0205,1,Tie,EMP-04,63.283,48.099,37,Strong (two-way),Across communities,C1 Leadership core,6 Employee / Specialist,0.00863,32,30
T0205,2,Tie,EMP-02,74.685,46.468,37,Strong (two-way),Across communities,C2 Staff cluster around DIR-01,6 Employee / Specialist,0.00962,37,22
T0206,1,Tie,VP-07,83.649,23.867,37,Strong (two-way),Within community,C5 Gas pipeline & regulatory,2 Vice President,0.00379,23,54
T0206,2,Tie,MGR-06,98.418,20.504,37,Strong (two-way),Within community,C5 Gas pipeline & regulatory,4 Manager,0.00126,16,102
T0207,1,Tie,Jeffrey Shankman,45.462,49.371,36,Strong (two-way),Within community,C1 Leadership core,1 Executive,0.00152,31,96
T0207,2,Tie,John Lavorato,38.979,45.415,36,Strong (two-way),Within community,C1 Leadership core,1 Executive,0.0922,90,3
T0208,1,Tie,UNK-08,71.713,40.4,36,Strong (two-way),Within community,C2 Staff cluster around DIR-01,7 Unknown role,0.00916,31,25
T0208,2,Tie,UNK-18,66.784,40.629,36,Strong (two-way),Within community,C2 Staff cluster around DIR-01,7 Unknown role,0.00881,25,29
T0209,1,Tie,UNK-11,55.402,49.902,36,Strong (two-way),Within community,C1 Leadership core,7 Unknown role,0.0023,26,75
T0209,2,Tie,UNK-14,55.245,53.635,36,Strong (two-way),Within community,C1 Leadership core,7 Unknown role,0.00278,24,68
T0210,1,Tie,UNK-11,55.402,49.902,35,Weak (one-way),Across communities,C1 Leadership core,7 Unknown role,0.0023,26,75
T0210,2,Tie,Stanley Horton,79.267,30.357,35,Weak (one-way),Across communities,C5 Gas pipeline & regulatory,1 Executive,0.01057,33,20
T0211,1,Tie,VP-05,31.959,43.993,35,Weak (one-way),Across communities,C1 Leadership core,2 Vice President,0.00619,42,38
T0211,2,Tie,UNK-01,71.717,50.254,35,Weak (one-way),Across communities,C2 Staff cluster around DIR-01,7 Unknown role,0.00896,38,27
T0212,1,Tie,Jeffrey Shankman,45.462,49.371,34,Weak (one-way),Within community,C1 Leadership core,1 Executive,0.00152,31,96
T0212,2,Tie,UNK-11,55.402,49.902,34,Weak (one-way),Within community,C1 Leadership core,7 Unknown role,0.0023,26,75
T0213,1,Tie,TRD-05,54.232,84.49,34,Strong (two-way),Within community,C4 Real-time trading desk,5 Trader,0.0086,16,31
T0213,2,Tie,EMP-08,52.334,88.455,34,Strong (two-way),Within community,C4 Real-time trading desk,6 Employee / Specialist,0.00443,17,48
T0214,1,Tie,DIR-02,59.18,52.06,34,Strong (two-way),Within community,C1 Leadership core,3 Director / MD,0.00907,40,26
T0214,2,Tie,UNK-11,55.402,49.902,34,Strong (two-way),Within community,C1 Leadership core,7 Unknown role,0.0023,26,75
T0215,1,Tie,DIR-02,59.18,52.06,34,Strong (two-way),Within community,C1 Leadership core,3 Director / MD,0.00907,40,26
T0215,2,Tie,John Lavorato,38.979,45.415,34,Strong (two-way),Within community,C1 Leadership core,1 Executive,0.0922,90,3
T0216,1,Tie,Sally Beck,28.287,54.57,34,Strong (two-way),Across communities,C1 Leadership core,1 Executive,0.10151,81,1
T0216,2,Tie,UNK-31,64.486,59.831,34,Strong (two-way),Across communities,C2 Staff cluster around DIR-01,7 Unknown role,0.00825,25,33
T0217,1,Tie,EMP-22,57.4,12.538,34,Strong (two-way),Within community,C7 Staff cluster around UNK-12,6 Employee / Specialist,0.00041,10,129
T0217,2,Tie,EMP-23,53.353,10.749,34,Strong (two-way),Within community,C7 Staff cluster around UNK-12,6 Employee / Specialist,0.00046,11,126
T0218,1,Tie,VP-14,83.915,28.874,33,Strong (two-way),Within community,C5 Gas pipeline & regulatory,2 Vice President,0.00518,24,44
T0218,2,Tie,Stanley Horton,79.267,30.357,33,Strong (two-way),Within community,C5 Gas pipeline & regulatory,1 Executive,0.01057,33,20
T0219,1,Tie,UNK-16,39.842,29.775,33,Strong (two-way),Across communities,C3 Trading & logistics desk,7 Unknown role,0.00203,21,82
T0219,2,Tie,UNK-01,71.717,50.254,33,Strong (two-way),Across communities,C2 Staff cluster around DIR-01,7 Unknown role,0.00896,38,27
T0220,1,Tie,EMP-08,52.334,88.455,33,Strong (two-way),Within community,C4 Real-time trading desk,6 Employee / Specialist,0.00443,17,48
T0220,2,Tie,UNK-34,54.346,99.414,33,Strong (two-way),Within community,C4 Real-time trading desk,7 Unknown role,0.00013,8,143
T0221,1,Tie,Jeffrey Shankman,45.462,49.371,32,Strong (two-way),Within community,C1 Leadership core,1 Executive,0.00152,31,96
T0221,2,Tie,VP-05,31.959,43.993,32,Strong (two-way),Within community,C1 Leadership core,2 Vice President,0.00619,42,38
T0222,1,Tie,VP-08,47.328,34.336,32,Strong (two-way),Across communities,C1 Leadership core,2 Vice President,0.01408,41,16
T0222,2,Tie,UNK-18,66.784,40.629,32,Strong (two-way),Across communities,C2 Staff cluster around DIR-01,7 Unknown role,0.00881,25,29
T0223,1,Tie,UNK-25,100.0,25.093,32,Strong (two-way),Within community,C5 Gas pipeline & regulatory,7 Unknown role,0.00241,15,73
T0223,2,Tie,MGR-06,98.418,20.504,32,Strong (two-way),Within community,C5 Gas pipeline & regulatory,4 Manager,0.00126,16,102
T0224,1,Tie,David Delainey,53.102,42.037,32,Strong (two-way),Within community,C1 Leadership core,1 Executive,0.00884,44,28
T0224,2,Tie,VP-02,61.128,43.002,32,Strong (two-way),Within community,C1 Leadership core,2 Vice President,0.00227,30,76
T0225,1,Tie,EMP-02,74.685,46.468,32,Strong (two-way),Within community,C2 Staff cluster around DIR-01,6 Employee / Specialist,0.00962,37,22
T0225,2,Tie,UNK-05,81.349,49.754,32,Strong (two-way),Within community,C2 Staff cluster around DIR-01,7 Unknown role,0.00036,15,134
T0226,1,Tie,DIR-10,30.08,37.093,32,Strong (two-way),Within community,C1 Leadership core,3 Director / MD,0.00336,28,59
T0226,2,Tie,Louise Kitchen,49.827,46.741,32,Strong (two-way),Within community,C1 Leadership core,1 Executive,0.02954,64,6
T0227,1,Tie,Greg Whalley,48.76,51.913,32,Strong (two-way),Within community,C1 Leadership core,1 Executive,0.00335,36,60
T0227,2,Tie,MGR-03,49.98,38.558,32,Strong (two-way),Within community,C1 Leadership core,4 Manager,0.00775,38,35
T0228,1,Tie,Greg Whalley,48.76,51.913,32,Weak (one-way),Within community,C1 Leadership core,1 Executive,0.00335,36,60
T0228,2,Tie,EMP-01,62.027,38.131,32,Weak (one-way),Within community,C1 Leadership core,6 Employee / Specialist,0.0209,38,7
T0229,1,Tie,UNK-22,79.836,44.96,32,Strong (two-way),Within community,C2 Staff cluster around DIR-01,7 Unknown role,0.00246,23,72
T0229,2,Tie,UNK-02,78.472,48.307,32,Strong (two-way),Within community,C2 Staff cluster around DIR-01,7 Unknown role,0.00225,26,78
T0230,1,Tie,UNK-19,24.57,43.021,32,Strong (two-way),Within community,C1 Leadership core,7 Unknown role,0.0029,26,67
T0230,2,Tie,DIR-06,22.447,47.023,32,Strong (two-way),Within community,C1 Leadership core,3 Director / MD,0.00094,17,110
T0231,1,Tie,MGR-02,45.315,40.729,32,Strong (two-way),Across communities,C1 Leadership core,4 Manager,0.0175,54,11
T0231,2,Tie,EMP-05,26.599,23.515,32,Strong (two-way),Across communities,C3 Trading & logistics desk,6 Employee / Specialist,0.00416,28,50
T0232,1,Tie,Jeffrey Shankman,45.462,49.371,31,Strong (two-way),Within community,C1 Leadership core,1 Executive,0.00152,31,96
T0232,2,Tie,Greg Whalley,48.76,51.913,31,Strong (two-way),Within community,C1 Leadership core,1 Executive,0.00335,36,60
T0233,1,Tie,VP-08,47.328,34.336,31,Strong (two-way),Within community,C1 Leadership core,2 Vice President,0.01408,41,16
T0233,2,Tie,John Lavorato,38.979,45.415,31,Strong (two-way),Within community,C1 Leadership core,1 Executive,0.0922,90,3
T0234,1,Tie,UNK-21,59.246,57.418,31,Weak (one-way),Within community,C1 Leadership core,7 Unknown role,0.00101,13,108
T0234,2,Tie,UNK-11,55.402,49.902,31,Weak (one-way),Within community,C1 Leadership core,7 Unknown role,0.0023,26,75
T0235,1,Tie,VP-12,32.784,48.84,30,Strong (two-way),Across communities,C1 Leadership core,2 Vice President,0.00517,39,45
T0235,2,Tie,UNK-01,71.717,50.254,30,Strong (two-way),Across communities,C2 Staff cluster around DIR-01,7 Unknown role,0.00896,38,27
T0236,1,Tie,VP-14,83.915,28.874,30,Strong (two-way),Within community,C5 Gas pipeline & regulatory,2 Vice President,0.00518,24,44
T0236,2,Tie,VP-07,83.649,23.867,30,Strong (two-way),Within community,C5 Gas pipeline & regulatory,2 Vice President,0.00379,23,54
T0237,1,Tie,UNK-10,76.803,42.413,30,Strong (two-way),Within community,C2 Staff cluster around DIR-01,7 Unknown role,0.00572,28,41
T0237,2,Tie,UNK-18,66.784,40.629,30,Strong (two-way),Within community,C2 Staff cluster around DIR-01,7 Unknown role,0.00881,25,29
T0238,1,Tie,DIR-02,59.18,52.06,30,Strong (two-way),Within community,C1 Leadership core,3 Director / MD,0.00907,40,26
T0238,2,Tie,EMP-15,62.704,54.179,30,Strong (two-way),Within community,C1 Leadership core,6 Employee / Specialist,0.0018,22,89
T0239,1,Tie,EMP-04,63.283,48.099,30,Strong (two-way),Within community,C1 Leadership core,6 Employee / Specialist,0.00863,32,30
T0239,2,Tie,Louise Kitchen,49.827,46.741,30,Strong (two-way),Within community,C1 Leadership core,1 Executive,0.02954,64,6
T0240,1,Tie,EMP-04,63.283,48.099,30,Strong (two-way),Across communities,C1 Leadership core,6 Employee / Specialist,0.00863,32,30
T0240,2,Tie,UNK-05,81.349,49.754,30,Strong (two-way),Across communities,C2 Staff cluster around DIR-01,7 Unknown role,0.00036,15,134
T0241,1,Tie,VP-15,36.691,52.362,30,Strong (two-way),Within community,C1 Leadership core,2 Vice President,0.00777,42,34
T0241,2,Tie,John Lavorato,38.979,45.415,30,Strong (two-way),Within community,C1 Leadership core,1 Executive,0.0922,90,3
T0242,1,Tie,DIR-08,29.195,47.035,30,Strong (two-way),Within community,C1 Leadership core,3 Director / MD,0.00342,30,58
T0242,2,Tie,VP-10,34.079,39.448,30,Strong (two-way),Within community,C1 Leadership core,2 Vice President,0.01489,50,14
T0243,1,Tie,Jeffrey Shankman,45.462,49.371,29,Strong (two-way),Within community,C1 Leadership core,1 Executive,0.00152,31,96
T0243,2,Tie,Louise Kitchen,49.827,46.741,29,Strong (two-way),Within community,C1 Leadership core,1 Executive,0.02954,64,6
T0244,1,Tie,VP-04,58.757,47.451,29,Strong (two-way),Across communities,C1 Leadership core,2 Vice President,0.0068,37,36
T0244,2,Tie,DIR-01,69.375,45.275,29,Strong (two-way),Across communities,C2 Staff cluster around DIR-01,3 Director / MD,0.01936,50,9
T0245,1,Tie,David Delainey,53.102,42.037,29,Strong (two-way),Within community,C1 Leadership core,1 Executive,0.00884,44,28
T0245,2,Tie,Greg Whalley,48.76,51.913,29,Strong (two-way),Within community,C1 Leadership core,1 Executive,0.00335,36,60
T0246,1,Tie,David Delainey,53.102,42.037,29,Strong (two-way),Within community,C1 Leadership core,1 Executive,0.00884,44,28
T0246,2,Tie,VP-03,57.344,43.184,29,Strong (two-way),Within community,C1 Leadership core,2 Vice President,0.00417,36,49
T0247,1,Tie,EMP-01,62.027,38.131,29,Strong (two-way),Across communities,C1 Leadership core,6 Employee / Specialist,0.0209,38,7
T0247,2,Tie,VP-07,83.649,23.867,29,Strong (two-way),Across communities,C5 Gas pipeline & regulatory,2 Vice President,0.00379,23,54
T0248,1,Tie,UNK-19,24.57,43.021,29,Strong (two-way),Within community,C1 Leadership core,7 Unknown role,0.0029,26,67
T0248,2,Tie,DIR-07,25.647,46.416,29,Strong (two-way),Within community,C1 Leadership core,3 Director / MD,0.00151,22,97
T0249,1,Tie,John Lavorato,38.979,45.415,29,Strong (two-way),Within community,C1 Leadership core,1 Executive,0.0922,90,3
T0249,2,Tie,VP-02,61.128,43.002,29,Strong (two-way),Within community,C1 Leadership core,2 Vice President,0.00227,30,76
T0250,1,Tie,Louise Kitchen,49.827,46.741,29,Strong (two-way),Within community,C1 Leadership core,1 Executive,0.02954,64,6
T0250,2,Tie,VP-02,61.128,43.002,29,Strong (two-way),Within community,C1 Leadership core,2 Vice President,0.00227,30,76
T0251,1,Tie,EMP-05,26.599,23.515,29,Strong (two-way),Within community,C3 Trading & logistics desk,6 Employee / Specialist,0.00416,28,50
T0251,2,Tie,TRD-04,33.638,21.922,29,Strong (two-way),Within community,C3 Trading & logistics desk,5 Trader,0.00325,28,63
T0252,1,Tie,UNK-33,38.943,33.417,28,Strong (two-way),Within community,C1 Leadership core,7 Unknown role,0.00371,18,55
T0252,2,Tie,VP-10,34.079,39.448,28,Strong (two-way),Within community,C1 Leadership core,2 Vice President,0.01489,50,14
T0253,1,Tie,Jeffrey Shankman,45.462,49.371,28,Strong (two-way),Within community,C1 Leadership core,1 Executive,0.00152,31,96
T0253,2,Tie,David Delainey,53.102,42.037,28,Strong (two-way),Within community,C1 Leadership core,1 Executive,0.00884,44,28
T0254,1,Tie,EMP-06,66.911,51.448,28,Strong (two-way),Within community,C2 Staff cluster around DIR-01,6 Employee / Specialist,0.01223,32,18
T0254,2,Tie,EMP-31,73.852,57.529,28,Strong (two-way),Within community,C2 Staff cluster around DIR-01,6 Employee / Specialist,0.00046,9,125
T0255,1,Tie,UNK-24,96.491,18.037,28,Strong (two-way),Within community,C5 Gas pipeline & regulatory,7 Unknown role,0.00054,13,122
T0255,2,Tie,EMP-07,90.766,20.225,28,Strong (two-way),Within community,C5 Gas pipeline & regulatory,6 Employee / Specialist,0.00065,16,117
T0256,1,Tie,VP-01,56.668,38.816,28,Strong (two-way),Within community,C1 Leadership core,2 Vice President,0.00935,35,24
T0256,2,Tie,MGR-02,45.315,40.729,28,Strong (two-way),Within community,C1 Leadership core,4 Manager,0.0175,54,11
T0257,1,Tie,VP-01,56.668,38.816,28,Strong (two-way),Within community,C1 Leadership core,2 Vice President,0.00935,35,24
T0257,2,Tie,UNK-32,58.576,34.72,28,Strong (two-way),Within community,C1 Leadership core,7 Unknown role,0.0002,10,140
T0258,1,Tie,VP-01,56.668,38.816,28,Strong (two-way),Across communities,C1 Leadership core,2 Vice President,0.00935,35,24
T0258,2,Tie,UNK-04,45.541,26.096,28,Strong (two-way),Across communities,C3 Trading & logistics desk,7 Unknown role,0.06907,59,4
T0259,1,Tie,EMP-02,74.685,46.468,28,Strong (two-way),Within community,C2 Staff cluster around DIR-01,6 Employee / Specialist,0.00962,37,22
T0259,2,Tie,EMP-11,82.571,47.041,28,Strong (two-way),Within community,C2 Staff cluster around DIR-01,6 Employee / Specialist,0.00074,13,114
T0260,1,Tie,UNK-08,71.713,40.4,28,Strong (two-way),Across communities,C2 Staff cluster around DIR-01,7 Unknown role,0.00916,31,25
T0260,2,Tie,UNK-04,45.541,26.096,28,Strong (two-way),Across communities,C3 Trading & logistics desk,7 Unknown role,0.06907,59,4
T0261,1,Tie,VP-11,39.259,37.901,28,Strong (two-way),Across communities,C1 Leadership core,2 Vice President,0.01084,46,19
T0261,2,Tie,MGR-01,35.494,30.233,28,Strong (two-way),Across communities,C3 Trading & logistics desk,4 Manager,0.01291,48,17
T0262,1,Tie,VP-09,51.177,56.265,28,Strong (two-way),Across communities,C1 Leadership core,2 Vice President,0.02052,51,8
T0262,2,Tie,EMP-03,75.939,51.018,28,Strong (two-way),Across communities,C2 Staff cluster around DIR-01,6 Employee / Specialist,0.00332,23,62
T0263,1,Tie,Louise Kitchen,49.827,46.741,28,Strong (two-way),Within community,C1 Leadership core,1 Executive,0.02954,64,6
T0263,2,Tie,UNK-14,55.245,53.635,28,Strong (two-way),Within community,C1 Leadership core,7 Unknown role,0.00278,24,68
T0264,1,Tie,UNK-33,38.943,33.417,27,Weak (one-way),Within community,C1 Leadership core,7 Unknown role,0.00371,18,55
T0264,2,Tie,EMP-33,57.558,30.343,27,Weak (one-way),Within community,C1 Leadership core,6 Employee / Specialist,7e-05,4,145
T0265,1,Tie,UNK-25,100.0,25.093,27,Strong (two-way),Within community,C5 Gas pipeline & regulatory,7 Unknown role,0.00241,15,73
T0265,2,Tie,UNK-17,96.938,23.462,27,Strong (two-way),Within community,C5 Gas pipeline & regulatory,7 Unknown role,0.00138,15,99
T0266,1,Tie,UNK-06,79.455,52.513,27,Strong (two-way),Within community,C2 Staff cluster around DIR-01,7 Unknown role,0.00323,23,64
T0266,2,Tie,UNK-22,79.836,44.96,27,Strong (two-way),Within community,C2 Staff cluster around DIR-01,7 Unknown role,0.00246,23,72
T0267,1,Tie,EMP-25,72.178,10.553,27,Strong (two-way),Across communities,C6 Trading & logistics desk (TRD-02),6 Employee / Specialist,0.00401,13,51
T0267,2,Tie,DIR-03,87.324,21.527,27,Strong (two-way),Across communities,C5 Gas pipeline & regulatory,3 Director / MD,0.00605,23,39
T0268,1,Tie,VP-13,30.535,24.387,27,Strong (two-way),Across communities,C3 Trading & logistics desk,2 Vice President,0.00448,28,47
T0268,2,Tie,MGR-02,45.315,40.729,27,Strong (two-way),Across communities,C1 Leadership core,4 Manager,0.0175,54,11
T0269,1,Tie,MGR-03,49.98,38.558,27,Strong (two-way),Within community,C1 Leadership core,4 Manager,0.00775,38,35
T0269,2,Tie,John Lavorato,38.979,45.415,27,Strong (two-way),Within community,C1 Leadership core,1 Executive,0.0922,90,3
T0270,1,Tie,MGR-03,49.98,38.558,27,Strong (two-way),Across communities,C1 Leadership core,4 Manager,0.00775,38,35
T0270,2,Tie,UNK-07,91.477,25.208,27,Strong (two-way),Across communities,C5 Gas pipeline & regulatory,7 Unknown role,0.00173,19,91
T0271,1,Tie,MGR-03,49.98,38.558,27,Strong (two-way),Within community,C1 Leadership core,4 Manager,0.00775,38,35
T0271,2,Tie,Louise Kitchen,49.827,46.741,27,Strong (two-way),Within community,C1 Leadership core,1 Executive,0.02954,64,6
T0272,1,Tie,UNK-11,55.402,49.902,27,Strong (two-way),Within community,C1 Leadership core,7 Unknown role,0.0023,26,75
T0272,2,Tie,John Lavorato,38.979,45.415,27,Strong (two-way),Within community,C1 Leadership core,1 Executive,0.0922,90,3
T0273,1,Tie,EMP-16,76.053,54.902,27,Strong (two-way),Within community,C2 Staff cluster around DIR-01,6 Employee / Specialist,0.0037,23,56
T0273,2,Tie,EMP-03,75.939,51.018,27,Strong (two-way),Within community,C2 Staff cluster around DIR-01,6 Employee / Specialist,0.00332,23,62
T0274,1,Tie,EMP-10,92.952,22.325,27,Strong (two-way),Within community,C5 Gas pipeline & regulatory,6 Employee / Specialist,0.00065,16,116
T0274,2,Tie,UNK-15,93.947,19.517,27,Strong (two-way),Within community,C5 Gas pipeline & regulatory,7 Unknown role,0.00044,15,128
T0275,1,Tie,UNK-24,96.491,18.037,26,Strong (two-way),Within community,C5 Gas pipeline & regulatory,7 Unknown role,0.00054,13,122
T0275,2,Tie,VP-07,83.649,23.867,26,Strong (two-way),Within community,C5 Gas pipeline & regulatory,2 Vice President,0.00379,23,54
T0276,1,Tie,Jeffery Skilling,54.936,46.157,26,Strong (two-way),Within community,C1 Leadership core,1 Executive,0.00251,32,71
T0276,2,Tie,VP-03,57.344,43.184,26,Strong (two-way),Within community,C1 Leadership core,2 Vice President,0.00417,36,49
T0277,1,Tie,UNK-11,55.402,49.902,26,Weak (one-way),Within community,C1 Leadership core,7 Unknown role,0.0023,26,75
T0277,2,Tie,Louise Kitchen,49.827,46.741,26,Weak (one-way),Within community,C1 Leadership core,1 Executive,0.02954,64,6
T0278,1,Tie,MGR-02,45.315,40.729,26,Strong (two-way),Across communities,C1 Leadership core,4 Manager,0.0175,54,11
T0278,2,Tie,UNK-29,30.31,20.866,26,Strong (two-way),Across communities,C3 Trading & logistics desk,7 Unknown role,0.00053,17,124
T0279,1,Tie,UNK-07,91.477,25.208,26,Strong (two-way),Within community,C5 Gas pipeline & regulatory,7 Unknown role,0.00173,19,91
T0279,2,Tie,EMP-13,94.721,25.85,26,Strong (two-way),Within community,C5 Gas pipeline & regulatory,6 Employee / Specialist,0.00101,17,107
T0280,1,Tie,VP-16,42.923,32.26,25,Strong (two-way),Across communities,C1 Leadership core,2 Vice President,0.0064,30,37
T0280,2,Tie,TRD-01,37.205,23.423,25,Strong (two-way),Across communities,C3 Trading & logistics desk,5 Trader,0.00193,21,84
T0281,1,Tie,VP-16,42.923,32.26,25,Strong (two-way),Within community,C1 Leadership core,2 Vice President,0.0064,30,37
T0281,2,Tie,TRD-07,35.705,35.251,25,Strong (two-way),Within community,C1 Leadership core,5 Trader,0.00211,23,81
T0282,1,Tie,UNK-06,79.455,52.513,25,Strong (two-way),Within community,C2 Staff cluster around DIR-01,7 Unknown role,0.00323,23,64
T0282,2,Tie,UNK-31,64.486,59.831,25,Strong (two-way),Within community,C2 Staff cluster around DIR-01,7 Unknown role,0.00825,25,33
T0283,1,Tie,UNK-10,76.803,42.413,25,Strong (two-way),Across communities,C2 Staff cluster around DIR-01,7 Unknown role,0.00572,28,41
T0283,2,Tie,EMP-22,57.4,12.538,25,Strong (two-way),Across communities,C7 Staff cluster around UNK-12,6 Employee / Specialist,0.00041,10,129
T0284,1,Tie,VP-06,87.366,26.063,25,Strong (two-way),Across communities,C5 Gas pipeline & regulatory,2 Vice President,0.00853,29,32
T0284,2,Tie,EMP-01,62.027,38.131,25,Strong (two-way),Across communities,C1 Leadership core,6 Employee / Specialist,0.0209,38,7
T0285,1,Tie,VP-06,87.366,26.063,25,Strong (two-way),Within community,C5 Gas pipeline & regulatory,2 Vice President,0.00853,29,32
T0285,2,Tie,Stanley Horton,79.267,30.357,25,Strong (two-way),Within community,C5 Gas pipeline & regulatory,1 Executive,0.01057,33,20
T0286,1,Tie,UNK-11,55.402,49.902,25,Weak (one-way),Within community,C1 Leadership core,7 Unknown role,0.0023,26,75
T0286,2,Tie,UNK-13,43.096,56.021,25,Weak (one-way),Within community,C1 Leadership core,7 Unknown role,0.09633,77,2
T0287,1,Tie,John Lavorato,38.979,45.415,25,Strong (two-way),Within community,C1 Leadership core,1 Executive,0.0922,90,3
T0287,2,Tie,VP-18,35.303,56.167,25,Strong (two-way),Within community,C1 Leadership core,2 Vice President,0.0019,20,86
T0288,1,Tie,EMP-29,43.337,36.48,24,Strong (two-way),Across communities,C1 Leadership core,6 Employee / Specialist,0.00252,17,70
T0288,2,Tie,TRD-02,64.748,22.504,24,Strong (two-way),Across communities,C6 Trading & logistics desk (TRD-02),5 Trader,0.00349,21,57
T0289,1,Tie,EMP-28,26.594,39.479,24,Strong (two-way),Within community,C1 Leadership core,6 Employee / Specialist,0.00226,22,77
T0289,2,Tie,VP-10,34.079,39.448,24,Strong (two-way),Within community,C1 Leadership core,2 Vice President,0.01489,50,14
T0290,1,Tie,MGR-05,24.631,30.139,24,Weak (one-way),Within community,C3 Trading & logistics desk,4 Manager,0.00578,27,40
T0290,2,Tie,DIR-04,27.548,32.805,24,Weak (one-way),Within community,C3 Trading & logistics desk,3 Director / MD,0.00233,26,74
T0291,1,Tie,VP-01,56.668,38.816,24,Strong (two-way),Across communities,C1 Leadership core,2 Vice President,0.00935,35,24
T0291,2,Tie,VP-07,83.649,23.867,24,Strong (two-way),Across communities,C5 Gas pipeline & regulatory,2 Vice President,0.00379,23,54
T0292,1,Tie,DIR-09,24.026,20.949,24,Weak (one-way),Across communities,C3 Trading & logistics desk,3 Director / MD,0.00119,19,103
T0292,2,Tie,MGR-02,45.315,40.729,24,Weak (one-way),Across communities,C1 Leadership core,4 Manager,0.0175,54,11
T0293,1,Tie,EMP-15,62.704,54.179,24,Strong (two-way),Within community,C1 Leadership core,6 Employee / Specialist,0.0018,22,89
T0293,2,Tie,VP-03,57.344,43.184,24,Strong (two-way),Within community,C1 Leadership core,2 Vice President,0.00417,36,49
T0294,1,Tie,VP-13,30.535,24.387,24,Strong (two-way),Across communities,C3 Trading & logistics desk,2 Vice President,0.00448,28,47
T0294,2,Tie,EMP-01,62.027,38.131,24,Strong (two-way),Across communities,C1 Leadership core,6 Employee / Specialist,0.0209,38,7
T0295,1,Tie,EMP-01,62.027,38.131,24,Strong (two-way),Within community,C1 Leadership core,6 Employee / Specialist,0.0209,38,7
T0295,2,Tie,MGR-02,45.315,40.729,24,Strong (two-way),Within community,C1 Leadership core,4 Manager,0.0175,54,11
T0296,1,Tie,VP-05,31.959,43.993,24,Strong (two-way),Within community,C1 Leadership core,2 Vice President,0.00619,42,38
T0296,2,Tie,UNK-13,43.096,56.021,24,Strong (two-way),Within community,C1 Leadership core,7 Unknown role,0.09633,77,2
T0297,1,Tie,MGR-02,45.315,40.729,24,Strong (two-way),Within community,C1 Leadership core,4 Manager,0.0175,54,11
T0297,2,Tie,VP-10,34.079,39.448,24,Strong (two-way),Within community,C1 Leadership core,2 Vice President,0.01489,50,14
T0298,1,Tie,Louise Kitchen,49.827,46.741,24,Strong (two-way),Within community,C1 Leadership core,1 Executive,0.02954,64,6
T0298,2,Tie,MGR-04,52.35,51.586,24,Strong (two-way),Within community,C1 Leadership core,4 Manager,0.00157,26,94
T0299,1,Tie,David Delainey,53.102,42.037,23,Strong (two-way),Within community,C1 Leadership core,1 Executive,0.00884,44,28
T0299,2,Tie,Louise Kitchen,49.827,46.741,23,Strong (two-way),Within community,C1 Leadership core,1 Executive,0.02954,64,6
T0300,1,Tie,TRD-02,64.748,22.504,23,Strong (two-way),Within community,C6 Trading & logistics desk (TRD-02),5 Trader,0.00349,21,57
T0300,2,Tie,MGR-12,65.006,30.431,23,Strong (two-way),Within community,C6 Trading & logistics desk (TRD-02),4 Manager,0.00045,13,127
T0301,1,Tie,EMP-19,33.272,18.097,23,Strong (two-way),Across communities,C3 Trading & logistics desk,6 Employee / Specialist,0.00335,27,61
T0301,2,Tie,EMP-22,57.4,12.538,23,Strong (two-way),Across communities,C7 Staff cluster around UNK-12,6 Employee / Specialist,0.00041,10,129
T0302,1,Tie,VP-03,57.344,43.184,23,Strong (two-way),Within community,C1 Leadership core,2 Vice President,0.00417,36,49
T0302,2,Tie,John Lavorato,38.979,45.415,23,Strong (two-way),Within community,C1 Leadership core,1 Executive,0.0922,90,3
T0303,1,Tie,VP-03,57.344,43.184,23,Strong (two-way),Within community,C1 Leadership core,2 Vice President,0.00417,36,49
T0303,2,Tie,Louise Kitchen,49.827,46.741,23,Strong (two-way),Within community,C1 Leadership core,1 Executive,0.02954,64,6
T0304,1,Tie,VP-12,32.784,48.84,22,Strong (two-way),Within community,C1 Leadership core,2 Vice President,0.00517,39,45
T0304,2,Tie,John Lavorato,38.979,45.415,22,Strong (two-way),Within community,C1 Leadership core,1 Executive,0.0922,90,3
T0305,1,Tie,VP-08,47.328,34.336,22,Strong (two-way),Across communities,C1 Leadership core,2 Vice President,0.01408,41,16
T0305,2,Tie,VP-13,30.535,24.387,22,Strong (two-way),Across communities,C3 Trading & logistics desk,2 Vice President,0.00448,28,47
T0306,1,Tie,VP-06,87.366,26.063,22,Strong (two-way),Within community,C5 Gas pipeline & regulatory,2 Vice President,0.00853,29,32
T0306,2,Tie,UNK-07,91.477,25.208,22,Strong (two-way),Within community,C5 Gas pipeline & regulatory,7 Unknown role,0.00173,19,91
T0307,1,Tie,VP-06,87.366,26.063,22,Strong (two-way),Within community,C5 Gas pipeline & regulatory,2 Vice President,0.00853,29,32
T0307,2,Tie,UNK-15,93.947,19.517,22,Strong (two-way),Within community,C5 Gas pipeline & regulatory,7 Unknown role,0.00044,15,128
T0308,1,Tie,DIR-10,30.08,37.093,22,Strong (two-way),Within community,C1 Leadership core,3 Director / MD,0.00336,28,59
T0308,2,Tie,VP-11,39.259,37.901,22,Strong (two-way),Within community,C1 Leadership core,2 Vice President,0.01084,46,19
T0309,1,Tie,UNK-22,79.836,44.96,22,Strong (two-way),Within community,C2 Staff cluster around DIR-01,7 Unknown role,0.00246,23,72
T0309,2,Tie,UNK-18,66.784,40.629,22,Strong (two-way),Within community,C2 Staff cluster around DIR-01,7 Unknown role,0.00881,25,29
T0310,1,Tie,DIR-01,69.375,45.275,22,Strong (two-way),Within community,C2 Staff cluster around DIR-01,3 Director / MD,0.01936,50,9
T0310,2,Tie,UNK-05,81.349,49.754,22,Strong (two-way),Within community,C2 Staff cluster around DIR-01,7 Unknown role,0.00036,15,134
T0311,1,Tie,DIR-01,69.375,45.275,22,Strong (two-way),Across communities,C2 Staff cluster around DIR-01,3 Director / MD,0.01936,50,9
T0311,2,Tie,VP-10,34.079,39.448,22,Strong (two-way),Across communities,C1 Leadership core,2 Vice President,0.01489,50,14
T0312,1,Tie,VP-05,31.959,43.993,22,Strong (two-way),Within community,C1 Leadership core,2 Vice President,0.00619,42,38
T0312,2,Tie,Louise Kitchen,49.827,46.741,22,Strong (two-way),Within community,C1 Leadership core,1 Executive,0.02954,64,6
T0313,1,Tie,EMP-08,52.334,88.455,22,Strong (two-way),Within community,C4 Real-time trading desk,6 Employee / Specialist,0.00443,17,48
T0313,2,Tie,EMP-32,60.352,93.756,22,Strong (two-way),Within community,C4 Real-time trading desk,6 Employee / Specialist,0.00037,9,132
T0314,1,Tie,Louise Kitchen,49.827,46.741,22,Strong (two-way),Across communities,C1 Leadership core,1 Executive,0.02954,64,6
T0314,2,Tie,MGR-01,35.494,30.233,22,Strong (two-way),Across communities,C3 Trading & logistics desk,4 Manager,0.01291,48,17
T0315,1,Tie,UNK-03,48.243,90.859,21,Strong (two-way),Within community,C4 Real-time trading desk,7 Unknown role,0.01478,21,15
T0315,2,Tie,TRD-05,54.232,84.49,21,Strong (two-way),Within community,C4 Real-time trading desk,5 Trader,0.0086,16,31
T0316,1,Tie,David Delainey,53.102,42.037,21,Strong (two-way),Within community,C1 Leadership core,1 Executive,0.00884,44,28
T0316,2,Tie,Jeffery Skilling,54.936,46.157,21,Strong (two-way),Within community,C1 Leadership core,1 Executive,0.00251,32,71
T0317,1,Tie,David Delainey,53.102,42.037,21,Weak (one-way),Within community,C1 Leadership core,1 Executive,0.00884,44,28
T0317,2,Tie,UNK-13,43.096,56.021,21,Weak (one-way),Within community,C1 Leadership core,7 Unknown role,0.09633,77,2
T0318,1,Tie,VP-06,87.366,26.063,21,Strong (two-way),Within community,C5 Gas pipeline & regulatory,2 Vice President,0.00853,29,32
T0318,2,Tie,EMP-10,92.952,22.325,21,Strong (two-way),Within community,C5 Gas pipeline & regulatory,6 Employee / Specialist,0.00065,16,116
T0319,1,Tie,VP-01,56.668,38.816,21,Weak (one-way),Across communities,C1 Leadership core,2 Vice President,0.00935,35,24
T0319,2,Tie,DIR-01,69.375,45.275,21,Weak (one-way),Across communities,C2 Staff cluster around DIR-01,3 Director / MD,0.01936,50,9
T0320,1,Tie,EMP-09,19.119,46.56,21,Weak (one-way),Within community,C1 Leadership core,6 Employee / Specialist,0.00223,16,79
T0320,2,Tie,UNK-41,0.0,49.975,21,Weak (one-way),Within community,C1 Leadership core,7 Unknown role,0.00056,6,121
T0321,1,Tie,UNK-08,71.713,40.4,21,Strong (two-way),Within community,C2 Staff cluster around DIR-01,7 Unknown role,0.00916,31,25
T0321,2,Tie,EMP-03,75.939,51.018,21,Strong (two-way),Within community,C2 Staff cluster around DIR-01,6 Employee / Specialist,0.00332,23,62
T0322,1,Tie,VP-11,39.259,37.901,21,Strong (two-way),Across communities,C1 Leadership core,2 Vice President,0.01084,46,19
T0322,2,Tie,MGR-08,24.114,26.293,21,Strong (two-way),Across communities,C3 Trading & logistics desk,4 Manager,0.00176,23,90
T0323,1,Tie,TRD-07,35.705,35.251,21,Strong (two-way),Within community,C1 Leadership core,5 Trader,0.00211,23,81
T0323,2,Tie,John Lavorato,38.979,45.415,21,Strong (two-way),Within community,C1 Leadership core,1 Executive,0.0922,90,3
T0324,1,Tie,UNK-07,91.477,25.208,21,Strong (two-way),Within community,C5 Gas pipeline & regulatory,7 Unknown role,0.00173,19,91
T0324,2,Tie,VP-07,83.649,23.867,21,Strong (two-way),Within community,C5 Gas pipeline & regulatory,2 Vice President,0.00379,23,54
T0325,1,Tie,DIR-07,25.647,46.416,21,Strong (two-way),Across communities,C1 Leadership core,3 Director / MD,0.00151,22,97
T0325,2,Tie,UNK-04,45.541,26.096,21,Strong (two-way),Across communities,C3 Trading & logistics desk,7 Unknown role,0.06907,59,4
T0326,1,Tie,Louise Kitchen,49.827,46.741,21,Strong (two-way),Within community,C1 Leadership core,1 Executive,0.02954,64,6
T0326,2,Tie,UNK-26,55.912,57.193,21,Strong (two-way),Within community,C1 Leadership core,7 Unknown role,0.00198,27,83
T0327,1,Tie,VP-12,32.784,48.84,20,Strong (two-way),Within community,C1 Leadership core,2 Vice President,0.00517,39,45
T0327,2,Tie,EMP-09,19.119,46.56,20,Strong (two-way),Within community,C1 Leadership core,6 Employee / Specialist,0.00223,16,79
T0328,1,Tie,VP-12,32.784,48.84,20,Strong (two-way),Within community,C1 Leadership core,2 Vice President,0.00517,39,45
T0328,2,Tie,UNK-19,24.57,43.021,20,Strong (two-way),Within community,C1 Leadership core,7 Unknown role,0.0029,26,67
T0329,1,Tie,Jeffrey Shankman,45.462,49.371,20,Strong (two-way),Within community,C1 Leadership core,1 Executive,0.00152,31,96
T0329,2,Tie,UNK-13,43.096,56.021,20,Strong (two-way),Within community,C1 Leadership core,7 Unknown role,0.09633,77,2
T0330,1,Tie,VP-04,58.757,47.451,20,Strong (two-way),Across communities,C1 Leadership core,2 Vice President,0.0068,37,36
T0330,2,Tie,EMP-02,74.685,46.468,20,Strong (two-way),Across communities,C2 Staff cluster around DIR-01,6 Employee / Specialist,0.00962,37,22
T0331,1,Tie,MGR-05,24.631,30.139,20,Strong (two-way),Across communities,C3 Trading & logistics desk,4 Manager,0.00578,27,40
T0331,2,Tie,John Lavorato,38.979,45.415,20,Strong (two-way),Across communities,C1 Leadership core,1 Executive,0.0922,90,3
T0332,1,Tie,EMP-06,66.911,51.448,20,Strong (two-way),Across communities,C2 Staff cluster around DIR-01,6 Employee / Specialist,0.01223,32,18
T0332,2,Tie,EMP-12,30.256,29.16,20,Strong (two-way),Across communities,C3 Trading & logistics desk,6 Employee / Specialist,0.01509,43,13
T0333,1,Tie,EMP-06,66.911,51.448,20,Weak (one-way),Within community,C2 Staff cluster around DIR-01,6 Employee / Specialist,0.01223,32,18
T0333,2,Tie,TRD-10,71.128,36.5,20,Weak (one-way),Within community,C2 Staff cluster around DIR-01,5 Trader,0.00074,14,113
T0334,1,Tie,TRD-05,54.232,84.49,20,Weak (one-way),Across communities,C4 Real-time trading desk,5 Trader,0.0086,16,31
T0334,2,Tie,EMP-03,75.939,51.018,20,Weak (one-way),Across communities,C2 Staff cluster around DIR-01,6 Employee / Specialist,0.00332,23,62
T0335,1,Tie,VP-01,56.668,38.816,20,Strong (two-way),Within community,C1 Leadership core,2 Vice President,0.00935,35,24
T0335,2,Tie,DIR-02,59.18,52.06,20,Strong (two-way),Within community,C1 Leadership core,3 Director / MD,0.00907,40,26
T0336,1,Tie,VP-01,56.668,38.816,20,Weak (one-way),Within community,C1 Leadership core,2 Vice President,0.00935,35,24
T0336,2,Tie,DIR-05,51.36,61.741,20,Weak (one-way),Within community,C1 Leadership core,3 Director / MD,0.0104,21,21
T0337,1,Tie,DIR-02,59.18,52.06,20,Strong (two-way),Within community,C1 Leadership core,3 Director / MD,0.00907,40,26
T0337,2,Tie,VP-03,57.344,43.184,20,Strong (two-way),Within community,C1 Leadership core,2 Vice President,0.00417,36,49
T0338,1,Tie,EMP-04,63.283,48.099,20,Strong (two-way),Across communities,C1 Leadership core,6 Employee / Specialist,0.00863,32,30
T0338,2,Tie,EMP-03,75.939,51.018,20,Strong (two-way),Across communities,C2 Staff cluster around DIR-01,6 Employee / Specialist,0.00332,23,62
T0339,1,Tie,UNK-08,71.713,40.4,20,Strong (two-way),Across communities,C2 Staff cluster around DIR-01,7 Unknown role,0.00916,31,25
T0339,2,Tie,EMP-22,57.4,12.538,20,Strong (two-way),Across communities,C7 Staff cluster around UNK-12,6 Employee / Specialist,0.00041,10,129
T0340,1,Tie,Greg Whalley,48.76,51.913,20,Strong (two-way),Within community,C1 Leadership core,1 Executive,0.00335,36,60
T0340,2,Tie,UNK-14,55.245,53.635,20,Strong (two-way),Within community,C1 Leadership core,7 Unknown role,0.00278,24,68
T0341,1,Tie,EMP-08,52.334,88.455,20,Weak (one-way),Within community,C4 Real-time trading desk,6 Employee / Specialist,0.00443,17,48
T0341,2,Tie,DIR-12,44.974,75.09,20,Weak (one-way),Within community,C4 Real-time trading desk,3 Director / MD,0.00401,16,52
T0342,1,Tie,UNK-07,91.477,25.208,20,Strong (two-way),Within community,C5 Gas pipeline & regulatory,7 Unknown role,0.00173,19,91
T0342,2,Tie,MGR-06,98.418,20.504,20,Strong (two-way),Within community,C5 Gas pipeline & regulatory,4 Manager,0.00126,16,102
T0343,1,Tie,UNK-18,66.784,40.629,20,Strong (two-way),Within community,C2 Staff cluster around DIR-01,7 Unknown role,0.00881,25,29
T0343,2,Tie,UNK-02,78.472,48.307,20,Strong (two-way),Within community,C2 Staff cluster around DIR-01,7 Unknown role,0.00225,26,78
T0344,1,Tie,MGR-04,52.35,51.586,20,Strong (two-way),Within community,C1 Leadership core,4 Manager,0.00157,26,94
T0344,2,Tie,Sally Beck,28.287,54.57,20,Strong (two-way),Within community,C1 Leadership core,1 Executive,0.10151,81,1
T0345,1,Tie,VP-16,42.923,32.26,19,Strong (two-way),Within community,C1 Leadership core,2 Vice President,0.0064,30,37
T0345,2,Tie,Louise Kitchen,49.827,46.741,19,Strong (two-way),Within community,C1 Leadership core,1 Executive,0.02954,64,6
T0346,1,Tie,VP-16,42.923,32.26,19,Strong (two-way),Within community,C1 Leadership core,2 Vice President,0.0064,30,37
T0346,2,Tie,VP-10,34.079,39.448,19,Strong (two-way),Within community,C1 Leadership core,2 Vice President,0.01489,50,14
T0347,1,Tie,VP-08,47.328,34.336,19,Strong (two-way),Across communities,C1 Leadership core,2 Vice President,0.01408,41,16
T0347,2,Tie,EMP-14,75.702,38.35,19,Strong (two-way),Across communities,C2 Staff cluster around DIR-01,6 Employee / Specialist,0.00471,25,46
T0348,1,Tie,MGR-05,24.631,30.139,19,Strong (two-way),Across communities,C3 Trading & logistics desk,4 Manager,0.00578,27,40
T0348,2,Tie,VP-18,35.303,56.167,19,Strong (two-way),Across communities,C1 Leadership core,2 Vice President,0.0019,20,86
T0349,1,Tie,MGR-09,14.321,30.341,19,Strong (two-way),Across communities,C3 Trading & logistics desk,4 Manager,0.0016,13,93
T0349,2,Tie,VP-18,35.303,56.167,19,Strong (two-way),Across communities,C1 Leadership core,2 Vice President,0.0019,20,86
T0350,1,Tie,UNK-24,96.491,18.037,19,Strong (two-way),Within community,C5 Gas pipeline & regulatory,7 Unknown role,0.00054,13,122
T0350,2,Tie,DIR-03,87.324,21.527,19,Strong (two-way),Within community,C5 Gas pipeline & regulatory,3 Director / MD,0.00605,23,39
T0351,1,Tie,UNK-28,22.335,23.619,19,Strong (two-way),Within community,C3 Trading & logistics desk,7 Unknown role,0.00053,18,123
T0351,2,Tie,UNK-09,32.175,33.629,19,Strong (two-way),Within community,C3 Trading & logistics desk,7 Unknown role,0.00544,32,42
T0352,1,Tie,MGR-03,49.98,38.558,19,Strong (two-way),Within community,C1 Leadership core,4 Manager,0.00775,38,35
T0352,2,Tie,UNK-32,58.576,34.72,19,Strong (two-way),Within community,C1 Leadership core,7 Unknown role,0.0002,10,140
T0353,1,Tie,MGR-03,49.98,38.558,19,Strong (two-way),Within community,C1 Leadership core,4 Manager,0.00775,38,35
T0353,2,Tie,MGR-04,52.35,51.586,19,Strong (two-way),Within community,C1 Leadership core,4 Manager,0.00157,26,94
T0354,1,Tie,VP-05,31.959,43.993,19,Strong (two-way),Within community,C1 Leadership core,2 Vice President,0.00619,42,38
T0354,2,Tie,DIR-07,25.647,46.416,19,Strong (two-way),Within community,C1 Leadership core,3 Director / MD,0.00151,22,97
T0355,1,Tie,MGR-02,45.315,40.729,19,Weak (one-way),Within community,C1 Leadership core,4 Manager,0.0175,54,11
T0355,2,Tie,Louise Kitchen,49.827,46.741,19,Weak (one-way),Within community,C1 Leadership core,1 Executive,0.02954,64,6
T0356,1,Tie,EMP-16,76.053,54.902,19,Strong (two-way),Within community,C2 Staff cluster around DIR-01,6 Employee / Specialist,0.0037,23,56
T0356,2,Tie,UNK-02,78.472,48.307,19,Strong (two-way),Within community,C2 Staff cluster around DIR-01,7 Unknown role,0.00225,26,78
T0357,1,Tie,VP-09,51.177,56.265,19,Strong (two-way),Across communities,C1 Leadership core,2 Vice President,0.02052,51,8
T0357,2,Tie,UNK-31,64.486,59.831,19,Strong (two-way),Across communities,C2 Staff cluster around DIR-01,7 Unknown role,0.00825,25,33
T0358,1,Tie,MGR-01,35.494,30.233,19,Strong (two-way),Across communities,C3 Trading & logistics desk,4 Manager,0.01291,48,17
T0358,2,Tie,VP-10,34.079,39.448,19,Strong (two-way),Across communities,C1 Leadership core,2 Vice President,0.01489,50,14
T0359,1,Tie,Jeffrey Shankman,45.462,49.371,18,Strong (two-way),Within community,C1 Leadership core,1 Executive,0.00152,31,96
T0359,2,Tie,Jeffery Skilling,54.936,46.157,18,Strong (two-way),Within community,C1 Leadership core,1 Executive,0.00251,32,71
T0360,1,Tie,UNK-25,100.0,25.093,18,Strong (two-way),Within community,C5 Gas pipeline & regulatory,7 Unknown role,0.00241,15,73
T0360,2,Tie,EMP-07,90.766,20.225,18,Strong (two-way),Within community,C5 Gas pipeline & regulatory,6 Employee / Specialist,0.00065,16,117
T0361,1,Tie,VP-04,58.757,47.451,18,Strong (two-way),Across communities,C1 Leadership core,2 Vice President,0.0068,37,36
T0361,2,Tie,EMP-16,76.053,54.902,18,Strong (two-way),Across communities,C2 Staff cluster around DIR-01,6 Employee / Specialist,0.0037,23,56
T0362,1,Tie,MGR-05,24.631,30.139,18,Strong (two-way),Within community,C3 Trading & logistics desk,4 Manager,0.00578,27,40
T0362,2,Tie,MGR-01,35.494,30.233,18,Strong (two-way),Within community,C3 Trading & logistics desk,4 Manager,0.01291,48,17
T0363,1,Tie,EMP-27,28.066,43.602,18,Strong (two-way),Within community,C1 Leadership core,6 Employee / Specialist,0.00147,24,98
T0363,2,Tie,VP-10,34.079,39.448,18,Strong (two-way),Within community,C1 Leadership core,2 Vice President,0.01489,50,14
T0364,1,Tie,VP-13,30.535,24.387,18,Strong (two-way),Within community,C3 Trading & logistics desk,2 Vice President,0.00448,28,47
T0364,2,Tie,TRD-04,33.638,21.922,18,Strong (two-way),Within community,C3 Trading & logistics desk,5 Trader,0.00325,28,63
T0365,1,Tie,DIR-01,69.375,45.275,18,Strong (two-way),Across communities,C2 Staff cluster around DIR-01,3 Director / MD,0.01936,50,9
T0365,2,Tie,Louise Kitchen,49.827,46.741,18,Strong (two-way),Across communities,C1 Leadership core,1 Executive,0.02954,64,6
T0366,1,Tie,VP-03,57.344,43.184,18,Strong (two-way),Within community,C1 Leadership core,2 Vice President,0.00417,36,49
T0366,2,Tie,UNK-32,58.576,34.72,18,Strong (two-way),Within community,C1 Leadership core,7 Unknown role,0.0002,10,140
T0367,1,Tie,EMP-12,30.256,29.16,18,Strong (two-way),Within community,C3 Trading & logistics desk,6 Employee / Specialist,0.01509,43,13
T0367,2,Tie,UNK-29,30.31,20.866,18,Strong (two-way),Within community,C3 Trading & logistics desk,7 Unknown role,0.00053,17,124
T0368,1,Tie,EMP-10,92.952,22.325,18,Strong (two-way),Within community,C5 Gas pipeline & regulatory,6 Employee / Specialist,0.00065,16,116
T0368,2,Tie,VP-07,83.649,23.867,18,Strong (two-way),Within community,C5 Gas pipeline & regulatory,2 Vice President,0.00379,23,54
T0369,1,Tie,VP-04,58.757,47.451,17,Strong (two-way),Within community,C1 Leadership core,2 Vice President,0.0068,37,36
T0369,2,Tie,VP-02,61.128,43.002,17,Strong (two-way),Within community,C1 Leadership core,2 Vice President,0.00227,30,76
T0370,1,Tie,UNK-24,96.491,18.037,17,Strong (two-way),Within community,C5 Gas pipeline & regulatory,7 Unknown role,0.00054,13,122
T0370,2,Tie,EMP-10,92.952,22.325,17,Strong (two-way),Within community,C5 Gas pipeline & regulatory,6 Employee / Specialist,0.00065,16,116
T0371,1,Tie,VP-01,56.668,38.816,17,Weak (one-way),Across communities,C1 Leadership core,2 Vice President,0.00935,35,24
T0371,2,Tie,DIR-04,27.548,32.805,17,Weak (one-way),Across communities,C3 Trading & logistics desk,3 Director / MD,0.00233,26,74
T0372,1,Tie,VP-01,56.668,38.816,17,Weak (one-way),Across communities,C1 Leadership core,2 Vice President,0.00935,35,24
T0372,2,Tie,MGR-01,35.494,30.233,17,Weak (one-way),Across communities,C3 Trading & logistics desk,4 Manager,0.01291,48,17
T0373,1,Tie,TRD-01,37.205,23.423,17,Strong (two-way),Within community,C3 Trading & logistics desk,5 Trader,0.00193,21,84
T0373,2,Tie,MGR-01,35.494,30.233,17,Strong (two-way),Within community,C3 Trading & logistics desk,4 Manager,0.01291,48,17
T0374,1,Tie,Greg Whalley,48.76,51.913,17,Strong (two-way),Within community,C1 Leadership core,1 Executive,0.00335,36,60
T0374,2,Tie,MGR-04,52.35,51.586,17,Strong (two-way),Within community,C1 Leadership core,4 Manager,0.00157,26,94
T0375,1,Tie,DIR-01,69.375,45.275,17,Strong (two-way),Within community,C2 Staff cluster around DIR-01,3 Director / MD,0.01936,50,9
T0375,2,Tie,EMP-11,82.571,47.041,17,Strong (two-way),Within community,C2 Staff cluster around DIR-01,6 Employee / Specialist,0.00074,13,114
T0376,1,Tie,EMP-20,65.93,56.348,17,Weak (one-way),Across communities,C2 Staff cluster around DIR-01,6 Employee / Specialist,0.00015,10,142
T0376,2,Tie,VP-10,34.079,39.448,17,Weak (one-way),Across communities,C1 Leadership core,2 Vice President,0.01489,50,14
T0377,1,Tie,DIR-03,87.324,21.527,17,Weak (one-way),Within community,C5 Gas pipeline & regulatory,3 Director / MD,0.00605,23,39
T0377,2,Tie,MGR-06,98.418,20.504,17,Weak (one-way),Within community,C5 Gas pipeline & regulatory,4 Manager,0.00126,16,102
T0378,1,Tie,UNK-13,43.096,56.021,17,Weak (one-way),Across communities,C1 Leadership core,7 Unknown role,0.09633,77,2
T0378,2,Tie,Stanley Horton,79.267,30.357,17,Weak (one-way),Across communities,C5 Gas pipeline & regulatory,1 Executive,0.01057,33,20
T0379,1,Tie,Louise Kitchen,49.827,46.741,17,Strong (two-way),Within community,C1 Leadership core,1 Executive,0.02954,64,6
T0379,2,Tie,VP-10,34.079,39.448,17,Strong (two-way),Within community,C1 Leadership core,2 Vice President,0.01489,50,14
T0380,1,Tie,MGR-01,35.494,30.233,17,Strong (two-way),Within community,C3 Trading & logistics desk,4 Manager,0.01291,48,17
T0380,2,Tie,UNK-09,32.175,33.629,17,Strong (two-way),Within community,C3 Trading & logistics desk,7 Unknown role,0.00544,32,42
T0381,1,Tie,UNK-33,38.943,33.417,16,Weak (one-way),Within community,C1 Leadership core,7 Unknown role,0.00371,18,55
T0381,2,Tie,DIR-11,29.851,40.726,16,Weak (one-way),Within community,C1 Leadership core,3 Director / MD,0.00164,23,92
T0382,1,Tie,UNK-25,100.0,25.093,16,Strong (two-way),Within community,C5 Gas pipeline & regulatory,7 Unknown role,0.00241,15,73
T0382,2,Tie,VP-06,87.366,26.063,16,Strong (two-way),Within community,C5 Gas pipeline & regulatory,2 Vice President,0.00853,29,32
T0383,1,Tie,MGR-09,14.321,30.341,16,Weak (one-way),Within community,C3 Trading & logistics desk,4 Manager,0.0016,13,93
T0383,2,Tie,EMP-05,26.599,23.515,16,Weak (one-way),Within community,C3 Trading & logistics desk,6 Employee / Specialist,0.00416,28,50
T0384,1,Tie,MGR-10,40.242,17.373,16,Strong (two-way),Within community,C3 Trading & logistics desk,4 Manager,0.00191,16,85
T0384,2,Tie,TRD-01,37.205,23.423,16,Strong (two-way),Within community,C3 Trading & logistics desk,5 Trader,0.00193,21,84
T0385,1,Tie,TRD-08,59.625,72.676,16,Weak (one-way),Across communities,C4 Real-time trading desk,5 Trader,0.00022,9,138
T0385,2,Tie,UNK-04,45.541,26.096,16,Weak (one-way),Across communities,C3 Trading & logistics desk,7 Unknown role,0.06907,59,4
T0386,1,Tie,VP-15,36.691,52.362,16,Strong (two-way),Within community,C1 Leadership core,2 Vice President,0.00777,42,34
T0386,2,Tie,VP-11,39.259,37.901,16,Strong (two-way),Within community,C1 Leadership core,2 Vice President,0.01084,46,19
T0387,1,Tie,VP-15,36.691,52.362,16,Strong (two-way),Within community,C1 Leadership core,2 Vice President,0.00777,42,34
T0387,2,Tie,Louise Kitchen,49.827,46.741,16,Strong (two-way),Within community,C1 Leadership core,1 Executive,0.02954,64,6
T0388,1,Tie,EMP-21,50.159,95.273,16,Strong (two-way),Within community,C4 Real-time trading desk,6 Employee / Specialist,0.00069,10,115
T0388,2,Tie,TRD-03,45.543,95.02,16,Strong (two-way),Within community,C4 Real-time trading desk,5 Trader,0.00027,8,136
T0389,1,Tie,UNK-08,71.713,40.4,16,Strong (two-way),Across communities,C2 Staff cluster around DIR-01,7 Unknown role,0.00916,31,25
T0389,2,Tie,EMP-23,53.353,10.749,16,Strong (two-way),Across communities,C7 Staff cluster around UNK-12,6 Employee / Specialist,0.00046,11,126
T0390,1,Tie,UNK-08,71.713,40.4,16,Weak (one-way),Within community,C2 Staff cluster around DIR-01,7 Unknown role,0.00916,31,25
T0390,2,Tie,UNK-05,81.349,49.754,16,Weak (one-way),Within community,C2 Staff cluster around DIR-01,7 Unknown role,0.00036,15,134
T0391,1,Tie,VP-11,39.259,37.901,16,Strong (two-way),Within community,C1 Leadership core,2 Vice President,0.01084,46,19
T0391,2,Tie,UNK-13,43.096,56.021,16,Strong (two-way),Within community,C1 Leadership core,7 Unknown role,0.09633,77,2
T0392,1,Tie,MGR-07,57.155,76.784,16,Weak (one-way),Across communities,C4 Real-time trading desk,4 Manager,0.01714,23,12
T0392,2,Tie,UNK-04,45.541,26.096,16,Weak (one-way),Across communities,C3 Trading & logistics desk,7 Unknown role,0.06907,59,4
T0393,1,Tie,EMP-24,69.68,21.391,16,Weak (one-way),Across communities,C6 Trading & logistics desk (TRD-02),6 Employee / Specialist,0.00087,11,112
T0393,2,Tie,UNK-04,45.541,26.096,16,Weak (one-way),Across communities,C3 Trading & logistics desk,7 Unknown role,0.06907,59,4
T0394,1,Tie,EMP-08,52.334,88.455,16,Weak (one-way),Within community,C4 Real-time trading desk,6 Employee / Specialist,0.00443,17,48
T0394,2,Tie,TRD-09,49.277,76.145,16,Weak (one-way),Within community,C4 Real-time trading desk,5 Trader,0.0052,19,43
T0395,1,Tie,EMP-08,52.334,88.455,16,Weak (one-way),Across communities,C4 Real-time trading desk,6 Employee / Specialist,0.00443,17,48
T0395,2,Tie,DIR-05,51.36,61.741,16,Weak (one-way),Across communities,C1 Leadership core,3 Director / MD,0.0104,21,21
T0396,1,Tie,VP-09,51.177,56.265,16,Strong (two-way),Within community,C1 Leadership core,2 Vice President,0.02052,51,8
T0396,2,Tie,DIR-13,33.457,58.935,16,Strong (two-way),Within community,C1 Leadership core,3 Director / MD,0.00094,17,111
T0397,1,Tie,EMP-10,92.952,22.325,16,Strong (two-way),Within community,C5 Gas pipeline & regulatory,6 Employee / Specialist,0.00065,16,116
T0397,2,Tie,Rod Hayslett,90.003,30.046,16,Strong (two-way),Within community,C5 Gas pipeline & regulatory,1 Executive,0.00951,26,23
T0398,1,Tie,EMP-10,92.952,22.325,16,Strong (two-way),Within community,C5 Gas pipeline & regulatory,6 Employee / Specialist,0.00065,16,116
T0398,2,Tie,MGR-06,98.418,20.504,16,Strong (two-way),Within community,C5 Gas pipeline & regulatory,4 Manager,0.00126,16,102
T0399,1,Tie,UNK-17,96.938,23.462,16,Strong (two-way),Across communities,C5 Gas pipeline & regulatory,7 Unknown role,0.00138,15,99
T0399,2,Tie,UNK-14,55.245,53.635,16,Strong (two-way),Across communities,C1 Leadership core,7 Unknown role,0.00278,24,68
T0400,1,Tie,MGR-11,39.395,61.471,16,Weak (one-way),Across communities,C1 Leadership core,4 Manager,0.00058,14,119
T0400,2,Tie,UNK-04,45.541,26.096,16,Weak (one-way),Across communities,C3 Trading & logistics desk,7 Unknown role,0.06907,59,4
T0401,1,Tie,UNK-25,100.0,25.093,15,Strong (two-way),Within community,C5 Gas pipeline & regulatory,7 Unknown role,0.00241,15,73
T0401,2,Tie,EMP-10,92.952,22.325,15,Strong (two-way),Within community,C5 Gas pipeline & regulatory,6 Employee / Specialist,0.00065,16,116
T0402,1,Tie,EMP-18,21.165,27.937,15,Strong (two-way),Across communities,C3 Trading & logistics desk,6 Employee / Specialist,0.00135,19,100
T0402,2,Tie,EMP-09,19.119,46.56,15,Strong (two-way),Across communities,C1 Leadership core,6 Employee / Specialist,0.00223,16,79
T0403,1,Tie,MGR-05,24.631,30.139,15,Strong (two-way),Across communities,C3 Trading & logistics desk,4 Manager,0.00578,27,40
T0403,2,Tie,DIR-08,29.195,47.035,15,Strong (two-way),Across communities,C1 Leadership core,3 Director / MD,0.00342,30,58
T0404,1,Tie,UNK-42,69.167,75.586,15,Strong (two-way),Within community,C4 Real-time trading desk,7 Unknown role,8e-05,9,144
T0404,2,Tie,MGR-07,57.155,76.784,15,Strong (two-way),Within community,C4 Real-time trading desk,4 Manager,0.01714,23,12
T0405,1,Tie,VP-17,37.06,59.175,15,Weak (one-way),Within community,C1 Leadership core,2 Vice President,0.00186,22,87
T0405,2,Tie,Louise Kitchen,49.827,46.741,15,Weak (one-way),Within community,C1 Leadership core,1 Executive,0.02954,64,6
T0406,1,Tie,DIR-02,59.18,52.06,15,Strong (two-way),Within community,C1 Leadership core,3 Director / MD,0.00907,40,26
T0406,2,Tie,UNK-13,43.096,56.021,15,Strong (two-way),Within community,C1 Leadership core,7 Unknown role,0.09633,77,2
T0407,1,Tie,TRD-01,37.205,23.423,15,Strong (two-way),Across communities,C3 Trading & logistics desk,5 Trader,0.00193,21,84
T0407,2,Tie,TRD-07,35.705,35.251,15,Strong (two-way),Across communities,C1 Leadership core,5 Trader,0.00211,23,81
T0408,1,Tie,TRD-01,37.205,23.423,15,Strong (two-way),Within community,C3 Trading & logistics desk,5 Trader,0.00193,21,84
T0408,2,Tie,UNK-35,50.365,22.388,15,Strong (two-way),Within community,C3 Trading & logistics desk,7 Unknown role,0.00104,13,106
T0409,1,Tie,Greg Whalley,48.76,51.913,15,Strong (two-way),Within community,C1 Leadership core,1 Executive,0.00335,36,60
T0409,2,Tie,VP-05,31.959,43.993,15,Strong (two-way),Within community,C1 Leadership core,2 Vice President,0.00619,42,38
T0410,1,Tie,Greg Whalley,48.76,51.913,15,Strong (two-way),Within community,C1 Leadership core,1 Executive,0.00335,36,60
T0410,2,Tie,UNK-13,43.096,56.021,15,Strong (two-way),Within community,C1 Leadership core,7 Unknown role,0.09633,77,2
T0411,1,Tie,VP-11,39.259,37.901,15,Strong (two-way),Within community,C1 Leadership core,2 Vice President,0.01084,46,19
T0411,2,Tie,MGR-02,45.315,40.729,15,Strong (two-way),Within community,C1 Leadership core,4 Manager,0.0175,54,11
T0412,1,Tie,EMP-19,33.272,18.097,15,Strong (two-way),Across communities,C3 Trading & logistics desk,6 Employee / Specialist,0.00335,27,61
T0412,2,Tie,MGR-02,45.315,40.729,15,Strong (two-way),Across communities,C1 Leadership core,4 Manager,0.0175,54,11
T0413,1,Tie,DIR-01,69.375,45.275,15,Weak (one-way),Within community,C2 Staff cluster around DIR-01,3 Director / MD,0.01936,50,9
T0413,2,Tie,EMP-03,75.939,51.018,15,Weak (one-way),Within community,C2 Staff cluster around DIR-01,6 Employee / Specialist,0.00332,23,62
T0414,1,Tie,EMP-10,92.952,22.325,15,Strong (two-way),Within community,C5 Gas pipeline & regulatory,6 Employee / Specialist,0.00065,16,116
T0414,2,Tie,UNK-17,96.938,23.462,15,Strong (two-way),Within community,C5 Gas pipeline & regulatory,7 Unknown role,0.00138,15,99
T0415,1,Tie,MGR-01,35.494,30.233,15,Strong (two-way),Across communities,C3 Trading & logistics desk,4 Manager,0.01291,48,17
T0415,2,Tie,DIR-05,51.36,61.741,15,Strong (two-way),Across communities,C1 Leadership core,3 Director / MD,0.0104,21,21
T0416,1,Tie,UNK-30,70.103,59.382,15,Strong (two-way),Across communities,C2 Staff cluster around DIR-01,7 Unknown role,0.00022,10,139
T0416,2,Tie,VP-10,34.079,39.448,15,Strong (two-way),Across communities,C1 Leadership core,2 Vice President,0.01489,50,14
T0417,1,Tie,VP-12,32.784,48.84,14,Strong (two-way),Within community,C1 Leadership core,2 Vice President,0.00517,39,45
T0417,2,Tie,Greg Whalley,48.76,51.913,14,Strong (two-way),Within community,C1 Leadership core,1 Executive,0.00335,36,60
T0418,1,Tie,VP-08,47.328,34.336,14,Strong (two-way),Within community,C1 Leadership core,2 Vice President,0.01408,41,16
T0418,2,Tie,David Delainey,53.102,42.037,14,Strong (two-way),Within community,C1 Leadership core,1 Executive,0.00884,44,28
T0419,1,Tie,VP-06,87.366,26.063,14,Strong (two-way),Across communities,C5 Gas pipeline & regulatory,2 Vice President,0.00853,29,32
T0419,2,Tie,EMP-15,62.704,54.179,14,Strong (two-way),Across communities,C1 Leadership core,6 Employee / Specialist,0.0018,22,89
T0420,1,Tie,VP-01,56.668,38.816,14,Weak (one-way),Within community,C1 Leadership core,2 Vice President,0.00935,35,24
T0420,2,Tie,Greg Whalley,48.76,51.913,14,Weak (one-way),Within community,C1 Leadership core,1 Executive,0.00335,36,60
T0421,1,Tie,TRD-01,37.205,23.423,14,Strong (two-way),Within community,C3 Trading & logistics desk,5 Trader,0.00193,21,84
T0421,2,Tie,UNK-04,45.541,26.096,14,Strong (two-way),Within community,C3 Trading & logistics desk,7 Unknown role,0.06907,59,4
T0422,1,Tie,VP-13,30.535,24.387,14,Strong (two-way),Within community,C3 Trading & logistics desk,2 Vice President,0.00448,28,47
T0422,2,Tie,UNK-27,27.228,17.741,14,Strong (two-way),Within community,C3 Trading & logistics desk,7 Unknown role,0.01857,25,10
T0423,1,Tie,VP-03,57.344,43.184,14,Strong (two-way),Across communities,C1 Leadership core,2 Vice President,0.00417,36,49
T0423,2,Tie,Stanley Horton,79.267,30.357,14,Strong (two-way),Across communities,C5 Gas pipeline & regulatory,1 Executive,0.01057,33,20
T0424,1,Tie,VP-05,31.959,43.993,14,Strong (two-way),Within community,C1 Leadership core,2 Vice President,0.00619,42,38
T0424,2,Tie,VP-10,34.079,39.448,14,Strong (two-way),Within community,C1 Leadership core,2 Vice President,0.01489,50,14
T0425,1,Tie,VP-18,35.303,56.167,14,Strong (two-way),Within community,C1 Leadership core,2 Vice President,0.0019,20,86
T0425,2,Tie,Louise Kitchen,49.827,46.741,14,Strong (two-way),Within community,C1 Leadership core,1 Executive,0.02954,64,6
T0426,1,Tie,EMP-12,30.256,29.16,14,Strong (two-way),Within community,C3 Trading & logistics desk,6 Employee / Specialist,0.01509,43,13
T0426,2,Tie,EMP-05,26.599,23.515,14,Strong (two-way),Within community,C3 Trading & logistics desk,6 Employee / Specialist,0.00416,28,50
T0427,1,Tie,MGR-08,24.114,26.293,14,Strong (two-way),Within community,C3 Trading & logistics desk,4 Manager,0.00176,23,90
T0427,2,Tie,TRD-04,33.638,21.922,14,Strong (two-way),Within community,C3 Trading & logistics desk,5 Trader,0.00325,28,63
T0428,1,Tie,VP-07,83.649,23.867,14,Strong (two-way),Within community,C5 Gas pipeline & regulatory,2 Vice President,0.00379,23,54
T0428,2,Tie,EMP-13,94.721,25.85,14,Strong (two-way),Within community,C5 Gas pipeline & regulatory,6 Employee / Specialist,0.00101,17,107
T0429,1,Tie,VP-16,42.923,32.26,13,Strong (two-way),Across communities,C1 Leadership core,2 Vice President,0.0064,30,37
T0429,2,Tie,MGR-10,40.242,17.373,13,Strong (two-way),Across communities,C3 Trading & logistics desk,4 Manager,0.00191,16,85
T0430,1,Tie,UNK-33,38.943,33.417,13,Strong (two-way),Across communities,C1 Leadership core,7 Unknown role,0.00371,18,55
T0430,2,Tie,EMP-06,66.911,51.448,13,Strong (two-way),Across communities,C2 Staff cluster around DIR-01,6 Employee / Specialist,0.01223,32,18
T0431,1,Tie,DIR-14,23.369,49.978,13,Strong (two-way),Within community,C1 Leadership core,3 Director / MD,0.00061,15,118
T0431,2,Tie,VP-11,39.259,37.901,13,Strong (two-way),Within community,C1 Leadership core,2 Vice President,0.01084,46,19
T0432,1,Tie,Jeffrey Shankman,45.462,49.371,13,Strong (two-way),Within community,C1 Leadership core,1 Executive,0.00152,31,96
T0432,2,Tie,Sally Beck,28.287,54.57,13,Strong (two-way),Within community,C1 Leadership core,1 Executive,0.10151,81,1
T0433,1,Tie,UNK-23,72.048,54.524,13,Strong (two-way),Within community,C2 Staff cluster around DIR-01,7 Unknown role,0.00302,29,66
T0433,2,Tie,EMP-02,74.685,46.468,13,Strong (two-way),Within community,C2 Staff cluster around DIR-01,6 Employee / Specialist,0.00962,37,22
T0434,1,Tie,David Delainey,53.102,42.037,13,Strong (two-way),Within community,C1 Leadership core,1 Executive,0.00884,44,28
T0434,2,Tie,MGR-02,45.315,40.729,13,Strong (two-way),Within community,C1 Leadership core,4 Manager,0.0175,54,11
T0435,1,Tie,David Delainey,53.102,42.037,13,Strong (two-way),Within community,C1 Leadership core,1 Executive,0.00884,44,28
T0435,2,Tie,VP-10,34.079,39.448,13,Strong (two-way),Within community,C1 Leadership core,2 Vice President,0.01489,50,14
T0436,1,Tie,UNK-10,76.803,42.413,13,Strong (two-way),Within community,C2 Staff cluster around DIR-01,7 Unknown role,0.00572,28,41
T0436,2,Tie,TRD-10,71.128,36.5,13,Strong (two-way),Within community,C2 Staff cluster around DIR-01,5 Trader,0.00074,14,113
T0437,1,Tie,UNK-10,76.803,42.413,13,Weak (one-way),Across communities,C2 Staff cluster around DIR-01,7 Unknown role,0.00572,28,41
T0437,2,Tie,UNK-12,56.107,18.185,13,Weak (one-way),Across communities,C7 Staff cluster around UNK-12,7 Unknown role,0.00274,20,69
T0438,1,Tie,TRD-05,54.232,84.49,13,Weak (one-way),Within community,C4 Real-time trading desk,5 Trader,0.0086,16,31
T0438,2,Tie,TRD-09,49.277,76.145,13,Weak (one-way),Within community,C4 Real-time trading desk,5 Trader,0.0052,19,43
T0439,1,Tie,DIR-02,59.18,52.06,13,Strong (two-way),Across communities,C1 Leadership core,3 Director / MD,0.00907,40,26
T0439,2,Tie,EMP-16,76.053,54.902,13,Strong (two-way),Across communities,C2 Staff cluster around DIR-01,6 Employee / Specialist,0.0037,23,56
T0440,1,Tie,DIR-02,59.18,52.06,13,Strong (two-way),Within community,C1 Leadership core,3 Director / MD,0.00907,40,26
T0440,2,Tie,VP-02,61.128,43.002,13,Strong (two-way),Within community,C1 Leadership core,2 Vice President,0.00227,30,76
T0441,1,Tie,Greg Whalley,48.76,51.913,13,Strong (two-way),Within community,C1 Leadership core,1 Executive,0.00335,36,60
T0441,2,Tie,Sally Beck,28.287,54.57,13,Strong (two-way),Within community,C1 Leadership core,1 Executive,0.10151,81,1
T0442,1,Tie,Greg Whalley,48.76,51.913,13,Weak (one-way),Within community,C1 Leadership core,1 Executive,0.00335,36,60
T0442,2,Tie,VP-02,61.128,43.002,13,Weak (one-way),Within community,C1 Leadership core,2 Vice President,0.00227,30,76
T0443,1,Tie,VP-19,47.278,61.355,13,Strong (two-way),Within community,C1 Leadership core,2 Vice President,0.00109,19,105
T0443,2,Tie,John Lavorato,38.979,45.415,13,Strong (two-way),Within community,C1 Leadership core,1 Executive,0.0922,90,3
T0444,1,Tie,UNK-28,22.335,23.619,13,Strong (two-way),Within community,C3 Trading & logistics desk,7 Unknown role,0.00053,18,123
T0444,2,Tie,EMP-05,26.599,23.515,13,Strong (two-way),Within community,C3 Trading & logistics desk,6 Employee / Specialist,0.00416,28,50
T0445,1,Tie,EMP-12,30.256,29.16,13,Strong (two-way),Across communities,C3 Trading & logistics desk,6 Employee / Specialist,0.01509,43,13
T0445,2,Tie,VP-10,34.079,39.448,13,Strong (two-way),Across communities,C1 Leadership core,2 Vice President,0.01489,50,14
T0446,1,Tie,UNK-27,27.228,17.741,13,Weak (one-way),Within community,C3 Trading & logistics desk,7 Unknown role,0.01857,25,10
T0446,2,Tie,UNK-45,11.583,3.427,13,Weak (one-way),Within community,C3 Trading & logistics desk,7 Unknown role,0.0,1,148
T0447,1,Tie,UNK-27,27.228,17.741,13,Strong (two-way),Within community,C3 Trading & logistics desk,7 Unknown role,0.01857,25,10
T0447,2,Tie,TRD-04,33.638,21.922,13,Strong (two-way),Within community,C3 Trading & logistics desk,5 Trader,0.00325,28,63
T0448,1,Tie,UNK-15,93.947,19.517,13,Strong (two-way),Within community,C5 Gas pipeline & regulatory,7 Unknown role,0.00044,15,128
T0448,2,Tie,EMP-07,90.766,20.225,13,Strong (two-way),Within community,C5 Gas pipeline & regulatory,6 Employee / Specialist,0.00065,16,117
T0449,1,Tie,UNK-14,55.245,53.635,13,Strong (two-way),Within community,C1 Leadership core,7 Unknown role,0.00278,24,68
T0449,2,Tie,Sally Beck,28.287,54.57,13,Strong (two-way),Within community,C1 Leadership core,1 Executive,0.10151,81,1
T0450,1,Tie,UNK-04,45.541,26.096,13,Strong (two-way),Across communities,C3 Trading & logistics desk,7 Unknown role,0.06907,59,4
T0450,2,Tie,EMP-22,57.4,12.538,13,Strong (two-way),Across communities,C7 Staff cluster around UNK-12,6 Employee / Specialist,0.00041,10,129
T0451,1,Tie,VP-08,47.328,34.336,12,Strong (two-way),Across communities,C1 Leadership core,2 Vice President,0.01408,41,16
T0451,2,Tie,EMP-23,53.353,10.749,12,Strong (two-way),Across communities,C7 Staff cluster around UNK-12,6 Employee / Specialist,0.00046,11,126
T0452,1,Tie,EMP-29,43.337,36.48,12,Strong (two-way),Within community,C1 Leadership core,6 Employee / Specialist,0.00252,17,70
T0452,2,Tie,VP-19,47.278,61.355,12,Strong (two-way),Within community,C1 Leadership core,2 Vice President,0.00109,19,105
T0453,1,Tie,TRD-06,47.564,99.73,12,Weak (one-way),Within community,C4 Real-time trading desk,5 Trader,0.00038,8,131
T0453,2,Tie,TRD-03,45.543,95.02,12,Weak (one-way),Within community,C4 Real-time trading desk,5 Trader,0.00027,8,136
T0454,1,Tie,EMP-14,75.702,38.35,12,Strong (two-way),Within community,C2 Staff cluster around DIR-01,6 Employee / Specialist,0.00471,25,46
T0454,2,Tie,EMP-02,74.685,46.468,12,Strong (two-way),Within community,C2 Staff cluster around DIR-01,6 Employee / Specialist,0.00962,37,22
T0455,1,Tie,EMP-14,75.702,38.35,12,Strong (two-way),Within community,C2 Staff cluster around DIR-01,6 Employee / Specialist,0.00471,25,46
T0455,2,Tie,UNK-01,71.717,50.254,12,Strong (two-way),Within community,C2 Staff cluster around DIR-01,7 Unknown role,0.00896,38,27
T0456,1,Tie,VP-14,83.915,28.874,12,Strong (two-way),Within community,C5 Gas pipeline & regulatory,2 Vice President,0.00518,24,44
T0456,2,Tie,EMP-13,94.721,25.85,12,Strong (two-way),Within community,C5 Gas pipeline & regulatory,6 Employee / Specialist,0.00101,17,107
T0457,1,Tie,David Delainey,53.102,42.037,12,Strong (two-way),Within community,C1 Leadership core,1 Executive,0.00884,44,28
T0457,2,Tie,UNK-14,55.245,53.635,12,Strong (two-way),Within community,C1 Leadership core,7 Unknown role,0.00278,24,68
T0458,1,Tie,DIR-02,59.18,52.06,12,Strong (two-way),Within community,C1 Leadership core,3 Director / MD,0.00907,40,26
T0458,2,Tie,Greg Whalley,48.76,51.913,12,Strong (two-way),Within community,C1 Leadership core,1 Executive,0.00335,36,60
T0459,1,Tie,EMP-09,19.119,46.56,12,Strong (two-way),Across communities,C1 Leadership core,6 Employee / Specialist,0.00223,16,79
T0459,2,Tie,UNK-04,45.541,26.096,12,Strong (two-way),Across communities,C3 Trading & logistics desk,7 Unknown role,0.06907,59,4
T0460,1,Tie,EMP-02,74.685,46.468,12,Strong (two-way),Within community,C2 Staff cluster around DIR-01,6 Employee / Specialist,0.00962,37,22
T0460,2,Tie,UNK-08,71.713,40.4,12,Strong (two-way),Within community,C2 Staff cluster around DIR-01,7 Unknown role,0.00916,31,25
T0461,1,Tie,VP-15,36.691,52.362,12,Strong (two-way),Within community,C1 Leadership core,2 Vice President,0.00777,42,34
T0461,2,Tie,VP-10,34.079,39.448,12,Strong (two-way),Within community,C1 Leadership core,2 Vice President,0.01489,50,14
T0462,1,Tie,DIR-09,24.026,20.949,12,Strong (two-way),Within community,C3 Trading & logistics desk,3 Director / MD,0.00119,19,103
T0462,2,Tie,EMP-19,33.272,18.097,12,Strong (two-way),Within community,C3 Trading & logistics desk,6 Employee / Specialist,0.00335,27,61
T0463,1,Tie,DIR-10,30.08,37.093,12,Strong (two-way),Across communities,C1 Leadership core,3 Director / MD,0.00336,28,59
T0463,2,Tie,UNK-09,32.175,33.629,12,Strong (two-way),Across communities,C3 Trading & logistics desk,7 Unknown role,0.00544,32,42
T0464,1,Tie,VP-19,47.278,61.355,12,Strong (two-way),Within community,C1 Leadership core,2 Vice President,0.00109,19,105
T0464,2,Tie,VP-09,51.177,56.265,12,Strong (two-way),Within community,C1 Leadership core,2 Vice President,0.02052,51,8
T0465,1,Tie,VP-19,47.278,61.355,12,Strong (two-way),Within community,C1 Leadership core,2 Vice President,0.00109,19,105
T0465,2,Tie,Louise Kitchen,49.827,46.741,12,Strong (two-way),Within community,C1 Leadership core,1 Executive,0.02954,64,6
T0466,1,Tie,Jeffery Skilling,54.936,46.157,12,Strong (two-way),Within community,C1 Leadership core,1 Executive,0.00251,32,71
T0466,2,Tie,UNK-11,55.402,49.902,12,Strong (two-way),Within community,C1 Leadership core,7 Unknown role,0.0023,26,75
T0467,1,Tie,VP-03,57.344,43.184,12,Strong (two-way),Within community,C1 Leadership core,2 Vice President,0.00417,36,49
T0467,2,Tie,UNK-13,43.096,56.021,12,Strong (two-way),Within community,C1 Leadership core,7 Unknown role,0.09633,77,2
T0468,1,Tie,VP-03,57.344,43.184,12,Strong (two-way),Within community,C1 Leadership core,2 Vice President,0.00417,36,49
T0468,2,Tie,UNK-14,55.245,53.635,12,Strong (two-way),Within community,C1 Leadership core,7 Unknown role,0.00278,24,68
T0469,1,Tie,VP-03,57.344,43.184,12,Strong (two-way),Within community,C1 Leadership core,2 Vice President,0.00417,36,49
T0469,2,Tie,MGR-04,52.35,51.586,12,Strong (two-way),Within community,C1 Leadership core,4 Manager,0.00157,26,94
T0470,1,Tie,John Lavorato,38.979,45.415,12,Strong (two-way),Across communities,C1 Leadership core,1 Executive,0.0922,90,3
T0470,2,Tie,Stanley Horton,79.267,30.357,12,Strong (two-way),Across communities,C5 Gas pipeline & regulatory,1 Executive,0.01057,33,20
T0471,1,Tie,MGR-02,45.315,40.729,12,Strong (two-way),Across communities,C1 Leadership core,4 Manager,0.0175,54,11
T0471,2,Tie,EMP-12,30.256,29.16,12,Strong (two-way),Across communities,C3 Trading & logistics desk,6 Employee / Specialist,0.01509,43,13
T0472,1,Tie,MGR-02,45.315,40.729,12,Strong (two-way),Across communities,C1 Leadership core,4 Manager,0.0175,54,11
T0472,2,Tie,UNK-27,27.228,17.741,12,Strong (two-way),Across communities,C3 Trading & logistics desk,7 Unknown role,0.01857,25,10
T0473,1,Tie,EMP-12,30.256,29.16,12,Strong (two-way),Within community,C3 Trading & logistics desk,6 Employee / Specialist,0.01509,43,13
T0473,2,Tie,DIR-04,27.548,32.805,12,Strong (two-way),Within community,C3 Trading & logistics desk,3 Director / MD,0.00233,26,74
T0474,1,Tie,UNK-07,91.477,25.208,12,Strong (two-way),Within community,C5 Gas pipeline & regulatory,7 Unknown role,0.00173,19,91
T0474,2,Tie,Rod Hayslett,90.003,30.046,12,Strong (two-way),Within community,C5 Gas pipeline & regulatory,1 Executive,0.00951,26,23
T0475,1,Tie,EMP-07,90.766,20.225,12,Strong (two-way),Within community,C5 Gas pipeline & regulatory,6 Employee / Specialist,0.00065,16,117
T0475,2,Tie,VP-07,83.649,23.867,12,Strong (two-way),Within community,C5 Gas pipeline & regulatory,2 Vice President,0.00379,23,54
T0476,1,Tie,VP-02,61.128,43.002,12,Weak (one-way),Across communities,C1 Leadership core,2 Vice President,0.00227,30,76
T0476,2,Tie,VP-07,83.649,23.867,12,Weak (one-way),Across communities,C5 Gas pipeline & regulatory,2 Vice President,0.00379,23,54
T0477,1,Tie,VP-12,32.784,48.84,11,Strong (two-way),Within community,C1 Leadership core,2 Vice President,0.00517,39,45
T0477,2,Tie,Jeffrey Shankman,45.462,49.371,11,Strong (two-way),Within community,C1 Leadership core,1 Executive,0.00152,31,96
T0478,1,Tie,UNK-03,48.243,90.859,11,Strong (two-way),Within community,C4 Real-time trading desk,7 Unknown role,0.01478,21,15
T0478,2,Tie,EMP-26,54.667,96.295,11,Strong (two-way),Within community,C4 Real-time trading desk,6 Employee / Specialist,0.00183,10,88
T0479,1,Tie,EMP-18,21.165,27.937,11,Strong (two-way),Across communities,C3 Trading & logistics desk,6 Employee / Specialist,0.00135,19,100
T0479,2,Tie,VP-11,39.259,37.901,11,Strong (two-way),Across communities,C1 Leadership core,2 Vice President,0.01084,46,19
T0480,1,Tie,UNK-37,41.898,20.847,11,Strong (two-way),Within community,C3 Trading & logistics desk,7 Unknown role,0.00311,26,65
T0480,2,Tie,TRD-01,37.205,23.423,11,Strong (two-way),Within community,C3 Trading & logistics desk,5 Trader,0.00193,21,84
T0481,1,Tie,David Delainey,53.102,42.037,11,Weak (one-way),Within community,C1 Leadership core,1 Executive,0.00884,44,28
T0481,2,Tie,VP-11,39.259,37.901,11,Weak (one-way),Within community,C1 Leadership core,2 Vice President,0.01084,46,19
T0482,1,Tie,David Delainey,53.102,42.037,11,Strong (two-way),Within community,C1 Leadership core,1 Executive,0.00884,44,28
T0482,2,Tie,MGR-03,49.98,38.558,11,Strong (two-way),Within community,C1 Leadership core,4 Manager,0.00775,38,35
T0483,1,Tie,UNK-16,39.842,29.775,11,Strong (two-way),Across communities,C3 Trading & logistics desk,7 Unknown role,0.00203,21,82
T0483,2,Tie,DIR-10,30.08,37.093,11,Strong (two-way),Across communities,C1 Leadership core,3 Director / MD,0.00336,28,59
T0484,1,Tie,EMP-04,63.283,48.099,11,Strong (two-way),Within community,C1 Leadership core,6 Employee / Specialist,0.00863,32,30
T0484,2,Tie,UNK-26,55.912,57.193,11,Strong (two-way),Within community,C1 Leadership core,7 Unknown role,0.00198,27,83
T0485,1,Tie,EMP-02,74.685,46.468,11,Strong (two-way),Across communities,C2 Staff cluster around DIR-01,6 Employee / Specialist,0.00962,37,22
T0485,2,Tie,UNK-26,55.912,57.193,11,Strong (two-way),Across communities,C1 Leadership core,7 Unknown role,0.00198,27,83
T0486,1,Tie,DIR-09,24.026,20.949,11,Strong (two-way),Within community,C3 Trading & logistics desk,3 Director / MD,0.00119,19,103
T0486,2,Tie,EMP-05,26.599,23.515,11,Strong (two-way),Within community,C3 Trading & logistics desk,6 Employee / Specialist,0.00416,28,50
T0487,1,Tie,EMP-19,33.272,18.097,11,Strong (two-way),Within community,C3 Trading & logistics desk,6 Employee / Specialist,0.00335,27,61
T0487,2,Tie,EMP-12,30.256,29.16,11,Strong (two-way),Within community,C3 Trading & logistics desk,6 Employee / Specialist,0.01509,43,13
T0488,1,Tie,EMP-19,33.272,18.097,11,Weak (one-way),Across communities,C3 Trading & logistics desk,6 Employee / Specialist,0.00335,27,61
T0488,2,Tie,EMP-23,53.353,10.749,11,Weak (one-way),Across communities,C7 Staff cluster around UNK-12,6 Employee / Specialist,0.00046,11,126
T0489,1,Tie,MGR-03,49.98,38.558,11,Strong (two-way),Within community,C1 Leadership core,4 Manager,0.00775,38,35
T0489,2,Tie,VP-03,57.344,43.184,11,Strong (two-way),Within community,C1 Leadership core,2 Vice President,0.00417,36,49
T0490,1,Tie,MGR-03,49.98,38.558,11,Strong (two-way),Within community,C1 Leadership core,4 Manager,0.00775,38,35
T0490,2,Tie,Sally Beck,28.287,54.57,11,Strong (two-way),Within community,C1 Leadership core,1 Executive,0.10151,81,1
T0491,1,Tie,VP-03,57.344,43.184,11,Strong (two-way),Within community,C1 Leadership core,2 Vice President,0.00417,36,49
T0491,2,Tie,UNK-26,55.912,57.193,11,Strong (two-way),Within community,C1 Leadership core,7 Unknown role,0.00198,27,83
T0492,1,Tie,UNK-19,24.57,43.021,11,Strong (two-way),Within community,C1 Leadership core,7 Unknown role,0.0029,26,67
T0492,2,Tie,UNK-38,21.396,44.124,11,Strong (two-way),Within community,C1 Leadership core,7 Unknown role,0.00057,16,120
T0493,1,Tie,John Lavorato,38.979,45.415,11,Weak (one-way),Across communities,C1 Leadership core,1 Executive,0.0922,90,3
T0493,2,Tie,TRD-09,49.277,76.145,11,Weak (one-way),Across communities,C4 Real-time trading desk,5 Trader,0.0052,19,43
T0494,1,Tie,MGR-02,45.315,40.729,11,Strong (two-way),Across communities,C1 Leadership core,4 Manager,0.0175,54,11
T0494,2,Tie,TRD-04,33.638,21.922,11,Strong (two-way),Across communities,C3 Trading & logistics desk,5 Trader,0.00325,28,63
T0495,1,Tie,EMP-12,30.256,29.16,11,Weak (one-way),Across communities,C3 Trading & logistics desk,6 Employee / Specialist,0.01509,43,13
T0495,2,Tie,Sally Beck,28.287,54.57,11,Weak (one-way),Across communities,C1 Leadership core,1 Executive,0.10151,81,1
T0496,1,Tie,EMP-08,52.334,88.455,11,Strong (two-way),Within community,C4 Real-time trading desk,6 Employee / Specialist,0.00443,17,48
T0496,2,Tie,TRD-03,45.543,95.02,11,Strong (two-way),Within community,C4 Real-time trading desk,5 Trader,0.00027,8,136
T0497,1,Tie,Kenneth Lay,53.65,33.485,11,Strong (two-way),Within community,C1 Leadership core,1 Executive,0.04035,62,5
T0497,2,Tie,VP-02,61.128,43.002,11,Strong (two-way),Within community,C1 Leadership core,2 Vice President,0.00227,30,76
T0498,1,Tie,VP-09,51.177,56.265,11,Strong (two-way),Within community,C1 Leadership core,2 Vice President,0.02052,51,8
T0498,2,Tie,UNK-13,43.096,56.021,11,Strong (two-way),Within community,C1 Leadership core,7 Unknown role,0.09633,77,2
T0499,1,Tie,UNK-13,43.096,56.021,11,Strong (two-way),Within community,C1 Leadership core,7 Unknown role,0.09633,77,2
T0499,2,Tie,Sally Beck,28.287,54.57,11,Strong (two-way),Within community,C1 Leadership core,1 Executive,0.10151,81,1
T0500,1,Tie,DIR-14,23.369,49.978,10,Weak (one-way),Within community,C1 Leadership core,3 Director / MD,0.00061,15,118
T0500,2,Tie,VP-10,34.079,39.448,10,Weak (one-way),Within community,C1 Leadership core,2 Vice President,0.01489,50,14
T0501,1,Tie,VP-12,32.784,48.84,10,Strong (two-way),Within community,C1 Leadership core,2 Vice President,0.00517,39,45
T0501,2,Tie,DIR-07,25.647,46.416,10,Strong (two-way),Within community,C1 Leadership core,3 Director / MD,0.00151,22,97
T0502,1,Tie,Jeffrey Shankman,45.462,49.371,10,Strong (two-way),Within community,C1 Leadership core,1 Executive,0.00152,31,96
T0502,2,Tie,VP-15,36.691,52.362,10,Strong (two-way),Within community,C1 Leadership core,2 Vice President,0.00777,42,34
T0503,1,Tie,VP-08,47.328,34.336,10,Strong (two-way),Across communities,C1 Leadership core,2 Vice President,0.01408,41,16
T0503,2,Tie,MGR-05,24.631,30.139,10,Strong (two-way),Across communities,C3 Trading & logistics desk,4 Manager,0.00578,27,40
T0504,1,Tie,EMP-29,43.337,36.48,10,Strong (two-way),Within community,C1 Leadership core,6 Employee / Specialist,0.00252,17,70
T0504,2,Tie,David Delainey,53.102,42.037,10,Strong (two-way),Within community,C1 Leadership core,1 Executive,0.00884,44,28
T0505,1,Tie,UNK-23,72.048,54.524,10,Weak (one-way),Across communities,C2 Staff cluster around DIR-01,7 Unknown role,0.00302,29,66
T0505,2,Tie,DIR-02,59.18,52.06,10,Weak (one-way),Across communities,C1 Leadership core,3 Director / MD,0.00907,40,26
T0506,1,Tie,VP-04,58.757,47.451,10,Strong (two-way),Across communities,C1 Leadership core,2 Vice President,0.0068,37,36
T0506,2,Tie,UNK-02,78.472,48.307,10,Strong (two-way),Across communities,C2 Staff cluster around DIR-01,7 Unknown role,0.00225,26,78
T0507,1,Tie,UNK-37,41.898,20.847,10,Strong (two-way),Across communities,C3 Trading & logistics desk,7 Unknown role,0.00311,26,65
T0507,2,Tie,MGR-03,49.98,38.558,10,Strong (two-way),Across communities,C1 Leadership core,4 Manager,0.00775,38,35
T0508,1,Tie,EMP-14,75.702,38.35,10,Strong (two-way),Within community,C2 Staff cluster around DIR-01,6 Employee / Specialist,0.00471,25,46
T0508,2,Tie,UNK-08,71.713,40.4,10,Strong (two-way),Within community,C2 Staff cluster around DIR-01,7 Unknown role,0.00916,31,25
T0509,1,Tie,David Delainey,53.102,42.037,10,Strong (two-way),Within community,C1 Leadership core,1 Executive,0.00884,44,28
T0509,2,Tie,Kenneth Lay,53.65,33.485,10,Strong (two-way),Within community,C1 Leadership core,1 Executive,0.04035,62,5
T0510,1,Tie,UNK-10,76.803,42.413,10,Strong (two-way),Within community,C2 Staff cluster around DIR-01,7 Unknown role,0.00572,28,41
T0510,2,Tie,EMP-16,76.053,54.902,10,Strong (two-way),Within community,C2 Staff cluster around DIR-01,6 Employee / Specialist,0.0037,23,56
T0511,1,Tie,DIR-02,59.18,52.06,10,Strong (two-way),Across communities,C1 Leadership core,3 Director / MD,0.00907,40,26
T0511,2,Tie,UNK-08,71.713,40.4,10,Strong (two-way),Across communities,C2 Staff cluster around DIR-01,7 Unknown role,0.00916,31,25
T0512,1,Tie,TRD-01,37.205,23.423,10,Strong (two-way),Within community,C3 Trading & logistics desk,5 Trader,0.00193,21,84
T0512,2,Tie,MGR-08,24.114,26.293,10,Strong (two-way),Within community,C3 Trading & logistics desk,4 Manager,0.00176,23,90
T0513,1,Tie,UNK-08,71.713,40.4,10,Strong (two-way),Across communities,C2 Staff cluster around DIR-01,7 Unknown role,0.00916,31,25
T0513,2,Tie,UNK-35,50.365,22.388,10,Strong (two-way),Across communities,C3 Trading & logistics desk,7 Unknown role,0.00104,13,106
T0514,1,Tie,EMP-26,54.667,96.295,10,Strong (two-way),Within community,C4 Real-time trading desk,6 Employee / Specialist,0.00183,10,88
T0514,2,Tie,EMP-08,52.334,88.455,10,Strong (two-way),Within community,C4 Real-time trading desk,6 Employee / Specialist,0.00443,17,48
T0515,1,Tie,EMP-26,54.667,96.295,10,Strong (two-way),Within community,C4 Real-time trading desk,6 Employee / Specialist,0.00183,10,88
T0515,2,Tie,UNK-34,54.346,99.414,10,Strong (two-way),Within community,C4 Real-time trading desk,7 Unknown role,0.00013,8,143
T0516,1,Tie,Jeffery Skilling,54.936,46.157,10,Strong (two-way),Within community,C1 Leadership core,1 Executive,0.00251,32,71
T0516,2,Tie,MGR-03,49.98,38.558,10,Strong (two-way),Within community,C1 Leadership core,4 Manager,0.00775,38,35
T0517,1,Tie,MGR-07,57.155,76.784,10,Strong (two-way),Across communities,C4 Real-time trading desk,4 Manager,0.01714,23,12
T0517,2,Tie,VP-09,51.177,56.265,10,Strong (two-way),Across communities,C1 Leadership core,2 Vice President,0.02052,51,8
T0518,1,Tie,DIR-04,27.548,32.805,10,Strong (two-way),Within community,C3 Trading & logistics desk,3 Director / MD,0.00233,26,74
T0518,2,Tie,UNK-29,30.31,20.866,10,Strong (two-way),Within community,C3 Trading & logistics desk,7 Unknown role,0.00053,17,124
T0519,1,Tie,VP-09,51.177,56.265,10,Strong (two-way),Within community,C1 Leadership core,2 Vice President,0.02052,51,8
T0519,2,Tie,MGR-11,39.395,61.471,10,Strong (two-way),Within community,C1 Leadership core,4 Manager,0.00058,14,119
T0520,1,Tie,VP-09,51.177,56.265,10,Strong (two-way),Within community,C1 Leadership core,2 Vice President,0.02052,51,8
T0520,2,Tie,VP-02,61.128,43.002,10,Strong (two-way),Within community,C1 Leadership core,2 Vice President,0.00227,30,76
T0521,1,Tie,UNK-12,56.107,18.185,10,Strong (two-way),Across communities,C7 Staff cluster around UNK-12,7 Unknown role,0.00274,20,69
T0521,2,Tie,MGR-01,35.494,30.233,10,Strong (two-way),Across communities,C3 Trading & logistics desk,4 Manager,0.01291,48,17
T0522,1,Tie,DIR-12,44.974,75.09,10,Strong (two-way),Across communities,C4 Real-time trading desk,3 Director / MD,0.00401,16,52
T0522,2,Tie,MGR-01,35.494,30.233,10,Strong (two-way),Across communities,C3 Trading & logistics desk,4 Manager,0.01291,48,17
T0523,1,Tie,Jeffrey Shankman,45.462,49.371,9,Strong (two-way),Within community,C1 Leadership core,1 Executive,0.00152,31,96
T0523,2,Tie,DIR-02,59.18,52.06,9,Strong (two-way),Within community,C1 Leadership core,3 Director / MD,0.00907,40,26
T0524,1,Tie,VP-08,47.328,34.336,9,Strong (two-way),Within community,C1 Leadership core,2 Vice President,0.01408,41,16
T0524,2,Tie,MGR-02,45.315,40.729,9,Strong (two-way),Within community,C1 Leadership core,4 Manager,0.0175,54,11
T0525,1,Tie,UNK-03,48.243,90.859,9,Strong (two-way),Within community,C4 Real-time trading desk,7 Unknown role,0.01478,21,15
T0525,2,Tie,UNK-34,54.346,99.414,9,Strong (two-way),Within community,C4 Real-time trading desk,7 Unknown role,0.00013,8,143
T0526,1,Tie,VP-04,58.757,47.451,9,Strong (two-way),Within community,C1 Leadership core,2 Vice President,0.0068,37,36
T0526,2,Tie,David Delainey,53.102,42.037,9,Strong (two-way),Within community,C1 Leadership core,1 Executive,0.00884,44,28
T0527,1,Tie,VP-04,58.757,47.451,9,Strong (two-way),Within community,C1 Leadership core,2 Vice President,0.0068,37,36
T0527,2,Tie,Greg Whalley,48.76,51.913,9,Strong (two-way),Within community,C1 Leadership core,1 Executive,0.00335,36,60
T0528,1,Tie,UNK-06,79.455,52.513,9,Strong (two-way),Across communities,C2 Staff cluster around DIR-01,7 Unknown role,0.00323,23,64
T0528,2,Tie,VP-01,56.668,38.816,9,Strong (two-way),Across communities,C1 Leadership core,2 Vice President,0.00935,35,24
T0529,1,Tie,UNK-06,79.455,52.513,9,Strong (two-way),Within community,C2 Staff cluster around DIR-01,7 Unknown role,0.00323,23,64
T0529,2,Tie,EMP-16,76.053,54.902,9,Strong (two-way),Within community,C2 Staff cluster around DIR-01,6 Employee / Specialist,0.0037,23,56
T0530,1,Tie,VP-06,87.366,26.063,9,Strong (two-way),Within community,C5 Gas pipeline & regulatory,2 Vice President,0.00853,29,32
T0530,2,Tie,MGR-06,98.418,20.504,9,Strong (two-way),Within community,C5 Gas pipeline & regulatory,4 Manager,0.00126,16,102
T0531,1,Tie,VP-06,87.366,26.063,9,Strong (two-way),Within community,C5 Gas pipeline & regulatory,2 Vice President,0.00853,29,32
T0531,2,Tie,EMP-13,94.721,25.85,9,Strong (two-way),Within community,C5 Gas pipeline & regulatory,6 Employee / Specialist,0.00101,17,107
T0532,1,Tie,DIR-02,59.18,52.06,9,Strong (two-way),Within community,C1 Leadership core,3 Director / MD,0.00907,40,26
T0532,2,Tie,MGR-04,52.35,51.586,9,Strong (two-way),Within community,C1 Leadership core,4 Manager,0.00157,26,94
T0533,1,Tie,EMP-27,28.066,43.602,9,Strong (two-way),Within community,C1 Leadership core,6 Employee / Specialist,0.00147,24,98
T0533,2,Tie,VP-05,31.959,43.993,9,Strong (two-way),Within community,C1 Leadership core,2 Vice President,0.00619,42,38
T0534,1,Tie,DIR-09,24.026,20.949,9,Weak (one-way),Within community,C3 Trading & logistics desk,3 Director / MD,0.00119,19,103
T0534,2,Tie,EMP-12,30.256,29.16,9,Weak (one-way),Within community,C3 Trading & logistics desk,6 Employee / Specialist,0.01509,43,13
T0535,1,Tie,Greg Whalley,48.76,51.913,9,Weak (one-way),Within community,C1 Leadership core,1 Executive,0.00335,36,60
T0535,2,Tie,VP-09,51.177,56.265,9,Weak (one-way),Within community,C1 Leadership core,2 Vice President,0.02052,51,8
T0536,1,Tie,UNK-46,14.67,60.867,9,Weak (one-way),Within community,C1 Leadership core,7 Unknown role,0.0,1,146
T0536,2,Tie,Sally Beck,28.287,54.57,9,Weak (one-way),Within community,C1 Leadership core,1 Executive,0.10151,81,1
T0537,1,Tie,VP-11,39.259,37.901,9,Strong (two-way),Within community,C1 Leadership core,2 Vice President,0.01084,46,19
T0537,2,Tie,VP-09,51.177,56.265,9,Strong (two-way),Within community,C1 Leadership core,2 Vice President,0.02052,51,8
T0538,1,Tie,VP-11,39.259,37.901,9,Strong (two-way),Across communities,C1 Leadership core,2 Vice President,0.01084,46,19
T0538,2,Tie,UNK-36,80.635,40.752,9,Strong (two-way),Across communities,C2 Staff cluster around DIR-01,7 Unknown role,0.00134,16,101
T0539,1,Tie,EMP-15,62.704,54.179,9,Strong (two-way),Within community,C1 Leadership core,6 Employee / Specialist,0.0018,22,89
T0539,2,Tie,UNK-26,55.912,57.193,9,Strong (two-way),Within community,C1 Leadership core,7 Unknown role,0.00198,27,83
T0540,1,Tie,VP-13,30.535,24.387,9,Strong (two-way),Within community,C3 Trading & logistics desk,2 Vice President,0.00448,28,47
T0540,2,Tie,EMP-05,26.599,23.515,9,Strong (two-way),Within community,C3 Trading & logistics desk,6 Employee / Specialist,0.00416,28,50
T0541,1,Tie,VP-13,30.535,24.387,9,Strong (two-way),Within community,C3 Trading & logistics desk,2 Vice President,0.00448,28,47
T0541,2,Tie,UNK-29,30.31,20.866,9,Strong (two-way),Within community,C3 Trading & logistics desk,7 Unknown role,0.00053,17,124
T0542,1,Tie,EMP-19,33.272,18.097,9,Weak (one-way),Across communities,C3 Trading & logistics desk,6 Employee / Specialist,0.00335,27,61
T0542,2,Tie,UNK-12,56.107,18.185,9,Weak (one-way),Across communities,C7 Staff cluster around UNK-12,7 Unknown role,0.00274,20,69
T0543,1,Tie,MGR-03,49.98,38.558,9,Strong (two-way),Within community,C1 Leadership core,4 Manager,0.00775,38,35
T0543,2,Tie,UNK-13,43.096,56.021,9,Strong (two-way),Within community,C1 Leadership core,7 Unknown role,0.09633,77,2
T0544,1,Tie,VP-03,57.344,43.184,9,Strong (two-way),Within community,C1 Leadership core,2 Vice President,0.00417,36,49
T0544,2,Tie,MGR-02,45.315,40.729,9,Strong (two-way),Within community,C1 Leadership core,4 Manager,0.0175,54,11
T0545,1,Tie,EMP-12,30.256,29.16,9,Weak (one-way),Within community,C3 Trading & logistics desk,6 Employee / Specialist,0.01509,43,13
T0545,2,Tie,TRD-04,33.638,21.922,9,Weak (one-way),Within community,C3 Trading & logistics desk,5 Trader,0.00325,28,63
T0546,1,Tie,DIR-03,87.324,21.527,9,Strong (two-way),Within community,C5 Gas pipeline & regulatory,3 Director / MD,0.00605,23,39
T0546,2,Tie,EMP-13,94.721,25.85,9,Strong (two-way),Within community,C5 Gas pipeline & regulatory,6 Employee / Specialist,0.00101,17,107
T0547,1,Tie,UNK-27,27.228,17.741,9,Strong (two-way),Within community,C3 Trading & logistics desk,7 Unknown role,0.01857,25,10
T0547,2,Tie,EMP-05,26.599,23.515,9,Strong (two-way),Within community,C3 Trading & logistics desk,6 Employee / Specialist,0.00416,28,50
T0548,1,Tie,Louise Kitchen,49.827,46.741,9,Weak (one-way),Across communities,C1 Leadership core,1 Executive,0.02954,64,6
T0548,2,Tie,TRD-09,49.277,76.145,9,Weak (one-way),Across communities,C4 Real-time trading desk,5 Trader,0.0052,19,43
T0549,1,Tie,MGR-08,24.114,26.293,9,Strong (two-way),Within community,C3 Trading & logistics desk,4 Manager,0.00176,23,90
T0549,2,Tie,MGR-01,35.494,30.233,9,Strong (two-way),Within community,C3 Trading & logistics desk,4 Manager,0.01291,48,17
T0550,1,Tie,EMP-07,90.766,20.225,9,Strong (two-way),Within community,C5 Gas pipeline & regulatory,6 Employee / Specialist,0.00065,16,117
T0550,2,Tie,EMP-13,94.721,25.85,9,Strong (two-way),Within community,C5 Gas pipeline & regulatory,6 Employee / Specialist,0.00101,17,107
T0551,1,Tie,UNK-14,55.245,53.635,9,Strong (two-way),Within community,C1 Leadership core,7 Unknown role,0.00278,24,68
T0551,2,Tie,MGR-04,52.35,51.586,9,Strong (two-way),Within community,C1 Leadership core,4 Manager,0.00157,26,94
T0552,1,Tie,VP-10,34.079,39.448,9,Weak (one-way),Across communities,C1 Leadership core,2 Vice President,0.01489,50,14
T0552,2,Tie,EMP-31,73.852,57.529,9,Weak (one-way),Across communities,C2 Staff cluster around DIR-01,6 Employee / Specialist,0.00046,9,125
T0553,1,Tie,EMP-30,43.343,100.0,8,Strong (two-way),Within community,C4 Real-time trading desk,6 Employee / Specialist,0.00101,7,109
T0553,2,Tie,TRD-03,45.543,95.02,8,Strong (two-way),Within community,C4 Real-time trading desk,5 Trader,0.00027,8,136
T0554,1,Tie,VP-16,42.923,32.26,8,Strong (two-way),Within community,C1 Leadership core,2 Vice President,0.0064,30,37
T0554,2,Tie,VP-11,39.259,37.901,8,Strong (two-way),Within community,C1 Leadership core,2 Vice President,0.01084,46,19
T0555,1,Tie,Jeffrey Shankman,45.462,49.371,8,Strong (two-way),Within community,C1 Leadership core,1 Executive,0.00152,31,96
T0555,2,Tie,VP-03,57.344,43.184,8,Strong (two-way),Within community,C1 Leadership core,2 Vice President,0.00417,36,49
T0556,1,Tie,UNK-25,100.0,25.093,8,Strong (two-way),Within community,C5 Gas pipeline & regulatory,7 Unknown role,0.00241,15,73
T0556,2,Tie,Rod Hayslett,90.003,30.046,8,Strong (two-way),Within community,C5 Gas pipeline & regulatory,1 Executive,0.00951,26,23
T0557,1,Tie,EMP-28,26.594,39.479,8,Strong (two-way),Within community,C1 Leadership core,6 Employee / Specialist,0.00226,22,77
T0557,2,Tie,EMP-27,28.066,43.602,8,Strong (two-way),Within community,C1 Leadership core,6 Employee / Specialist,0.00147,24,98
T0558,1,Tie,UNK-23,72.048,54.524,8,Weak (one-way),Within community,C2 Staff cluster around DIR-01,7 Unknown role,0.00302,29,66
T0558,2,Tie,DIR-01,69.375,45.275,8,Weak (one-way),Within community,C2 Staff cluster around DIR-01,3 Director / MD,0.01936,50,9
T0559,1,Tie,MGR-05,24.631,30.139,8,Weak (one-way),Within community,C3 Trading & logistics desk,4 Manager,0.00578,27,40
T0559,2,Tie,MGR-09,14.321,30.341,8,Weak (one-way),Within community,C3 Trading & logistics desk,4 Manager,0.0016,13,93
T0560,1,Tie,EMP-06,66.911,51.448,8,Weak (one-way),Across communities,C2 Staff cluster around DIR-01,6 Employee / Specialist,0.01223,32,18
T0560,2,Tie,VP-11,39.259,37.901,8,Weak (one-way),Across communities,C1 Leadership core,2 Vice President,0.01084,46,19
T0561,1,Tie,VP-17,37.06,59.175,8,Weak (one-way),Within community,C1 Leadership core,2 Vice President,0.00186,22,87
T0561,2,Tie,John Lavorato,38.979,45.415,8,Weak (one-way),Within community,C1 Leadership core,1 Executive,0.0922,90,3
T0562,1,Tie,VP-14,83.915,28.874,8,Strong (two-way),Within community,C5 Gas pipeline & regulatory,2 Vice President,0.00518,24,44
T0562,2,Tie,UNK-07,91.477,25.208,8,Strong (two-way),Within community,C5 Gas pipeline & regulatory,7 Unknown role,0.00173,19,91
T0563,1,Tie,UNK-06,79.455,52.513,8,Strong (two-way),Within community,C2 Staff cluster around DIR-01,7 Unknown role,0.00323,23,64
T0563,2,Tie,UNK-10,76.803,42.413,8,Strong (two-way),Within community,C2 Staff cluster around DIR-01,7 Unknown role,0.00572,28,41
T0564,1,Tie,UNK-10,76.803,42.413,8,Strong (two-way),Across communities,C2 Staff cluster around DIR-01,7 Unknown role,0.00572,28,41
T0564,2,Tie,VP-10,34.079,39.448,8,Strong (two-way),Across communities,C1 Leadership core,2 Vice President,0.01489,50,14
T0565,1,Tie,TRD-05,54.232,84.49,8,Strong (two-way),Within community,C4 Real-time trading desk,5 Trader,0.0086,16,31
T0565,2,Tie,EMP-26,54.667,96.295,8,Strong (two-way),Within community,C4 Real-time trading desk,6 Employee / Specialist,0.00183,10,88
T0566,1,Tie,VP-06,87.366,26.063,8,Strong (two-way),Across communities,C5 Gas pipeline & regulatory,2 Vice President,0.00853,29,32
T0566,2,Tie,UNK-08,71.713,40.4,8,Strong (two-way),Across communities,C2 Staff cluster around DIR-01,7 Unknown role,0.00916,31,25
T0567,1,Tie,VP-06,87.366,26.063,8,Weak (one-way),Within community,C5 Gas pipeline & regulatory,2 Vice President,0.00853,29,32
T0567,2,Tie,EMP-07,90.766,20.225,8,Weak (one-way),Within community,C5 Gas pipeline & regulatory,6 Employee / Specialist,0.00065,16,117
T0568,1,Tie,UNK-39,61.38,11.1,8,Strong (two-way),Within community,C6 Trading & logistics desk (TRD-02),7 Unknown role,0.00155,12,95
T0568,2,Tie,UNK-44,62.565,0.0,8,Strong (two-way),Within community,C6 Trading & logistics desk (TRD-02),7 Unknown role,0.00019,6,141
T0569,1,Tie,VP-19,47.278,61.355,8,Strong (two-way),Within community,C1 Leadership core,2 Vice President,0.00109,19,105
T0569,2,Tie,MGR-03,49.98,38.558,8,Strong (two-way),Within community,C1 Leadership core,4 Manager,0.00775,38,35
T0570,1,Tie,VP-11,39.259,37.901,8,Strong (two-way),Within community,C1 Leadership core,2 Vice President,0.01084,46,19
T0570,2,Tie,VP-05,31.959,43.993,8,Strong (two-way),Within community,C1 Leadership core,2 Vice President,0.00619,42,38
T0571,1,Tie,EMP-15,62.704,54.179,8,Strong (two-way),Within community,C1 Leadership core,6 Employee / Specialist,0.0018,22,89
T0571,2,Tie,Kenneth Lay,53.65,33.485,8,Strong (two-way),Within community,C1 Leadership core,1 Executive,0.04035,62,5
T0572,1,Tie,VP-13,30.535,24.387,8,Weak (one-way),Within community,C3 Trading & logistics desk,2 Vice President,0.00448,28,47
T0572,2,Tie,EMP-12,30.256,29.16,8,Weak (one-way),Within community,C3 Trading & logistics desk,6 Employee / Specialist,0.01509,43,13
T0573,1,Tie,UNK-28,22.335,23.619,8,Weak (one-way),Within community,C3 Trading & logistics desk,7 Unknown role,0.00053,18,123
T0573,2,Tie,EMP-12,30.256,29.16,8,Weak (one-way),Within community,C3 Trading & logistics desk,6 Employee / Specialist,0.01509,43,13
T0574,1,Tie,TRD-07,35.705,35.251,8,Strong (two-way),Within community,C1 Leadership core,5 Trader,0.00211,23,81
T0574,2,Tie,VP-10,34.079,39.448,8,Strong (two-way),Within community,C1 Leadership core,2 Vice President,0.01489,50,14
T0575,1,Tie,MGR-03,49.98,38.558,8,Strong (two-way),Within community,C1 Leadership core,4 Manager,0.00775,38,35
T0575,2,Tie,VP-09,51.177,56.265,8,Strong (two-way),Within community,C1 Leadership core,2 Vice President,0.02052,51,8
T0576,1,Tie,John Lavorato,38.979,45.415,8,Strong (two-way),Across communities,C1 Leadership core,1 Executive,0.0922,90,3
T0576,2,Tie,DIR-04,27.548,32.805,8,Strong (two-way),Across communities,C3 Trading & logistics desk,3 Director / MD,0.00233,26,74
T0577,1,Tie,MGR-02,45.315,40.729,8,Strong (two-way),Across communities,C1 Leadership core,4 Manager,0.0175,54,11
T0577,2,Tie,UNK-20,34.304,25.772,8,Strong (two-way),Across communities,C3 Trading & logistics desk,7 Unknown role,0.00398,32,53
T0578,1,Tie,EMP-12,30.256,29.16,8,Strong (two-way),Within community,C3 Trading & logistics desk,6 Employee / Specialist,0.01509,43,13
T0578,2,Tie,UNK-27,27.228,17.741,8,Strong (two-way),Within community,C3 Trading & logistics desk,7 Unknown role,0.01857,25,10
T0579,1,Tie,Kenneth Lay,53.65,33.485,8,Strong (two-way),Within community,C1 Leadership core,1 Executive,0.04035,62,5
T0579,2,Tie,UNK-14,55.245,53.635,8,Strong (two-way),Within community,C1 Leadership core,7 Unknown role,0.00278,24,68
T0580,1,Tie,Kenneth Lay,53.65,33.485,8,Strong (two-way),Across communities,C1 Leadership core,1 Executive,0.04035,62,5
T0580,2,Tie,Stanley Horton,79.267,30.357,8,Strong (two-way),Across communities,C5 Gas pipeline & regulatory,1 Executive,0.01057,33,20
T0581,1,Tie,DIR-03,87.324,21.527,8,Strong (two-way),Within community,C5 Gas pipeline & regulatory,3 Director / MD,0.00605,23,39
T0581,2,Tie,VP-07,83.649,23.867,8,Strong (two-way),Within community,C5 Gas pipeline & regulatory,2 Vice President,0.00379,23,54
T0582,1,Tie,UNK-13,43.096,56.021,8,Strong (two-way),Within community,C1 Leadership core,7 Unknown role,0.09633,77,2
T0582,2,Tie,VP-10,34.079,39.448,8,Strong (two-way),Within community,C1 Leadership core,2 Vice President,0.01489,50,14
T0583,1,Tie,Louise Kitchen,49.827,46.741,8,Strong (two-way),Across communities,C1 Leadership core,1 Executive,0.02954,64,6
T0583,2,Tie,UNK-31,64.486,59.831,8,Strong (two-way),Across communities,C2 Staff cluster around DIR-01,7 Unknown role,0.00825,25,33
T0584,1,Tie,MGR-08,24.114,26.293,8,Strong (two-way),Within community,C3 Trading & logistics desk,4 Manager,0.00176,23,90
T0584,2,Tie,EMP-05,26.599,23.515,8,Strong (two-way),Within community,C3 Trading & logistics desk,6 Employee / Specialist,0.00416,28,50
T0585,1,Tie,EMP-05,26.599,23.515,8,Weak (one-way),Within community,C3 Trading & logistics desk,6 Employee / Specialist,0.00416,28,50
T0585,2,Tie,UNK-40,21.333,17.747,8,Weak (one-way),Within community,C3 Trading & logistics desk,7 Unknown role,0.00039,14,130
T0586,1,Tie,MGR-01,35.494,30.233,8,Weak (one-way),Within community,C3 Trading & logistics desk,4 Manager,0.01291,48,17
T0586,2,Tie,UNK-40,21.333,17.747,8,Weak (one-way),Within community,C3 Trading & logistics desk,7 Unknown role,0.00039,14,130
T0587,1,Tie,TRD-09,49.277,76.145,8,Weak (one-way),Across communities,C4 Real-time trading desk,5 Trader,0.0052,19,43
T0587,2,Tie,UNK-01,71.717,50.254,8,Weak (one-way),Across communities,C2 Staff cluster around DIR-01,7 Unknown role,0.00896,38,27
T0588,1,Tie,Stanley Horton,79.267,30.357,8,Strong (two-way),Within community,C5 Gas pipeline & regulatory,1 Executive,0.01057,33,20
T0588,2,Tie,EMP-13,94.721,25.85,8,Strong (two-way),Within community,C5 Gas pipeline & regulatory,6 Employee / Specialist,0.00101,17,107
T0589,1,Tie,MGR-06,98.418,20.504,8,Strong (two-way),Within community,C5 Gas pipeline & regulatory,4 Manager,0.00126,16,102
T0589,2,Tie,EMP-13,94.721,25.85,8,Strong (two-way),Within community,C5 Gas pipeline & regulatory,6 Employee / Specialist,0.00101,17,107
T0590,1,Tie,VP-16,42.923,32.26,7,Strong (two-way),Across communities,C1 Leadership core,2 Vice President,0.0064,30,37
T0590,2,Tie,UNK-37,41.898,20.847,7,Strong (two-way),Across communities,C3 Trading & logistics desk,7 Unknown role,0.00311,26,65
T0591,1,Tie,VP-16,42.923,32.26,7,Weak (one-way),Within community,C1 Leadership core,2 Vice President,0.0064,30,37
T0591,2,Tie,UNK-13,43.096,56.021,7,Weak (one-way),Within community,C1 Leadership core,7 Unknown role,0.09633,77,2
T0592,1,Tie,VP-12,32.784,48.84,7,Strong (two-way),Within community,C1 Leadership core,2 Vice President,0.00517,39,45
T0592,2,Tie,UNK-13,43.096,56.021,7,Strong (two-way),Within community,C1 Leadership core,7 Unknown role,0.09633,77,2
T0593,1,Tie,Jeffrey Shankman,45.462,49.371,7,Strong (two-way),Within community,C1 Leadership core,1 Executive,0.00152,31,96
T0593,2,Tie,DIR-11,29.851,40.726,7,Strong (two-way),Within community,C1 Leadership core,3 Director / MD,0.00164,23,92
T0594,1,Tie,UNK-03,48.243,90.859,7,Strong (two-way),Within community,C4 Real-time trading desk,7 Unknown role,0.01478,21,15
T0594,2,Tie,EMP-34,60.099,98.207,7,Strong (two-way),Within community,C4 Real-time trading desk,6 Employee / Specialist,0.00212,9,80
T0595,1,Tie,EMP-28,26.594,39.479,7,Weak (one-way),Across communities,C1 Leadership core,6 Employee / Specialist,0.00226,22,77
T0595,2,Tie,MGR-08,24.114,26.293,7,Weak (one-way),Across communities,C3 Trading & logistics desk,4 Manager,0.00176,23,90
T0596,1,Tie,UNK-23,72.048,54.524,7,Strong (two-way),Across communities,C2 Staff cluster around DIR-01,7 Unknown role,0.00302,29,66
T0596,2,Tie,VP-04,58.757,47.451,7,Strong (two-way),Across communities,C1 Leadership core,2 Vice President,0.0068,37,36
T0597,1,Tie,VP-04,58.757,47.451,7,Strong (two-way),Within community,C1 Leadership core,2 Vice President,0.0068,37,36
T0597,2,Tie,VP-09,51.177,56.265,7,Strong (two-way),Within community,C1 Leadership core,2 Vice President,0.02052,51,8
T0598,1,Tie,VP-04,58.757,47.451,7,Strong (two-way),Within community,C1 Leadership core,2 Vice President,0.0068,37,36
T0598,2,Tie,Louise Kitchen,49.827,46.741,7,Strong (two-way),Within community,C1 Leadership core,1 Executive,0.02954,64,6
T0599,1,Tie,EMP-17,54.766,91.177,7,Strong (two-way),Within community,C4 Real-time trading desk,6 Employee / Specialist,0.00113,13,104
T0599,2,Tie,MGR-07,57.155,76.784,7,Strong (two-way),Within community,C4 Real-time trading desk,4 Manager,0.01714,23,12
T0600,1,Tie,UNK-37,41.898,20.847,7,Strong (two-way),Within community,C3 Trading & logistics desk,7 Unknown role,0.00311,26,65
T0600,2,Tie,UNK-29,30.31,20.866,7,Strong (two-way),Within community,C3 Trading & logistics desk,7 Unknown role,0.00053,17,124
T0601,1,Tie,MGR-05,24.631,30.139,7,Weak (one-way),Across communities,C3 Trading & logistics desk,4 Manager,0.00578,27,40
T0601,2,Tie,DIR-10,30.08,37.093,7,Weak (one-way),Across communities,C1 Leadership core,3 Director / MD,0.00336,28,59
T0602,1,Tie,VP-17,37.06,59.175,7,Strong (two-way),Within community,C1 Leadership core,2 Vice President,0.00186,22,87
T0602,2,Tie,VP-01,56.668,38.816,7,Strong (two-way),Within community,C1 Leadership core,2 Vice President,0.00935,35,24
T0603,1,Tie,EMP-14,75.702,38.35,7,Strong (two-way),Within community,C2 Staff cluster around DIR-01,6 Employee / Specialist,0.00471,25,46
T0603,2,Tie,UNK-36,80.635,40.752,7,Strong (two-way),Within community,C2 Staff cluster around DIR-01,7 Unknown role,0.00134,16,101
T0604,1,Tie,UNK-06,79.455,52.513,7,Strong (two-way),Across communities,C2 Staff cluster around DIR-01,7 Unknown role,0.00323,23,64
T0604,2,Tie,TRD-02,64.748,22.504,7,Strong (two-way),Across communities,C6 Trading & logistics desk (TRD-02),5 Trader,0.00349,21,57
T0605,1,Tie,UNK-10,76.803,42.413,7,Strong (two-way),Within community,C2 Staff cluster around DIR-01,7 Unknown role,0.00572,28,41
T0605,2,Tie,UNK-05,81.349,49.754,7,Strong (two-way),Within community,C2 Staff cluster around DIR-01,7 Unknown role,0.00036,15,134
T0606,1,Tie,TRD-05,54.232,84.49,7,Weak (one-way),Within community,C4 Real-time trading desk,5 Trader,0.0086,16,31
T0606,2,Tie,EMP-32,60.352,93.756,7,Weak (one-way),Within community,C4 Real-time trading desk,6 Employee / Specialist,0.00037,9,132
T0607,1,Tie,VP-01,56.668,38.816,7,Strong (two-way),Within community,C1 Leadership core,2 Vice President,0.00935,35,24
T0607,2,Tie,EMP-33,57.558,30.343,7,Strong (two-way),Within community,C1 Leadership core,6 Employee / Specialist,7e-05,4,145
T0608,1,Tie,DIR-02,59.18,52.06,7,Weak (one-way),Across communities,C1 Leadership core,3 Director / MD,0.00907,40,26
T0608,2,Tie,UNK-02,78.472,48.307,7,Weak (one-way),Across communities,C2 Staff cluster around DIR-01,7 Unknown role,0.00225,26,78
T0609,1,Tie,DIR-02,59.18,52.06,7,Strong (two-way),Across communities,C1 Leadership core,3 Director / MD,0.00907,40,26
T0609,2,Tie,UNK-01,71.717,50.254,7,Strong (two-way),Across communities,C2 Staff cluster around DIR-01,7 Unknown role,0.00896,38,27
T0610,1,Tie,TRD-01,37.205,23.423,7,Strong (two-way),Across communities,C3 Trading & logistics desk,5 Trader,0.00193,21,84
T0610,2,Tie,EMP-27,28.066,43.602,7,Strong (two-way),Across communities,C1 Leadership core,6 Employee / Specialist,0.00147,24,98
T0611,1,Tie,DIR-11,29.851,40.726,7,Strong (two-way),Within community,C1 Leadership core,3 Director / MD,0.00164,23,92
T0611,2,Tie,TRD-07,35.705,35.251,7,Strong (two-way),Within community,C1 Leadership core,5 Trader,0.00211,23,81
T0612,1,Tie,VP-15,36.691,52.362,7,Strong (two-way),Within community,C1 Leadership core,2 Vice President,0.00777,42,34
T0612,2,Tie,Greg Whalley,48.76,51.913,7,Strong (two-way),Within community,C1 Leadership core,1 Executive,0.00335,36,60
T0613,1,Tie,DIR-09,24.026,20.949,7,Weak (one-way),Within community,C3 Trading & logistics desk,3 Director / MD,0.00119,19,103
T0613,2,Tie,MGR-08,24.114,26.293,7,Weak (one-way),Within community,C3 Trading & logistics desk,4 Manager,0.00176,23,90
T0614,1,Tie,EMP-21,50.159,95.273,7,Strong (two-way),Within community,C4 Real-time trading desk,6 Employee / Specialist,0.00069,10,115
T0614,2,Tie,EMP-08,52.334,88.455,7,Strong (two-way),Within community,C4 Real-time trading desk,6 Employee / Specialist,0.00443,17,48
T0615,1,Tie,UNK-08,71.713,40.4,7,Strong (two-way),Across communities,C2 Staff cluster around DIR-01,7 Unknown role,0.00916,31,25
T0615,2,Tie,TRD-07,35.705,35.251,7,Strong (two-way),Across communities,C1 Leadership core,5 Trader,0.00211,23,81
T0616,1,Tie,VP-11,39.259,37.901,7,Strong (two-way),Across communities,C1 Leadership core,2 Vice President,0.01084,46,19
T0616,2,Tie,EMP-12,30.256,29.16,7,Strong (two-way),Across communities,C3 Trading & logistics desk,6 Employee / Specialist,0.01509,43,13
T0617,1,Tie,VP-11,39.259,37.901,7,Strong (two-way),Across communities,C1 Leadership core,2 Vice President,0.01084,46,19
T0617,2,Tie,TRD-10,71.128,36.5,7,Strong (two-way),Across communities,C2 Staff cluster around DIR-01,5 Trader,0.00074,14,113
T0618,1,Tie,UNK-22,79.836,44.96,7,Strong (two-way),Within community,C2 Staff cluster around DIR-01,7 Unknown role,0.00246,23,72
T0618,2,Tie,UNK-01,71.717,50.254,7,Strong (two-way),Within community,C2 Staff cluster around DIR-01,7 Unknown role,0.00896,38,27
T0619,1,Tie,EMP-19,33.272,18.097,7,Strong (two-way),Across communities,C3 Trading & logistics desk,6 Employee / Specialist,0.00335,27,61
T0619,2,Tie,John Lavorato,38.979,45.415,7,Strong (two-way),Across communities,C1 Leadership core,1 Executive,0.0922,90,3
T0620,1,Tie,EMP-19,33.272,18.097,7,Strong (two-way),Within community,C3 Trading & logistics desk,6 Employee / Specialist,0.00335,27,61
T0620,2,Tie,TRD-04,33.638,21.922,7,Strong (two-way),Within community,C3 Trading & logistics desk,5 Trader,0.00325,28,63
T0621,1,Tie,DIR-01,69.375,45.275,7,Strong (two-way),Across communities,C2 Staff cluster around DIR-01,3 Director / MD,0.01936,50,9
T0621,2,Tie,MGR-01,35.494,30.233,7,Strong (two-way),Across communities,C3 Trading & logistics desk,4 Manager,0.01291,48,17
T0622,1,Tie,DIR-01,69.375,45.275,7,Strong (two-way),Within community,C2 Staff cluster around DIR-01,3 Director / MD,0.01936,50,9
T0622,2,Tie,UNK-02,78.472,48.307,7,Strong (two-way),Within community,C2 Staff cluster around DIR-01,7 Unknown role,0.00225,26,78
T0623,1,Tie,DIR-01,69.375,45.275,7,Weak (one-way),Across communities,C2 Staff cluster around DIR-01,3 Director / MD,0.01936,50,9
T0623,2,Tie,VP-03,57.344,43.184,7,Weak (one-way),Across communities,C1 Leadership core,2 Vice President,0.00417,36,49
T0624,1,Tie,Jeffery Skilling,54.936,46.157,7,Strong (two-way),Within community,C1 Leadership core,1 Executive,0.00251,32,71
T0624,2,Tie,Sally Beck,28.287,54.57,7,Strong (two-way),Within community,C1 Leadership core,1 Executive,0.10151,81,1
T0625,1,Tie,TRD-07,35.705,35.251,7,Strong (two-way),Across communities,C1 Leadership core,5 Trader,0.00211,23,81
T0625,2,Tie,UNK-18,66.784,40.629,7,Strong (two-way),Across communities,C2 Staff cluster around DIR-01,7 Unknown role,0.00881,25,29
T0626,1,Tie,MGR-03,49.98,38.558,7,Strong (two-way),Within community,C1 Leadership core,4 Manager,0.00775,38,35
T0626,2,Tie,VP-05,31.959,43.993,7,Strong (two-way),Within community,C1 Leadership core,2 Vice President,0.00619,42,38
T0627,1,Tie,John Lavorato,38.979,45.415,7,Strong (two-way),Within community,C1 Leadership core,1 Executive,0.0922,90,3
T0627,2,Tie,Kenneth Lay,53.65,33.485,7,Strong (two-way),Within community,C1 Leadership core,1 Executive,0.04035,62,5
T0628,1,Tie,VP-18,35.303,56.167,7,Weak (one-way),Across communities,C1 Leadership core,2 Vice President,0.0019,20,86
T0628,2,Tie,UNK-01,71.717,50.254,7,Weak (one-way),Across communities,C2 Staff cluster around DIR-01,7 Unknown role,0.00896,38,27
T0629,1,Tie,DIR-08,29.195,47.035,7,Strong (two-way),Across communities,C1 Leadership core,3 Director / MD,0.00342,30,58
T0629,2,Tie,EMP-12,30.256,29.16,7,Strong (two-way),Across communities,C3 Trading & logistics desk,6 Employee / Specialist,0.01509,43,13
T0630,1,Tie,DIR-08,29.195,47.035,7,Strong (two-way),Within community,C1 Leadership core,3 Director / MD,0.00342,30,58
T0630,2,Tie,UNK-38,21.396,44.124,7,Strong (two-way),Within community,C1 Leadership core,7 Unknown role,0.00057,16,120
T0631,1,Tie,DIR-08,29.195,47.035,7,Weak (one-way),Across communities,C1 Leadership core,3 Director / MD,0.00342,30,58
T0631,2,Tie,UNK-09,32.175,33.629,7,Weak (one-way),Across communities,C3 Trading & logistics desk,7 Unknown role,0.00544,32,42
T0632,1,Tie,MGR-02,45.315,40.729,7,Weak (one-way),Within community,C1 Leadership core,4 Manager,0.0175,54,11
T0632,2,Tie,UNK-13,43.096,56.021,7,Weak (one-way),Within community,C1 Leadership core,7 Unknown role,0.09633,77,2
T0633,1,Tie,DIR-04,27.548,32.805,7,Strong (two-way),Within community,C3 Trading & logistics desk,3 Director / MD,0.00233,26,74
T0633,2,Tie,UNK-04,45.541,26.096,7,Strong (two-way),Within community,C3 Trading & logistics desk,7 Unknown role,0.06907,59,4
T0634,1,Tie,Kenneth Lay,53.65,33.485,7,Weak (one-way),Within community,C1 Leadership core,1 Executive,0.04035,62,5
T0634,2,Tie,UNK-13,43.096,56.021,7,Weak (one-way),Within community,C1 Leadership core,7 Unknown role,0.09633,77,2
T0635,1,Tie,DIR-03,87.324,21.527,7,Strong (two-way),Within community,C5 Gas pipeline & regulatory,3 Director / MD,0.00605,23,39
T0635,2,Tie,UNK-17,96.938,23.462,7,Strong (two-way),Within community,C5 Gas pipeline & regulatory,7 Unknown role,0.00138,15,99
T0636,1,Tie,UNK-15,93.947,19.517,7,Weak (one-way),Within community,C5 Gas pipeline & regulatory,7 Unknown role,0.00044,15,128
T0636,2,Tie,UNK-17,96.938,23.462,7,Weak (one-way),Within community,C5 Gas pipeline & regulatory,7 Unknown role,0.00138,15,99
T0637,1,Tie,UNK-17,96.938,23.462,7,Strong (two-way),Within community,C5 Gas pipeline & regulatory,7 Unknown role,0.00138,15,99
T0637,2,Tie,Rod Hayslett,90.003,30.046,7,Strong (two-way),Within community,C5 Gas pipeline & regulatory,1 Executive,0.00951,26,23
T0638,1,Tie,UNK-29,30.31,20.866,7,Strong (two-way),Within community,C3 Trading & logistics desk,7 Unknown role,0.00053,17,124
T0638,2,Tie,UNK-04,45.541,26.096,7,Strong (two-way),Within community,C3 Trading & logistics desk,7 Unknown role,0.06907,59,4
T0639,1,Tie,EMP-07,90.766,20.225,7,Strong (two-way),Within community,C5 Gas pipeline & regulatory,6 Employee / Specialist,0.00065,16,117
T0639,2,Tie,Rod Hayslett,90.003,30.046,7,Strong (two-way),Within community,C5 Gas pipeline & regulatory,1 Executive,0.00951,26,23
T0640,1,Tie,MGR-01,35.494,30.233,7,Strong (two-way),Across communities,C3 Trading & logistics desk,4 Manager,0.01291,48,17
T0640,2,Tie,TRD-09,49.277,76.145,7,Strong (two-way),Across communities,C4 Real-time trading desk,5 Trader,0.0052,19,43
T0641,1,Tie,UNK-20,34.304,25.772,7,Strong (two-way),Within community,C3 Trading & logistics desk,7 Unknown role,0.00398,32,53
T0641,2,Tie,TRD-04,33.638,21.922,7,Strong (two-way),Within community,C3 Trading & logistics desk,5 Trader,0.00325,28,63
T0642,1,Tie,UNK-04,45.541,26.096,7,Strong (two-way),Within community,C3 Trading & logistics desk,7 Unknown role,0.06907,59,4
T0642,2,Tie,TRD-04,33.638,21.922,7,Strong (two-way),Within community,C3 Trading & logistics desk,5 Trader,0.00325,28,63
T0643,1,Tie,EMP-03,75.939,51.018,7,Strong (two-way),Within community,C2 Staff cluster around DIR-01,6 Employee / Specialist,0.00332,23,62
T0643,2,Tie,UNK-31,64.486,59.831,7,Strong (two-way),Within community,C2 Staff cluster around DIR-01,7 Unknown role,0.00825,25,33
T0644,1,Tie,EMP-30,43.343,100.0,6,Strong (two-way),Within community,C4 Real-time trading desk,6 Employee / Specialist,0.00101,7,109
T0644,2,Tie,TRD-06,47.564,99.73,6,Strong (two-way),Within community,C4 Real-time trading desk,5 Trader,0.00038,8,131
T0645,1,Tie,VP-16,42.923,32.26,6,Weak (one-way),Across communities,C1 Leadership core,2 Vice President,0.0064,30,37
T0645,2,Tie,MGR-01,35.494,30.233,6,Weak (one-way),Across communities,C3 Trading & logistics desk,4 Manager,0.01291,48,17
T0646,1,Tie,VP-12,32.784,48.84,6,Strong (two-way),Within community,C1 Leadership core,2 Vice President,0.00517,39,45
T0646,2,Tie,Sally Beck,28.287,54.57,6,Strong (two-way),Within community,C1 Leadership core,1 Executive,0.10151,81,1
T0647,1,Tie,Jeffrey Shankman,45.462,49.371,6,Strong (two-way),Within community,C1 Leadership core,1 Executive,0.00152,31,96
T0647,2,Tie,VP-02,61.128,43.002,6,Strong (two-way),Within community,C1 Leadership core,2 Vice President,0.00227,30,76
T0648,1,Tie,UNK-25,100.0,25.093,6,Strong (two-way),Within community,C5 Gas pipeline & regulatory,7 Unknown role,0.00241,15,73
T0648,2,Tie,DIR-03,87.324,21.527,6,Strong (two-way),Within community,C5 Gas pipeline & regulatory,3 Director / MD,0.00605,23,39
T0649,1,Tie,UNK-25,100.0,25.093,6,Strong (two-way),Within community,C5 Gas pipeline & regulatory,7 Unknown role,0.00241,15,73
T0649,2,Tie,UNK-15,93.947,19.517,6,Strong (two-way),Within community,C5 Gas pipeline & regulatory,7 Unknown role,0.00044,15,128
T0650,1,Tie,EMP-28,26.594,39.479,6,Strong (two-way),Within community,C1 Leadership core,6 Employee / Specialist,0.00226,22,77
T0650,2,Tie,DIR-08,29.195,47.035,6,Strong (two-way),Within community,C1 Leadership core,3 Director / MD,0.00342,30,58
T0651,1,Tie,EMP-28,26.594,39.479,6,Weak (one-way),Across communities,C1 Leadership core,6 Employee / Specialist,0.00226,22,77
T0651,2,Tie,UNK-09,32.175,33.629,6,Weak (one-way),Across communities,C3 Trading & logistics desk,7 Unknown role,0.00544,32,42
T0652,1,Tie,UNK-23,72.048,54.524,6,Weak (one-way),Across communities,C2 Staff cluster around DIR-01,7 Unknown role,0.00302,29,66
T0652,2,Tie,VP-09,51.177,56.265,6,Weak (one-way),Across communities,C1 Leadership core,2 Vice President,0.02052,51,8
T0653,1,Tie,UNK-23,72.048,54.524,6,Strong (two-way),Within community,C2 Staff cluster around DIR-01,7 Unknown role,0.00302,29,66
T0653,2,Tie,UNK-01,71.717,50.254,6,Strong (two-way),Within community,C2 Staff cluster around DIR-01,7 Unknown role,0.00896,38,27
T0654,1,Tie,MGR-05,24.631,30.139,6,Strong (two-way),Within community,C3 Trading & logistics desk,4 Manager,0.00578,27,40
T0654,2,Tie,EMP-05,26.599,23.515,6,Strong (two-way),Within community,C3 Trading & logistics desk,6 Employee / Specialist,0.00416,28,50
T0655,1,Tie,MGR-05,24.631,30.139,6,Weak (one-way),Across communities,C3 Trading & logistics desk,4 Manager,0.00578,27,40
T0655,2,Tie,DIR-13,33.457,58.935,6,Weak (one-way),Across communities,C1 Leadership core,3 Director / MD,0.00094,17,111
T0656,1,Tie,VP-17,37.06,59.175,6,Weak (one-way),Within community,C1 Leadership core,2 Vice President,0.00186,22,87
T0656,2,Tie,VP-15,36.691,52.362,6,Weak (one-way),Within community,C1 Leadership core,2 Vice President,0.00777,42,34
T0657,1,Tie,VP-17,37.06,59.175,6,Weak (one-way),Within community,C1 Leadership core,2 Vice President,0.00186,22,87
T0657,2,Tie,UNK-13,43.096,56.021,6,Weak (one-way),Within community,C1 Leadership core,7 Unknown role,0.09633,77,2
T0658,1,Tie,EMP-14,75.702,38.35,6,Strong (two-way),Within community,C2 Staff cluster around DIR-01,6 Employee / Specialist,0.00471,25,46
T0658,2,Tie,TRD-10,71.128,36.5,6,Strong (two-way),Within community,C2 Staff cluster around DIR-01,5 Trader,0.00074,14,113
T0659,1,Tie,MGR-10,40.242,17.373,6,Weak (one-way),Across communities,C3 Trading & logistics desk,4 Manager,0.00191,16,85
T0659,2,Tie,Sally Beck,28.287,54.57,6,Weak (one-way),Across communities,C1 Leadership core,1 Executive,0.10151,81,1
T0660,1,Tie,UNK-24,96.491,18.037,6,Strong (two-way),Within community,C5 Gas pipeline & regulatory,7 Unknown role,0.00054,13,122
T0660,2,Tie,UNK-17,96.938,23.462,6,Strong (two-way),Within community,C5 Gas pipeline & regulatory,7 Unknown role,0.00138,15,99
T0661,1,Tie,UNK-24,96.491,18.037,6,Strong (two-way),Within community,C5 Gas pipeline & regulatory,7 Unknown role,0.00054,13,122
T0661,2,Tie,EMP-13,94.721,25.85,6,Strong (two-way),Within community,C5 Gas pipeline & regulatory,6 Employee / Specialist,0.00101,17,107
T0662,1,Tie,David Delainey,53.102,42.037,6,Weak (one-way),Within community,C1 Leadership core,1 Executive,0.00884,44,28
T0662,2,Tie,VP-05,31.959,43.993,6,Weak (one-way),Within community,C1 Leadership core,2 Vice President,0.00619,42,38
T0663,1,Tie,UNK-06,79.455,52.513,6,Weak (one-way),Across communities,C2 Staff cluster around DIR-01,7 Unknown role,0.00323,23,64
T0663,2,Tie,VP-09,51.177,56.265,6,Weak (one-way),Across communities,C1 Leadership core,2 Vice President,0.02052,51,8
T0664,1,Tie,TRD-02,64.748,22.504,6,Strong (two-way),Across communities,C6 Trading & logistics desk (TRD-02),5 Trader,0.00349,21,57
T0664,2,Tie,MGR-07,57.155,76.784,6,Strong (two-way),Across communities,C4 Real-time trading desk,4 Manager,0.01714,23,12
T0665,1,Tie,UNK-39,61.38,11.1,6,Strong (two-way),Within community,C6 Trading & logistics desk (TRD-02),7 Unknown role,0.00155,12,95
T0665,2,Tie,EMP-25,72.178,10.553,6,Strong (two-way),Within community,C6 Trading & logistics desk (TRD-02),6 Employee / Specialist,0.00401,13,51
T0666,1,Tie,EMP-04,63.283,48.099,6,Strong (two-way),Within community,C1 Leadership core,6 Employee / Specialist,0.00863,32,30
T0666,2,Tie,VP-03,57.344,43.184,6,Strong (two-way),Within community,C1 Leadership core,2 Vice President,0.00417,36,49
T0667,1,Tie,DIR-11,29.851,40.726,6,Strong (two-way),Within community,C1 Leadership core,3 Director / MD,0.00164,23,92
T0667,2,Tie,DIR-08,29.195,47.035,6,Strong (two-way),Within community,C1 Leadership core,3 Director / MD,0.00342,30,58
T0668,1,Tie,VP-15,36.691,52.362,6,Strong (two-way),Within community,C1 Leadership core,2 Vice President,0.00777,42,34
T0668,2,Tie,MGR-02,45.315,40.729,6,Strong (two-way),Within community,C1 Leadership core,4 Manager,0.0175,54,11
T0669,1,Tie,VP-15,36.691,52.362,6,Strong (two-way),Within community,C1 Leadership core,2 Vice President,0.00777,42,34
T0669,2,Tie,MGR-11,39.395,61.471,6,Strong (two-way),Within community,C1 Leadership core,4 Manager,0.00058,14,119
T0670,1,Tie,VP-15,36.691,52.362,6,Weak (one-way),Within community,C1 Leadership core,2 Vice President,0.00777,42,34
T0670,2,Tie,UNK-13,43.096,56.021,6,Weak (one-way),Within community,C1 Leadership core,7 Unknown role,0.09633,77,2
T0671,1,Tie,EMP-21,50.159,95.273,6,Strong (two-way),Within community,C4 Real-time trading desk,6 Employee / Specialist,0.00069,10,115
T0671,2,Tie,EMP-26,54.667,96.295,6,Strong (two-way),Within community,C4 Real-time trading desk,6 Employee / Specialist,0.00183,10,88
T0672,1,Tie,Greg Whalley,48.76,51.913,6,Weak (one-way),Across communities,C1 Leadership core,1 Executive,0.00335,36,60
T0672,2,Tie,Stanley Horton,79.267,30.357,6,Weak (one-way),Across communities,C5 Gas pipeline & regulatory,1 Executive,0.01057,33,20
T0673,1,Tie,VP-11,39.259,37.901,6,Strong (two-way),Within community,C1 Leadership core,2 Vice President,0.01084,46,19
T0673,2,Tie,UNK-43,34.963,61.544,6,Strong (two-way),Within community,C1 Leadership core,7 Unknown role,0.00034,10,135
T0674,1,Tie,EMP-15,62.704,54.179,6,Strong (two-way),Within community,C1 Leadership core,6 Employee / Specialist,0.0018,22,89
T0674,2,Tie,Jeffery Skilling,54.936,46.157,6,Strong (two-way),Within community,C1 Leadership core,1 Executive,0.00251,32,71
T0675,1,Tie,VP-13,30.535,24.387,6,Strong (two-way),Within community,C3 Trading & logistics desk,2 Vice President,0.00448,28,47
T0675,2,Tie,UNK-20,34.304,25.772,6,Strong (two-way),Within community,C3 Trading & logistics desk,7 Unknown role,0.00398,32,53
T0676,1,Tie,EMP-19,33.272,18.097,6,Strong (two-way),Within community,C3 Trading & logistics desk,6 Employee / Specialist,0.00335,27,61
T0676,2,Tie,UNK-04,45.541,26.096,6,Strong (two-way),Within community,C3 Trading & logistics desk,7 Unknown role,0.06907,59,4
T0677,1,Tie,MGR-12,65.006,30.431,6,Strong (two-way),Across communities,C6 Trading & logistics desk (TRD-02),4 Manager,0.00045,13,127
T0677,2,Tie,MGR-07,57.155,76.784,6,Strong (two-way),Across communities,C4 Real-time trading desk,4 Manager,0.01714,23,12
T0678,1,Tie,DIR-01,69.375,45.275,6,Strong (two-way),Across communities,C2 Staff cluster around DIR-01,3 Director / MD,0.01936,50,9
T0678,2,Tie,UNK-26,55.912,57.193,6,Strong (two-way),Across communities,C1 Leadership core,7 Unknown role,0.00198,27,83
T0679,1,Tie,DIR-01,69.375,45.275,6,Weak (one-way),Across communities,C2 Staff cluster around DIR-01,3 Director / MD,0.01936,50,9
T0679,2,Tie,UNK-09,32.175,33.629,6,Weak (one-way),Across communities,C3 Trading & logistics desk,7 Unknown role,0.00544,32,42
T0680,1,Tie,VP-03,57.344,43.184,6,Strong (two-way),Within community,C1 Leadership core,2 Vice President,0.00417,36,49
T0680,2,Tie,Sally Beck,28.287,54.57,6,Strong (two-way),Within community,C1 Leadership core,1 Executive,0.10151,81,1
T0681,1,Tie,UNK-11,55.402,49.902,6,Strong (two-way),Within community,C1 Leadership core,7 Unknown role,0.0023,26,75
T0681,2,Tie,Sally Beck,28.287,54.57,6,Strong (two-way),Within community,C1 Leadership core,1 Executive,0.10151,81,1
T0682,1,Tie,VP-05,31.959,43.993,6,Strong (two-way),Across communities,C1 Leadership core,2 Vice President,0.00619,42,38
T0682,2,Tie,MGR-01,35.494,30.233,6,Strong (two-way),Across communities,C3 Trading & logistics desk,4 Manager,0.01291,48,17
T0683,1,Tie,UNK-19,24.57,43.021,6,Strong (two-way),Within community,C1 Leadership core,7 Unknown role,0.0029,26,67
T0683,2,Tie,VP-10,34.079,39.448,6,Strong (two-way),Within community,C1 Leadership core,2 Vice President,0.01489,50,14
T0684,1,Tie,John Lavorato,38.979,45.415,6,Strong (two-way),Within community,C1 Leadership core,1 Executive,0.0922,90,3
T0684,2,Tie,UNK-26,55.912,57.193,6,Strong (two-way),Within community,C1 Leadership core,7 Unknown role,0.00198,27,83
T0685,1,Tie,John Lavorato,38.979,45.415,6,Strong (two-way),Within community,C1 Leadership core,1 Executive,0.0922,90,3
T0685,2,Tie,UNK-14,55.245,53.635,6,Strong (two-way),Within community,C1 Leadership core,7 Unknown role,0.00278,24,68
T0686,1,Tie,VP-18,35.303,56.167,6,Strong (two-way),Within community,C1 Leadership core,2 Vice President,0.0019,20,86
T0686,2,Tie,DIR-08,29.195,47.035,6,Strong (two-way),Within community,C1 Leadership core,3 Director / MD,0.00342,30,58
T0687,1,Tie,VP-18,35.303,56.167,6,Weak (one-way),Within community,C1 Leadership core,2 Vice President,0.0019,20,86
T0687,2,Tie,UNK-13,43.096,56.021,6,Weak (one-way),Within community,C1 Leadership core,7 Unknown role,0.09633,77,2
T0688,1,Tie,MGR-02,45.315,40.729,6,Strong (two-way),Across communities,C1 Leadership core,4 Manager,0.0175,54,11
T0688,2,Tie,UNK-04,45.541,26.096,6,Strong (two-way),Across communities,C3 Trading & logistics desk,7 Unknown role,0.06907,59,4
T0689,1,Tie,MGR-02,45.315,40.729,6,Weak (one-way),Across communities,C1 Leadership core,4 Manager,0.0175,54,11
T0689,2,Tie,UNK-40,21.333,17.747,6,Weak (one-way),Across communities,C3 Trading & logistics desk,7 Unknown role,0.00039,14,130
T0690,1,Tie,EMP-12,30.256,29.16,6,Strong (two-way),Across communities,C3 Trading & logistics desk,6 Employee / Specialist,0.01509,43,13
T0690,2,Tie,EMP-31,73.852,57.529,6,Strong (two-way),Across communities,C2 Staff cluster around DIR-01,6 Employee / Specialist,0.00046,9,125
T0691,1,Tie,DIR-03,87.324,21.527,6,Weak (one-way),Within community,C5 Gas pipeline & regulatory,3 Director / MD,0.00605,23,39
T0691,2,Tie,UNK-15,93.947,19.517,6,Weak (one-way),Within community,C5 Gas pipeline & regulatory,7 Unknown role,0.00044,15,128
T0692,1,Tie,TRD-10,71.128,36.5,6,Strong (two-way),Within community,C2 Staff cluster around DIR-01,5 Trader,0.00074,14,113
T0692,2,Tie,UNK-36,80.635,40.752,6,Strong (two-way),Within community,C2 Staff cluster around DIR-01,7 Unknown role,0.00134,16,101
T0693,1,Tie,TRD-10,71.128,36.5,6,Strong (two-way),Across communities,C2 Staff cluster around DIR-01,5 Trader,0.00074,14,113
T0693,2,Tie,MGR-08,24.114,26.293,6,Strong (two-way),Across communities,C3 Trading & logistics desk,4 Manager,0.00176,23,90
T0694,1,Tie,DIR-07,25.647,46.416,6,Strong (two-way),Within community,C1 Leadership core,3 Director / MD,0.00151,22,97
T0694,2,Tie,DIR-06,22.447,47.023,6,Strong (two-way),Within community,C1 Leadership core,3 Director / MD,0.00094,17,110
T0695,1,Tie,UNK-27,27.228,17.741,6,Weak (one-way),Across communities,C3 Trading & logistics desk,7 Unknown role,0.01857,25,10
T0695,2,Tie,Sally Beck,28.287,54.57,6,Weak (one-way),Across communities,C1 Leadership core,1 Executive,0.10151,81,1
T0696,1,Tie,UNK-13,43.096,56.021,6,Weak (one-way),Across communities,C1 Leadership core,7 Unknown role,0.09633,77,2
T0696,2,Tie,MGR-01,35.494,30.233,6,Weak (one-way),Across communities,C3 Trading & logistics desk,4 Manager,0.01291,48,17
T0697,1,Tie,UNK-13,43.096,56.021,6,Weak (one-way),Across communities,C1 Leadership core,7 Unknown role,0.09633,77,2
T0697,2,Tie,TRD-09,49.277,76.145,6,Weak (one-way),Across communities,C4 Real-time trading desk,5 Trader,0.0052,19,43
T0698,1,Tie,UNK-15,93.947,19.517,6,Strong (two-way),Across communities,C5 Gas pipeline & regulatory,7 Unknown role,0.00044,15,128
T0698,2,Tie,UNK-04,45.541,26.096,6,Strong (two-way),Across communities,C3 Trading & logistics desk,7 Unknown role,0.06907,59,4
T0699,1,Tie,UNK-17,96.938,23.462,6,Strong (two-way),Within community,C5 Gas pipeline & regulatory,7 Unknown role,0.00138,15,99
T0699,2,Tie,MGR-06,98.418,20.504,6,Strong (two-way),Within community,C5 Gas pipeline & regulatory,4 Manager,0.00126,16,102
T0700,1,Tie,MGR-08,24.114,26.293,6,Strong (two-way),Within community,C3 Trading & logistics desk,4 Manager,0.00176,23,90
T0700,2,Tie,UNK-09,32.175,33.629,6,Strong (two-way),Within community,C3 Trading & logistics desk,7 Unknown role,0.00544,32,42
T0701,1,Tie,MGR-08,24.114,26.293,6,Weak (one-way),Across communities,C3 Trading & logistics desk,4 Manager,0.00176,23,90
T0701,2,Tie,VP-10,34.079,39.448,6,Weak (one-way),Across communities,C1 Leadership core,2 Vice President,0.01489,50,14
T0702,1,Tie,DIR-12,44.974,75.09,6,Strong (two-way),Within community,C4 Real-time trading desk,3 Director / MD,0.00401,16,52
T0702,2,Tie,TRD-09,49.277,76.145,6,Strong (two-way),Within community,C4 Real-time trading desk,5 Trader,0.0052,19,43
T0703,1,Tie,EMP-07,90.766,20.225,6,Strong (two-way),Within community,C5 Gas pipeline & regulatory,6 Employee / Specialist,0.00065,16,117
T0703,2,Tie,MGR-06,98.418,20.504,6,Strong (two-way),Within community,C5 Gas pipeline & regulatory,4 Manager,0.00126,16,102
T0704,1,Tie,UNK-04,45.541,26.096,6,Strong (two-way),Across communities,C3 Trading & logistics desk,7 Unknown role,0.06907,59,4
T0704,2,Tie,EMP-23,53.353,10.749,6,Strong (two-way),Across communities,C7 Staff cluster around UNK-12,6 Employee / Specialist,0.00046,11,126
T0705,1,Tie,UNK-02,78.472,48.307,6,Strong (two-way),Within community,C2 Staff cluster around DIR-01,7 Unknown role,0.00225,26,78
T0705,2,Tie,EMP-11,82.571,47.041,6,Strong (two-way),Within community,C2 Staff cluster around DIR-01,6 Employee / Specialist,0.00074,13,114
T0706,1,Tie,VP-16,42.923,32.26,5,Strong (two-way),Across communities,C1 Leadership core,2 Vice President,0.0064,30,37
T0706,2,Tie,UNK-35,50.365,22.388,5,Strong (two-way),Across communities,C3 Trading & logistics desk,7 Unknown role,0.00104,13,106
T0707,1,Tie,VP-16,42.923,32.26,5,Weak (one-way),Within community,C1 Leadership core,2 Vice President,0.0064,30,37
T0707,2,Tie,David Delainey,53.102,42.037,5,Weak (one-way),Within community,C1 Leadership core,1 Executive,0.00884,44,28
T0708,1,Tie,VP-12,32.784,48.84,5,Strong (two-way),Within community,C1 Leadership core,2 Vice President,0.00517,39,45
T0708,2,Tie,VP-19,47.278,61.355,5,Strong (two-way),Within community,C1 Leadership core,2 Vice President,0.00109,19,105
T0709,1,Tie,VP-12,32.784,48.84,5,Strong (two-way),Within community,C1 Leadership core,2 Vice President,0.00517,39,45
T0709,2,Tie,VP-09,51.177,56.265,5,Strong (two-way),Within community,C1 Leadership core,2 Vice President,0.02052,51,8
T0710,1,Tie,Jeffrey Shankman,45.462,49.371,5,Strong (two-way),Within community,C1 Leadership core,1 Executive,0.00152,31,96
T0710,2,Tie,VP-11,39.259,37.901,5,Strong (two-way),Within community,C1 Leadership core,2 Vice President,0.01084,46,19
T0711,1,Tie,VP-04,58.757,47.451,5,Strong (two-way),Across communities,C1 Leadership core,2 Vice President,0.0068,37,36
T0711,2,Tie,VP-06,87.366,26.063,5,Strong (two-way),Across communities,C5 Gas pipeline & regulatory,2 Vice President,0.00853,29,32
T0712,1,Tie,VP-04,58.757,47.451,5,Strong (two-way),Across communities,C1 Leadership core,2 Vice President,0.0068,37,36
T0712,2,Tie,UNK-08,71.713,40.4,5,Strong (two-way),Across communities,C2 Staff cluster around DIR-01,7 Unknown role,0.00916,31,25
T0713,1,Tie,VP-04,58.757,47.451,5,Strong (two-way),Across communities,C1 Leadership core,2 Vice President,0.0068,37,36
T0713,2,Tie,DIR-03,87.324,21.527,5,Strong (two-way),Across communities,C5 Gas pipeline & regulatory,3 Director / MD,0.00605,23,39
T0714,1,Tie,EMP-17,54.766,91.177,5,Weak (one-way),Within community,C4 Real-time trading desk,6 Employee / Specialist,0.00113,13,104
T0714,2,Tie,EMP-32,60.352,93.756,5,Weak (one-way),Within community,C4 Real-time trading desk,6 Employee / Specialist,0.00037,9,132
T0715,1,Tie,EMP-18,21.165,27.937,5,Weak (one-way),Across communities,C3 Trading & logistics desk,6 Employee / Specialist,0.00135,19,100
T0715,2,Tie,Sally Beck,28.287,54.57,5,Weak (one-way),Across communities,C1 Leadership core,1 Executive,0.10151,81,1
T0716,1,Tie,MGR-05,24.631,30.139,5,Strong (two-way),Across communities,C3 Trading & logistics desk,4 Manager,0.00578,27,40
T0716,2,Tie,TRD-02,64.748,22.504,5,Strong (two-way),Across communities,C6 Trading & logistics desk (TRD-02),5 Trader,0.00349,21,57
T0717,1,Tie,MGR-05,24.631,30.139,5,Strong (two-way),Across communities,C3 Trading & logistics desk,4 Manager,0.00578,27,40
T0717,2,Tie,VP-09,51.177,56.265,5,Strong (two-way),Across communities,C1 Leadership core,2 Vice President,0.02052,51,8
T0718,1,Tie,MGR-05,24.631,30.139,5,Weak (one-way),Within community,C3 Trading & logistics desk,4 Manager,0.00578,27,40
T0718,2,Tie,UNK-04,45.541,26.096,5,Weak (one-way),Within community,C3 Trading & logistics desk,7 Unknown role,0.06907,59,4
T0719,1,Tie,EMP-06,66.911,51.448,5,Weak (one-way),Across communities,C2 Staff cluster around DIR-01,6 Employee / Specialist,0.01223,32,18
T0719,2,Tie,DIR-10,30.08,37.093,5,Weak (one-way),Across communities,C1 Leadership core,3 Director / MD,0.00336,28,59
T0720,1,Tie,EMP-06,66.911,51.448,5,Weak (one-way),Across communities,C2 Staff cluster around DIR-01,6 Employee / Specialist,0.01223,32,18
T0720,2,Tie,DIR-08,29.195,47.035,5,Weak (one-way),Across communities,C1 Leadership core,3 Director / MD,0.00342,30,58
T0721,1,Tie,EMP-06,66.911,51.448,5,Weak (one-way),Across communities,C2 Staff cluster around DIR-01,6 Employee / Specialist,0.01223,32,18
T0721,2,Tie,MGR-08,24.114,26.293,5,Weak (one-way),Across communities,C3 Trading & logistics desk,4 Manager,0.00176,23,90
T0722,1,Tie,VP-17,37.06,59.175,5,Weak (one-way),Across communities,C1 Leadership core,2 Vice President,0.00186,22,87
T0722,2,Tie,EMP-03,75.939,51.018,5,Weak (one-way),Across communities,C2 Staff cluster around DIR-01,6 Employee / Specialist,0.00332,23,62
T0723,1,Tie,EMP-14,75.702,38.35,5,Strong (two-way),Across communities,C2 Staff cluster around DIR-01,6 Employee / Specialist,0.00471,25,46
T0723,2,Tie,VP-11,39.259,37.901,5,Strong (two-way),Across communities,C1 Leadership core,2 Vice President,0.01084,46,19
T0724,1,Tie,VP-14,83.915,28.874,5,Strong (two-way),Within community,C5 Gas pipeline & regulatory,2 Vice President,0.00518,24,44
T0724,2,Tie,EMP-10,92.952,22.325,5,Strong (two-way),Within community,C5 Gas pipeline & regulatory,6 Employee / Specialist,0.00065,16,116
T0725,1,Tie,VP-14,83.915,28.874,5,Weak (one-way),Across communities,C5 Gas pipeline & regulatory,2 Vice President,0.00518,24,44
T0725,2,Tie,UNK-11,55.402,49.902,5,Weak (one-way),Across communities,C1 Leadership core,7 Unknown role,0.0023,26,75
T0726,1,Tie,UNK-24,96.491,18.037,5,Weak (one-way),Within community,C5 Gas pipeline & regulatory,7 Unknown role,0.00054,13,122
T0726,2,Tie,VP-06,87.366,26.063,5,Weak (one-way),Within community,C5 Gas pipeline & regulatory,2 Vice President,0.00853,29,32
T0727,1,Tie,UNK-06,79.455,52.513,5,Weak (one-way),Across communities,C2 Staff cluster around DIR-01,7 Unknown role,0.00323,23,64
T0727,2,Tie,DIR-02,59.18,52.06,5,Weak (one-way),Across communities,C1 Leadership core,3 Director / MD,0.00907,40,26
T0728,1,Tie,UNK-10,76.803,42.413,5,Weak (one-way),Across communities,C2 Staff cluster around DIR-01,7 Unknown role,0.00572,28,41
T0728,2,Tie,DIR-02,59.18,52.06,5,Weak (one-way),Across communities,C1 Leadership core,3 Director / MD,0.00907,40,26
T0729,1,Tie,TRD-02,64.748,22.504,5,Strong (two-way),Across communities,C6 Trading & logistics desk (TRD-02),5 Trader,0.00349,21,57
T0729,2,Tie,VP-15,36.691,52.362,5,Strong (two-way),Across communities,C1 Leadership core,2 Vice President,0.00777,42,34
T0730,1,Tie,UNK-39,61.38,11.1,5,Strong (two-way),Within community,C6 Trading & logistics desk (TRD-02),7 Unknown role,0.00155,12,95
T0730,2,Tie,VP-20,67.76,9.893,5,Strong (two-way),Within community,C6 Trading & logistics desk (TRD-02),2 Vice President,0.00023,8,137
T0731,1,Tie,UNK-39,61.38,11.1,5,Weak (one-way),Across communities,C6 Trading & logistics desk (TRD-02),7 Unknown role,0.00155,12,95
T0731,2,Tie,UNK-04,45.541,26.096,5,Weak (one-way),Across communities,C3 Trading & logistics desk,7 Unknown role,0.06907,59,4
T0732,1,Tie,UNK-16,39.842,29.775,5,Weak (one-way),Across communities,C3 Trading & logistics desk,7 Unknown role,0.00203,21,82
T0732,2,Tie,DIR-06,22.447,47.023,5,Weak (one-way),Across communities,C1 Leadership core,3 Director / MD,0.00094,17,110
T0733,1,Tie,UNK-16,39.842,29.775,5,Weak (one-way),Within community,C3 Trading & logistics desk,7 Unknown role,0.00203,21,82
T0733,2,Tie,UNK-20,34.304,25.772,5,Weak (one-way),Within community,C3 Trading & logistics desk,7 Unknown role,0.00398,32,53
T0734,1,Tie,DIR-02,59.18,52.06,5,Strong (two-way),Within community,C1 Leadership core,3 Director / MD,0.00907,40,26
T0734,2,Tie,MGR-03,49.98,38.558,5,Strong (two-way),Within community,C1 Leadership core,4 Manager,0.00775,38,35
T0735,1,Tie,DIR-02,59.18,52.06,5,Strong (two-way),Within community,C1 Leadership core,3 Director / MD,0.00907,40,26
T0735,2,Tie,VP-09,51.177,56.265,5,Strong (two-way),Within community,C1 Leadership core,2 Vice President,0.02052,51,8
T0736,1,Tie,DIR-02,59.18,52.06,5,Weak (one-way),Across communities,C1 Leadership core,3 Director / MD,0.00907,40,26
T0736,2,Tie,UNK-05,81.349,49.754,5,Weak (one-way),Across communities,C2 Staff cluster around DIR-01,7 Unknown role,0.00036,15,134
T0737,1,Tie,DIR-02,59.18,52.06,5,Strong (two-way),Within community,C1 Leadership core,3 Director / MD,0.00907,40,26
T0737,2,Tie,UNK-14,55.245,53.635,5,Strong (two-way),Within community,C1 Leadership core,7 Unknown role,0.00278,24,68
T0738,1,Tie,DIR-02,59.18,52.06,5,Weak (one-way),Across communities,C1 Leadership core,3 Director / MD,0.00907,40,26
T0738,2,Tie,EMP-03,75.939,51.018,5,Weak (one-way),Across communities,C2 Staff cluster around DIR-01,6 Employee / Specialist,0.00332,23,62
T0739,1,Tie,EMP-04,63.283,48.099,5,Weak (one-way),Within community,C1 Leadership core,6 Employee / Specialist,0.00863,32,30
T0739,2,Tie,EMP-33,57.558,30.343,5,Weak (one-way),Within community,C1 Leadership core,6 Employee / Specialist,7e-05,4,145
T0740,1,Tie,EMP-02,74.685,46.468,5,Strong (two-way),Within community,C2 Staff cluster around DIR-01,6 Employee / Specialist,0.00962,37,22
T0740,2,Tie,EMP-16,76.053,54.902,5,Strong (two-way),Within community,C2 Staff cluster around DIR-01,6 Employee / Specialist,0.0037,23,56
T0741,1,Tie,DIR-11,29.851,40.726,5,Strong (two-way),Within community,C1 Leadership core,3 Director / MD,0.00164,23,92
T0741,2,Tie,VP-05,31.959,43.993,5,Strong (two-way),Within community,C1 Leadership core,2 Vice President,0.00619,42,38
T0742,1,Tie,DIR-11,29.851,40.726,5,Strong (two-way),Within community,C1 Leadership core,3 Director / MD,0.00164,23,92
T0742,2,Tie,John Lavorato,38.979,45.415,5,Strong (two-way),Within community,C1 Leadership core,1 Executive,0.0922,90,3
T0743,1,Tie,EMP-25,72.178,10.553,5,Weak (one-way),Across communities,C6 Trading & logistics desk (TRD-02),6 Employee / Specialist,0.00401,13,51
T0743,2,Tie,UNK-04,45.541,26.096,5,Weak (one-way),Across communities,C3 Trading & logistics desk,7 Unknown role,0.06907,59,4
T0744,1,Tie,EMP-27,28.066,43.602,5,Strong (two-way),Within community,C1 Leadership core,6 Employee / Specialist,0.00147,24,98
T0744,2,Tie,DIR-07,25.647,46.416,5,Strong (two-way),Within community,C1 Leadership core,3 Director / MD,0.00151,22,97
T0745,1,Tie,VP-15,36.691,52.362,5,Strong (two-way),Within community,C1 Leadership core,2 Vice President,0.00777,42,34
T0745,2,Tie,VP-05,31.959,43.993,5,Strong (two-way),Within community,C1 Leadership core,2 Vice President,0.00619,42,38
T0746,1,Tie,VP-15,36.691,52.362,5,Weak (one-way),Across communities,C1 Leadership core,2 Vice President,0.00777,42,34
T0746,2,Tie,EMP-03,75.939,51.018,5,Weak (one-way),Across communities,C2 Staff cluster around DIR-01,6 Employee / Specialist,0.00332,23,62
T0747,1,Tie,DIR-09,24.026,20.949,5,Strong (two-way),Within community,C3 Trading & logistics desk,3 Director / MD,0.00119,19,103
T0747,2,Tie,UNK-28,22.335,23.619,5,Strong (two-way),Within community,C3 Trading & logistics desk,7 Unknown role,0.00053,18,123
T0748,1,Tie,DIR-10,30.08,37.093,5,Weak (one-way),Across communities,C1 Leadership core,3 Director / MD,0.00336,28,59
T0748,2,Tie,MGR-08,24.114,26.293,5,Weak (one-way),Across communities,C3 Trading & logistics desk,4 Manager,0.00176,23,90
T0749,1,Tie,VP-19,47.278,61.355,5,Weak (one-way),Across communities,C1 Leadership core,2 Vice President,0.00109,19,105
T0749,2,Tie,EMP-03,75.939,51.018,5,Weak (one-way),Across communities,C2 Staff cluster around DIR-01,6 Employee / Specialist,0.00332,23,62
T0750,1,Tie,VP-11,39.259,37.901,5,Weak (one-way),Within community,C1 Leadership core,2 Vice President,0.01084,46,19
T0750,2,Tie,MGR-03,49.98,38.558,5,Weak (one-way),Within community,C1 Leadership core,4 Manager,0.00775,38,35
T0751,1,Tie,EMP-15,62.704,54.179,5,Weak (one-way),Within community,C1 Leadership core,6 Employee / Specialist,0.0018,22,89
T0751,2,Tie,UNK-13,43.096,56.021,5,Weak (one-way),Within community,C1 Leadership core,7 Unknown role,0.09633,77,2
T0752,1,Tie,EMP-19,33.272,18.097,5,Strong (two-way),Within community,C3 Trading & logistics desk,6 Employee / Specialist,0.00335,27,61
T0752,2,Tie,UNK-20,34.304,25.772,5,Strong (two-way),Within community,C3 Trading & logistics desk,7 Unknown role,0.00398,32,53
T0753,1,Tie,EMP-01,62.027,38.131,5,Weak (one-way),Across communities,C1 Leadership core,6 Employee / Specialist,0.0209,38,7
T0753,2,Tie,DIR-03,87.324,21.527,5,Weak (one-way),Across communities,C5 Gas pipeline & regulatory,3 Director / MD,0.00605,23,39
T0754,1,Tie,EMP-01,62.027,38.131,5,Strong (two-way),Across communities,C1 Leadership core,6 Employee / Specialist,0.0209,38,7
T0754,2,Tie,EMP-07,90.766,20.225,5,Strong (two-way),Across communities,C5 Gas pipeline & regulatory,6 Employee / Specialist,0.00065,16,117
T0755,1,Tie,MGR-12,65.006,30.431,5,Weak (one-way),Across communities,C6 Trading & logistics desk (TRD-02),4 Manager,0.00045,13,127
T0755,2,Tie,VP-09,51.177,56.265,5,Weak (one-way),Across communities,C1 Leadership core,2 Vice President,0.02052,51,8
T0756,1,Tie,Jeffery Skilling,54.936,46.157,5,Strong (two-way),Within community,C1 Leadership core,1 Executive,0.00251,32,71
T0756,2,Tie,John Lavorato,38.979,45.415,5,Strong (two-way),Within community,C1 Leadership core,1 Executive,0.0922,90,3
T0757,1,Tie,Jeffery Skilling,54.936,46.157,5,Strong (two-way),Within community,C1 Leadership core,1 Executive,0.00251,32,71
T0757,2,Tie,VP-02,61.128,43.002,5,Strong (two-way),Within community,C1 Leadership core,2 Vice President,0.00227,30,76
T0758,1,Tie,Jeffery Skilling,54.936,46.157,5,Strong (two-way),Across communities,C1 Leadership core,1 Executive,0.00251,32,71
T0758,2,Tie,Stanley Horton,79.267,30.357,5,Strong (two-way),Across communities,C5 Gas pipeline & regulatory,1 Executive,0.01057,33,20
T0759,1,Tie,Jeffery Skilling,54.936,46.157,5,Weak (one-way),Within community,C1 Leadership core,1 Executive,0.00251,32,71
T0759,2,Tie,UNK-13,43.096,56.021,5,Weak (one-way),Within community,C1 Leadership core,7 Unknown role,0.09633,77,2
T0760,1,Tie,MGR-03,49.98,38.558,5,Strong (two-way),Within community,C1 Leadership core,4 Manager,0.00775,38,35
T0760,2,Tie,UNK-11,55.402,49.902,5,Strong (two-way),Within community,C1 Leadership core,7 Unknown role,0.0023,26,75
T0761,1,Tie,MGR-03,49.98,38.558,5,Strong (two-way),Across communities,C1 Leadership core,4 Manager,0.00775,38,35
T0761,2,Tie,Stanley Horton,79.267,30.357,5,Strong (two-way),Across communities,C5 Gas pipeline & regulatory,1 Executive,0.01057,33,20
T0762,1,Tie,UNK-11,55.402,49.902,5,Weak (one-way),Across communities,C1 Leadership core,7 Unknown role,0.0023,26,75
T0762,2,Tie,Rod Hayslett,90.003,30.046,5,Weak (one-way),Across communities,C5 Gas pipeline & regulatory,1 Executive,0.00951,26,23
T0763,1,Tie,UNK-35,50.365,22.388,5,Strong (two-way),Within community,C3 Trading & logistics desk,7 Unknown role,0.00104,13,106
T0763,2,Tie,UNK-04,45.541,26.096,5,Strong (two-way),Within community,C3 Trading & logistics desk,7 Unknown role,0.06907,59,4
T0764,1,Tie,TRD-11,23.077,58.65,5,Weak (one-way),Across communities,C1 Leadership core,5 Trader,0.00037,12,133
T0764,2,Tie,UNK-04,45.541,26.096,5,Weak (one-way),Across communities,C3 Trading & logistics desk,7 Unknown role,0.06907,59,4
T0765,1,Tie,VP-20,67.76,9.893,5,Strong (two-way),Within community,C6 Trading & logistics desk (TRD-02),2 Vice President,0.00023,8,137
T0765,2,Tie,EMP-24,69.68,21.391,5,Strong (two-way),Within community,C6 Trading & logistics desk (TRD-02),6 Employee / Specialist,0.00087,11,112
T0766,1,Tie,VP-20,67.76,9.893,5,Weak (one-way),Across communities,C6 Trading & logistics desk (TRD-02),2 Vice President,0.00023,8,137
T0766,2,Tie,UNK-04,45.541,26.096,5,Weak (one-way),Across communities,C3 Trading & logistics desk,7 Unknown role,0.06907,59,4
T0767,1,Tie,VP-05,31.959,43.993,5,Strong (two-way),Within community,C1 Leadership core,2 Vice President,0.00619,42,38
T0767,2,Tie,VP-09,51.177,56.265,5,Strong (two-way),Within community,C1 Leadership core,2 Vice President,0.02052,51,8
T0768,1,Tie,MGR-07,57.155,76.784,5,Weak (one-way),Across communities,C4 Real-time trading desk,4 Manager,0.01714,23,12
T0768,2,Tie,DIR-05,51.36,61.741,5,Weak (one-way),Across communities,C1 Leadership core,3 Director / MD,0.0104,21,21
T0769,1,Tie,John Lavorato,38.979,45.415,5,Strong (two-way),Within community,C1 Leadership core,1 Executive,0.0922,90,3
T0769,2,Tie,DIR-07,25.647,46.416,5,Strong (two-way),Within community,C1 Leadership core,3 Director / MD,0.00151,22,97
T0770,1,Tie,DIR-08,29.195,47.035,5,Weak (one-way),Within community,C1 Leadership core,3 Director / MD,0.00342,30,58
T0770,2,Tie,Louise Kitchen,49.827,46.741,5,Weak (one-way),Within community,C1 Leadership core,1 Executive,0.02954,64,6
T0771,1,Tie,MGR-02,45.315,40.729,5,Weak (one-way),Within community,C1 Leadership core,4 Manager,0.0175,54,11
T0771,2,Tie,DIR-05,51.36,61.741,5,Weak (one-way),Within community,C1 Leadership core,3 Director / MD,0.0104,21,21
T0772,1,Tie,EMP-12,30.256,29.16,5,Strong (two-way),Across communities,C3 Trading & logistics desk,6 Employee / Specialist,0.01509,43,13
T0772,2,Tie,UNK-12,56.107,18.185,5,Strong (two-way),Across communities,C7 Staff cluster around UNK-12,7 Unknown role,0.00274,20,69
T0773,1,Tie,Kenneth Lay,53.65,33.485,5,Strong (two-way),Within community,C1 Leadership core,1 Executive,0.04035,62,5
T0773,2,Tie,Sally Beck,28.287,54.57,5,Strong (two-way),Within community,C1 Leadership core,1 Executive,0.10151,81,1
T0774,1,Tie,UNK-18,66.784,40.629,5,Strong (two-way),Across communities,C2 Staff cluster around DIR-01,7 Unknown role,0.00881,25,29
T0774,2,Tie,MGR-01,35.494,30.233,5,Strong (two-way),Across communities,C3 Trading & logistics desk,4 Manager,0.01291,48,17
T0775,1,Tie,DIR-07,25.647,46.416,5,Strong (two-way),Within community,C1 Leadership core,3 Director / MD,0.00151,22,97
T0775,2,Tie,VP-10,34.079,39.448,5,Strong (two-way),Within community,C1 Leadership core,2 Vice President,0.01489,50,14
T0776,1,Tie,UNK-13,43.096,56.021,5,Weak (one-way),Within community,C1 Leadership core,7 Unknown role,0.09633,77,2
T0776,2,Tie,MGR-04,52.35,51.586,5,Weak (one-way),Within community,C1 Leadership core,4 Manager,0.00157,26,94
T0777,1,Tie,EMP-05,26.599,23.515,5,Weak (one-way),Within community,C3 Trading & logistics desk,6 Employee / Specialist,0.00416,28,50
T0777,2,Tie,UNK-29,30.31,20.866,5,Weak (one-way),Within community,C3 Trading & logistics desk,7 Unknown role,0.00053,17,124
T0778,1,Tie,EMP-05,26.599,23.515,5,Strong (two-way),Within community,C3 Trading & logistics desk,6 Employee / Specialist,0.00416,28,50
T0778,2,Tie,UNK-20,34.304,25.772,5,Strong (two-way),Within community,C3 Trading & logistics desk,7 Unknown role,0.00398,32,53
T0779,1,Tie,DIR-12,44.974,75.09,5,Strong (two-way),Across communities,C4 Real-time trading desk,3 Director / MD,0.00401,16,52
T0779,2,Tie,UNK-20,34.304,25.772,5,Strong (two-way),Across communities,C3 Trading & logistics desk,7 Unknown role,0.00398,32,53
T0780,1,Tie,DIR-12,44.974,75.09,5,Strong (two-way),Across communities,C4 Real-time trading desk,3 Director / MD,0.00401,16,52
T0780,2,Tie,DIR-05,51.36,61.741,5,Strong (two-way),Across communities,C1 Leadership core,3 Director / MD,0.0104,21,21
T0781,1,Tie,UNK-29,30.31,20.866,5,Strong (two-way),Within community,C3 Trading & logistics desk,7 Unknown role,0.00053,17,124
T0781,2,Tie,UNK-20,34.304,25.772,5,Strong (two-way),Within community,C3 Trading & logistics desk,7 Unknown role,0.00398,32,53
T0782,1,Tie,DIR-06,22.447,47.023,5,Weak (one-way),Within community,C1 Leadership core,3 Director / MD,0.00094,17,110
T0782,2,Tie,VP-10,34.079,39.448,5,Weak (one-way),Within community,C1 Leadership core,2 Vice President,0.01489,50,14
T0783,1,Tie,UNK-14,55.245,53.635,5,Strong (two-way),Across communities,C1 Leadership core,7 Unknown role,0.00278,24,68
T0783,2,Tie,Stanley Horton,79.267,30.357,5,Strong (two-way),Across communities,C5 Gas pipeline & regulatory,1 Executive,0.01057,33,20
T0784,1,Tie,UNK-09,32.175,33.629,5,Weak (one-way),Across communities,C3 Trading & logistics desk,7 Unknown role,0.00544,32,42
T0784,2,Tie,Sally Beck,28.287,54.57,5,Weak (one-way),Across communities,C1 Leadership core,1 Executive,0.10151,81,1
T0785,1,Tie,Rod Hayslett,90.003,30.046,5,Strong (two-way),Across communities,C5 Gas pipeline & regulatory,1 Executive,0.00951,26,23
T0785,2,Tie,Sally Beck,28.287,54.57,5,Strong (two-way),Across communities,C1 Leadership core,1 Executive,0.10151,81,1
T0786,1,Tie,EMP-11,82.571,47.041,5,Strong (two-way),Within community,C2 Staff cluster around DIR-01,6 Employee / Specialist,0.00074,13,114
T0786,2,Tie,EMP-31,73.852,57.529,5,Strong (two-way),Within community,C2 Staff cluster around DIR-01,6 Employee / Specialist,0.00046,9,125
T0787,1,Tie,VP-16,42.923,32.26,4,Strong (two-way),Within community,C1 Leadership core,2 Vice President,0.0064,30,37
T0787,2,Tie,DIR-11,29.851,40.726,4,Strong (two-way),Within community,C1 Leadership core,3 Director / MD,0.00164,23,92
T0788,1,Tie,VP-16,42.923,32.26,4,Strong (two-way),Across communities,C1 Leadership core,2 Vice President,0.0064,30,37
T0788,2,Tie,Rod Hayslett,90.003,30.046,4,Strong (two-way),Across communities,C5 Gas pipeline & regulatory,1 Executive,0.00951,26,23
T0789,1,Tie,VP-16,42.923,32.26,4,Weak (one-way),Within community,C1 Leadership core,2 Vice President,0.0064,30,37
T0789,2,Tie,VP-05,31.959,43.993,4,Weak (one-way),Within community,C1 Leadership core,2 Vice President,0.00619,42,38
T0790,1,Tie,VP-16,42.923,32.26,4,Weak (one-way),Within community,C1 Leadership core,2 Vice President,0.0064,30,37
T0790,2,Tie,MGR-02,45.315,40.729,4,Weak (one-way),Within community,C1 Leadership core,4 Manager,0.0175,54,11
T0791,1,Tie,UNK-33,38.943,33.417,4,Weak (one-way),Across communities,C1 Leadership core,7 Unknown role,0.00371,18,55
T0791,2,Tie,EMP-12,30.256,29.16,4,Weak (one-way),Across communities,C3 Trading & logistics desk,6 Employee / Specialist,0.01509,43,13
T0792,1,Tie,DIR-14,23.369,49.978,4,Strong (two-way),Within community,C1 Leadership core,3 Director / MD,0.00061,15,118
T0792,2,Tie,MGR-02,45.315,40.729,4,Strong (two-way),Within community,C1 Leadership core,4 Manager,0.0175,54,11
T0793,1,Tie,DIR-14,23.369,49.978,4,Weak (one-way),Within community,C1 Leadership core,3 Director / MD,0.00061,15,118
T0793,2,Tie,John Lavorato,38.979,45.415,4,Weak (one-way),Within community,C1 Leadership core,1 Executive,0.0922,90,3
T0794,1,Tie,VP-12,32.784,48.84,4,Strong (two-way),Within community,C1 Leadership core,2 Vice President,0.00517,39,45
T0794,2,Tie,VP-15,36.691,52.362,4,Strong (two-way),Within community,C1 Leadership core,2 Vice President,0.00777,42,34
T0795,1,Tie,Jeffrey Shankman,45.462,49.371,4,Strong (two-way),Within community,C1 Leadership core,1 Executive,0.00152,31,96
T0795,2,Tie,UNK-26,55.912,57.193,4,Strong (two-way),Within community,C1 Leadership core,7 Unknown role,0.00198,27,83
T0796,1,Tie,Jeffrey Shankman,45.462,49.371,4,Strong (two-way),Across communities,C1 Leadership core,1 Executive,0.00152,31,96
T0796,2,Tie,MGR-01,35.494,30.233,4,Strong (two-way),Across communities,C3 Trading & logistics desk,4 Manager,0.01291,48,17
T0797,1,Tie,Jeffrey Shankman,45.462,49.371,4,Weak (one-way),Across communities,C1 Leadership core,1 Executive,0.00152,31,96
T0797,2,Tie,Stanley Horton,79.267,30.357,4,Weak (one-way),Across communities,C5 Gas pipeline & regulatory,1 Executive,0.01057,33,20
T0798,1,Tie,VP-08,47.328,34.336,4,Weak (one-way),Within community,C1 Leadership core,2 Vice President,0.01408,41,16
T0798,2,Tie,UNK-13,43.096,56.021,4,Weak (one-way),Within community,C1 Leadership core,7 Unknown role,0.09633,77,2
T0799,1,Tie,EMP-29,43.337,36.48,4,Strong (two-way),Within community,C1 Leadership core,6 Employee / Specialist,0.00252,17,70
T0799,2,Tie,VP-17,37.06,59.175,4,Strong (two-way),Within community,C1 Leadership core,2 Vice President,0.00186,22,87
T0800,1,Tie,EMP-29,43.337,36.48,4,Strong (two-way),Across communities,C1 Leadership core,6 Employee / Specialist,0.00252,17,70
T0800,2,Tie,Stanley Horton,79.267,30.357,4,Strong (two-way),Across communities,C5 Gas pipeline & regulatory,1 Executive,0.01057,33,20
T0801,1,Tie,EMP-29,43.337,36.48,4,Weak (one-way),Across communities,C1 Leadership core,6 Employee / Specialist,0.00252,17,70
T0801,2,Tie,UNK-39,61.38,11.1,4,Weak (one-way),Across communities,C6 Trading & logistics desk (TRD-02),7 Unknown role,0.00155,12,95
T0802,1,Tie,UNK-25,100.0,25.093,4,Strong (two-way),Across communities,C5 Gas pipeline & regulatory,7 Unknown role,0.00241,15,73
T0802,2,Tie,DIR-02,59.18,52.06,4,Strong (two-way),Across communities,C1 Leadership core,3 Director / MD,0.00907,40,26
T0803,1,Tie,EMP-28,26.594,39.479,4,Weak (one-way),Across communities,C1 Leadership core,6 Employee / Specialist,0.00226,22,77
T0803,2,Tie,EMP-06,66.911,51.448,4,Weak (one-way),Across communities,C2 Staff cluster around DIR-01,6 Employee / Specialist,0.01223,32,18
T0804,1,Tie,UNK-23,72.048,54.524,4,Strong (two-way),Within community,C2 Staff cluster around DIR-01,7 Unknown role,0.00302,29,66
T0804,2,Tie,UNK-02,78.472,48.307,4,Strong (two-way),Within community,C2 Staff cluster around DIR-01,7 Unknown role,0.00225,26,78
T0805,1,Tie,VP-04,58.757,47.451,4,Weak (one-way),Within community,C1 Leadership core,2 Vice President,0.0068,37,36
T0805,2,Tie,John Lavorato,38.979,45.415,4,Weak (one-way),Within community,C1 Leadership core,1 Executive,0.0922,90,3
T0806,1,Tie,VP-04,58.757,47.451,4,Strong (two-way),Within community,C1 Leadership core,2 Vice President,0.0068,37,36
T0806,2,Tie,MGR-04,52.35,51.586,4,Strong (two-way),Within community,C1 Leadership core,4 Manager,0.00157,26,94
T0807,1,Tie,VP-04,58.757,47.451,4,Weak (one-way),Across communities,C1 Leadership core,2 Vice President,0.0068,37,36
T0807,2,Tie,EMP-14,75.702,38.35,4,Weak (one-way),Across communities,C2 Staff cluster around DIR-01,6 Employee / Specialist,0.00471,25,46
T0808,1,Tie,EMP-17,54.766,91.177,4,Strong (two-way),Within community,C4 Real-time trading desk,6 Employee / Specialist,0.00113,13,104
T0808,2,Tie,EMP-34,60.099,98.207,4,Strong (two-way),Within community,C4 Real-time trading desk,6 Employee / Specialist,0.00212,9,80
T0809,1,Tie,EMP-18,21.165,27.937,4,Weak (one-way),Within community,C3 Trading & logistics desk,6 Employee / Specialist,0.00135,19,100
T0809,2,Tie,TRD-01,37.205,23.423,4,Weak (one-way),Within community,C3 Trading & logistics desk,5 Trader,0.00193,21,84
T0810,1,Tie,UNK-37,41.898,20.847,4,Strong (two-way),Within community,C3 Trading & logistics desk,7 Unknown role,0.00311,26,65
T0810,2,Tie,UNK-16,39.842,29.775,4,Strong (two-way),Within community,C3 Trading & logistics desk,7 Unknown role,0.00203,21,82
T0811,1,Tie,MGR-05,24.631,30.139,4,Strong (two-way),Across communities,C3 Trading & logistics desk,4 Manager,0.00578,27,40
T0811,2,Tie,VP-15,36.691,52.362,4,Strong (two-way),Across communities,C1 Leadership core,2 Vice President,0.00777,42,34
T0812,1,Tie,MGR-05,24.631,30.139,4,Weak (one-way),Within community,C3 Trading & logistics desk,4 Manager,0.00578,27,40
T0812,2,Tie,DIR-09,24.026,20.949,4,Weak (one-way),Within community,C3 Trading & logistics desk,3 Director / MD,0.00119,19,103
T0813,1,Tie,MGR-05,24.631,30.139,4,Weak (one-way),Across communities,C3 Trading & logistics desk,4 Manager,0.00578,27,40
T0813,2,Tie,MGR-11,39.395,61.471,4,Weak (one-way),Across communities,C1 Leadership core,4 Manager,0.00058,14,119
T0814,1,Tie,EMP-06,66.911,51.448,4,Weak (one-way),Across communities,C2 Staff cluster around DIR-01,6 Employee / Specialist,0.01223,32,18
T0814,2,Tie,UNK-43,34.963,61.544,4,Weak (one-way),Across communities,C1 Leadership core,7 Unknown role,0.00034,10,135
T0815,1,Tie,EMP-06,66.911,51.448,4,Weak (one-way),Across communities,C2 Staff cluster around DIR-01,6 Employee / Specialist,0.01223,32,18
T0815,2,Tie,UNK-09,32.175,33.629,4,Weak (one-way),Across communities,C3 Trading & logistics desk,7 Unknown role,0.00544,32,42
T0816,1,Tie,EMP-06,66.911,51.448,4,Weak (one-way),Within community,C2 Staff cluster around DIR-01,6 Employee / Specialist,0.01223,32,18
T0816,2,Tie,EMP-03,75.939,51.018,4,Weak (one-way),Within community,C2 Staff cluster around DIR-01,6 Employee / Specialist,0.00332,23,62
T0817,1,Tie,MGR-09,14.321,30.341,4,Weak (one-way),Across communities,C3 Trading & logistics desk,4 Manager,0.0016,13,93
T0817,2,Tie,MGR-02,45.315,40.729,4,Weak (one-way),Across communities,C1 Leadership core,4 Manager,0.0175,54,11
T0818,1,Tie,MGR-09,14.321,30.341,4,Weak (one-way),Across communities,C3 Trading & logistics desk,4 Manager,0.0016,13,93
T0818,2,Tie,UNK-41,0.0,49.975,4,Weak (one-way),Across communities,C1 Leadership core,7 Unknown role,0.00056,6,121
T0819,1,Tie,VP-17,37.06,59.175,4,Weak (one-way),Across communities,C1 Leadership core,2 Vice President,0.00186,22,87
T0819,2,Tie,UNK-04,45.541,26.096,4,Weak (one-way),Across communities,C3 Trading & logistics desk,7 Unknown role,0.06907,59,4
T0820,1,Tie,VP-17,37.06,59.175,4,Weak (one-way),Across communities,C1 Leadership core,2 Vice President,0.00186,22,87
T0820,2,Tie,UNK-01,71.717,50.254,4,Weak (one-way),Across communities,C2 Staff cluster around DIR-01,7 Unknown role,0.00896,38,27
T0821,1,Tie,VP-17,37.06,59.175,4,Weak (one-way),Across communities,C1 Leadership core,2 Vice President,0.00186,22,87
T0821,2,Tie,UNK-31,64.486,59.831,4,Weak (one-way),Across communities,C2 Staff cluster around DIR-01,7 Unknown role,0.00825,25,33
T0822,1,Tie,EMP-14,75.702,38.35,4,Strong (two-way),Across communities,C2 Staff cluster around DIR-01,6 Employee / Specialist,0.00471,25,46
T0822,2,Tie,UNK-12,56.107,18.185,4,Strong (two-way),Across communities,C7 Staff cluster around UNK-12,7 Unknown role,0.00274,20,69
T0823,1,Tie,VP-14,83.915,28.874,4,Strong (two-way),Within community,C5 Gas pipeline & regulatory,2 Vice President,0.00518,24,44
T0823,2,Tie,EMP-07,90.766,20.225,4,Strong (two-way),Within community,C5 Gas pipeline & regulatory,6 Employee / Specialist,0.00065,16,117
T0824,1,Tie,VP-14,83.915,28.874,4,Weak (one-way),Within community,C5 Gas pipeline & regulatory,2 Vice President,0.00518,24,44
T0824,2,Tie,UNK-15,93.947,19.517,4,Weak (one-way),Within community,C5 Gas pipeline & regulatory,7 Unknown role,0.00044,15,128
T0825,1,Tie,VP-14,83.915,28.874,4,Weak (one-way),Across communities,C5 Gas pipeline & regulatory,2 Vice President,0.00518,24,44
T0825,2,Tie,UNK-04,45.541,26.096,4,Weak (one-way),Across communities,C3 Trading & logistics desk,7 Unknown role,0.06907,59,4
T0826,1,Tie,David Delainey,53.102,42.037,4,Strong (two-way),Within community,C1 Leadership core,1 Executive,0.00884,44,28
T0826,2,Tie,EMP-04,63.283,48.099,4,Strong (two-way),Within community,C1 Leadership core,6 Employee / Specialist,0.00863,32,30
T0827,1,Tie,UNK-06,79.455,52.513,4,Strong (two-way),Across communities,C2 Staff cluster around DIR-01,7 Unknown role,0.00323,23,64
T0827,2,Tie,UNK-21,59.246,57.418,4,Strong (two-way),Across communities,C1 Leadership core,7 Unknown role,0.00101,13,108
T0828,1,Tie,UNK-06,79.455,52.513,4,Weak (one-way),Across communities,C2 Staff cluster around DIR-01,7 Unknown role,0.00323,23,64
T0828,2,Tie,Louise Kitchen,49.827,46.741,4,Weak (one-way),Across communities,C1 Leadership core,1 Executive,0.02954,64,6
T0829,1,Tie,UNK-10,76.803,42.413,4,Weak (one-way),Within community,C2 Staff cluster around DIR-01,7 Unknown role,0.00572,28,41
T0829,2,Tie,EMP-02,74.685,46.468,4,Weak (one-way),Within community,C2 Staff cluster around DIR-01,6 Employee / Specialist,0.00962,37,22
T0830,1,Tie,VP-06,87.366,26.063,4,Strong (two-way),Across communities,C5 Gas pipeline & regulatory,2 Vice President,0.00853,29,32
T0830,2,Tie,DIR-02,59.18,52.06,4,Strong (two-way),Across communities,C1 Leadership core,3 Director / MD,0.00907,40,26
T0831,1,Tie,VP-01,56.668,38.816,4,Strong (two-way),Within community,C1 Leadership core,2 Vice President,0.00935,35,24
T0831,2,Tie,MGR-03,49.98,38.558,4,Strong (two-way),Within community,C1 Leadership core,4 Manager,0.00775,38,35
T0832,1,Tie,EMP-04,63.283,48.099,4,Weak (one-way),Within community,C1 Leadership core,6 Employee / Specialist,0.00863,32,30
T0832,2,Tie,Greg Whalley,48.76,51.913,4,Weak (one-way),Within community,C1 Leadership core,1 Executive,0.00335,36,60
T0833,1,Tie,EMP-04,63.283,48.099,4,Weak (one-way),Within community,C1 Leadership core,6 Employee / Specialist,0.00863,32,30
T0833,2,Tie,VP-02,61.128,43.002,4,Weak (one-way),Within community,C1 Leadership core,2 Vice President,0.00227,30,76
T0834,1,Tie,EMP-04,63.283,48.099,4,Weak (one-way),Within community,C1 Leadership core,6 Employee / Specialist,0.00863,32,30
T0834,2,Tie,UNK-13,43.096,56.021,4,Weak (one-way),Within community,C1 Leadership core,7 Unknown role,0.09633,77,2
T0835,1,Tie,EMP-04,63.283,48.099,4,Weak (one-way),Across communities,C1 Leadership core,6 Employee / Specialist,0.00863,32,30
T0835,2,Tie,UNK-02,78.472,48.307,4,Weak (one-way),Across communities,C2 Staff cluster around DIR-01,7 Unknown role,0.00225,26,78
T0836,1,Tie,DIR-11,29.851,40.726,4,Strong (two-way),Within community,C1 Leadership core,3 Director / MD,0.00164,23,92
T0836,2,Tie,Louise Kitchen,49.827,46.741,4,Strong (two-way),Within community,C1 Leadership core,1 Executive,0.02954,64,6
T0837,1,Tie,DIR-11,29.851,40.726,4,Strong (two-way),Within community,C1 Leadership core,3 Director / MD,0.00164,23,92
T0837,2,Tie,DIR-06,22.447,47.023,4,Strong (two-way),Within community,C1 Leadership core,3 Director / MD,0.00094,17,110
T0838,1,Tie,DIR-11,29.851,40.726,4,Weak (one-way),Across communities,C1 Leadership core,3 Director / MD,0.00164,23,92
T0838,2,Tie,UNK-09,32.175,33.629,4,Weak (one-way),Across communities,C3 Trading & logistics desk,7 Unknown role,0.00544,32,42
T0839,1,Tie,EMP-25,72.178,10.553,4,Strong (two-way),Within community,C6 Trading & logistics desk (TRD-02),6 Employee / Specialist,0.00401,13,51
T0839,2,Tie,VP-20,67.76,9.893,4,Strong (two-way),Within community,C6 Trading & logistics desk (TRD-02),2 Vice President,0.00023,8,137
T0840,1,Tie,EMP-25,72.178,10.553,4,Strong (two-way),Across communities,C6 Trading & logistics desk (TRD-02),6 Employee / Specialist,0.00401,13,51
T0840,2,Tie,UNK-17,96.938,23.462,4,Strong (two-way),Across communities,C5 Gas pipeline & regulatory,7 Unknown role,0.00138,15,99
T0841,1,Tie,EMP-27,28.066,43.602,4,Strong (two-way),Within community,C1 Leadership core,6 Employee / Specialist,0.00147,24,98
T0841,2,Tie,Louise Kitchen,49.827,46.741,4,Strong (two-way),Within community,C1 Leadership core,1 Executive,0.02954,64,6
T0842,1,Tie,EMP-27,28.066,43.602,4,Weak (one-way),Across communities,C1 Leadership core,6 Employee / Specialist,0.00147,24,98
T0842,2,Tie,UNK-09,32.175,33.629,4,Weak (one-way),Across communities,C3 Trading & logistics desk,7 Unknown role,0.00544,32,42
T0843,1,Tie,DIR-10,30.08,37.093,4,Weak (one-way),Within community,C1 Leadership core,3 Director / MD,0.00336,28,59
T0843,2,Tie,John Lavorato,38.979,45.415,4,Weak (one-way),Within community,C1 Leadership core,1 Executive,0.0922,90,3
T0844,1,Tie,UNK-08,71.713,40.4,4,Weak (one-way),Within community,C2 Staff cluster around DIR-01,7 Unknown role,0.00916,31,25
T0844,2,Tie,EMP-16,76.053,54.902,4,Weak (one-way),Within community,C2 Staff cluster around DIR-01,6 Employee / Specialist,0.0037,23,56
T0845,1,Tie,Greg Whalley,48.76,51.913,4,Strong (two-way),Within community,C1 Leadership core,1 Executive,0.00335,36,60
T0845,2,Tie,Jeffery Skilling,54.936,46.157,4,Strong (two-way),Within community,C1 Leadership core,1 Executive,0.00251,32,71
T0846,1,Tie,Greg Whalley,48.76,51.913,4,Strong (two-way),Within community,C1 Leadership core,1 Executive,0.00335,36,60
T0846,2,Tie,TRD-07,35.705,35.251,4,Strong (two-way),Within community,C1 Leadership core,5 Trader,0.00211,23,81
T0847,1,Tie,Greg Whalley,48.76,51.913,4,Strong (two-way),Within community,C1 Leadership core,1 Executive,0.00335,36,60
T0847,2,Tie,Kenneth Lay,53.65,33.485,4,Strong (two-way),Within community,C1 Leadership core,1 Executive,0.04035,62,5
T0848,1,Tie,VP-11,39.259,37.901,4,Strong (two-way),Across communities,C1 Leadership core,2 Vice President,0.01084,46,19
T0848,2,Tie,EMP-19,33.272,18.097,4,Strong (two-way),Across communities,C3 Trading & logistics desk,6 Employee / Specialist,0.00335,27,61
T0849,1,Tie,VP-11,39.259,37.901,4,Weak (one-way),Across communities,C1 Leadership core,2 Vice President,0.01084,46,19
T0849,2,Tie,DIR-01,69.375,45.275,4,Weak (one-way),Across communities,C2 Staff cluster around DIR-01,3 Director / MD,0.01936,50,9
T0850,1,Tie,VP-11,39.259,37.901,4,Weak (one-way),Within community,C1 Leadership core,2 Vice President,0.01084,46,19
T0850,2,Tie,Sally Beck,28.287,54.57,4,Weak (one-way),Within community,C1 Leadership core,1 Executive,0.10151,81,1
T0851,1,Tie,VP-13,30.535,24.387,4,Strong (two-way),Across communities,C3 Trading & logistics desk,2 Vice President,0.00448,28,47
T0851,2,Tie,John Lavorato,38.979,45.415,4,Strong (two-way),Across communities,C1 Leadership core,1 Executive,0.0922,90,3
T0852,1,Tie,VP-13,30.535,24.387,4,Weak (one-way),Within community,C3 Trading & logistics desk,2 Vice President,0.00448,28,47
T0852,2,Tie,DIR-04,27.548,32.805,4,Weak (one-way),Within community,C3 Trading & logistics desk,3 Director / MD,0.00233,26,74
T0853,1,Tie,VP-13,30.535,24.387,4,Strong (two-way),Across communities,C3 Trading & logistics desk,2 Vice President,0.00448,28,47
T0853,2,Tie,UNK-18,66.784,40.629,4,Strong (two-way),Across communities,C2 Staff cluster around DIR-01,7 Unknown role,0.00881,25,29
T0854,1,Tie,EMP-19,33.272,18.097,4,Weak (one-way),Within community,C3 Trading & logistics desk,6 Employee / Specialist,0.00335,27,61
T0854,2,Tie,UNK-27,27.228,17.741,4,Weak (one-way),Within community,C3 Trading & logistics desk,7 Unknown role,0.01857,25,10
T0855,1,Tie,MGR-12,65.006,30.431,4,Strong (two-way),Across communities,C6 Trading & logistics desk (TRD-02),4 Manager,0.00045,13,127
T0855,2,Tie,MGR-11,39.395,61.471,4,Strong (two-way),Across communities,C1 Leadership core,4 Manager,0.00058,14,119
T0856,1,Tie,DIR-01,69.375,45.275,4,Weak (one-way),Across communities,C2 Staff cluster around DIR-01,3 Director / MD,0.01936,50,9
T0856,2,Tie,UNK-13,43.096,56.021,4,Weak (one-way),Across communities,C1 Leadership core,7 Unknown role,0.09633,77,2
T0857,1,Tie,Jeffery Skilling,54.936,46.157,4,Strong (two-way),Within community,C1 Leadership core,1 Executive,0.00251,32,71
T0857,2,Tie,Louise Kitchen,49.827,46.741,4,Strong (two-way),Within community,C1 Leadership core,1 Executive,0.02954,64,6
T0858,1,Tie,Jeffery Skilling,54.936,46.157,4,Weak (one-way),Within community,C1 Leadership core,1 Executive,0.00251,32,71
T0858,2,Tie,MGR-04,52.35,51.586,4,Weak (one-way),Within community,C1 Leadership core,4 Manager,0.00157,26,94
T0859,1,Tie,TRD-07,35.705,35.251,4,Weak (one-way),Within community,C1 Leadership core,5 Trader,0.00211,23,81
T0859,2,Tie,MGR-03,49.98,38.558,4,Weak (one-way),Within community,C1 Leadership core,4 Manager,0.00775,38,35
T0860,1,Tie,MGR-03,49.98,38.558,4,Strong (two-way),Within community,C1 Leadership core,4 Manager,0.00775,38,35
T0860,2,Tie,Kenneth Lay,53.65,33.485,4,Strong (two-way),Within community,C1 Leadership core,1 Executive,0.04035,62,5
T0861,1,Tie,MGR-03,49.98,38.558,4,Strong (two-way),Within community,C1 Leadership core,4 Manager,0.00775,38,35
T0861,2,Tie,UNK-26,55.912,57.193,4,Strong (two-way),Within community,C1 Leadership core,7 Unknown role,0.00198,27,83
T0862,1,Tie,MGR-03,49.98,38.558,4,Strong (two-way),Within community,C1 Leadership core,4 Manager,0.00775,38,35
T0862,2,Tie,VP-02,61.128,43.002,4,Strong (two-way),Within community,C1 Leadership core,2 Vice President,0.00227,30,76
T0863,1,Tie,UNK-11,55.402,49.902,4,Weak (one-way),Within community,C1 Leadership core,7 Unknown role,0.0023,26,75
T0863,2,Tie,VP-02,61.128,43.002,4,Weak (one-way),Within community,C1 Leadership core,2 Vice President,0.00227,30,76
T0864,1,Tie,UNK-35,50.365,22.388,4,Strong (two-way),Across communities,C3 Trading & logistics desk,7 Unknown role,0.00104,13,106
T0864,2,Tie,EMP-16,76.053,54.902,4,Strong (two-way),Across communities,C2 Staff cluster around DIR-01,6 Employee / Specialist,0.0037,23,56
T0865,1,Tie,VP-05,31.959,43.993,4,Weak (one-way),Across communities,C1 Leadership core,2 Vice President,0.00619,42,38
T0865,2,Tie,UNK-02,78.472,48.307,4,Weak (one-way),Across communities,C2 Staff cluster around DIR-01,7 Unknown role,0.00225,26,78
T0866,1,Tie,MGR-07,57.155,76.784,4,Strong (two-way),Across communities,C4 Real-time trading desk,4 Manager,0.01714,23,12
T0866,2,Tie,EMP-24,69.68,21.391,4,Strong (two-way),Across communities,C6 Trading & logistics desk (TRD-02),6 Employee / Specialist,0.00087,11,112
T0867,1,Tie,MGR-07,57.155,76.784,4,Strong (two-way),Within community,C4 Real-time trading desk,4 Manager,0.01714,23,12
T0867,2,Tie,EMP-08,52.334,88.455,4,Strong (two-way),Within community,C4 Real-time trading desk,6 Employee / Specialist,0.00443,17,48
T0868,1,Tie,John Lavorato,38.979,45.415,4,Weak (one-way),Across communities,C1 Leadership core,1 Executive,0.0922,90,3
T0868,2,Tie,DIR-12,44.974,75.09,4,Weak (one-way),Across communities,C4 Real-time trading desk,3 Director / MD,0.00401,16,52
T0869,1,Tie,John Lavorato,38.979,45.415,4,Weak (one-way),Within community,C1 Leadership core,1 Executive,0.0922,90,3
T0869,2,Tie,MGR-11,39.395,61.471,4,Weak (one-way),Within community,C1 Leadership core,4 Manager,0.00058,14,119
T0870,1,Tie,John Lavorato,38.979,45.415,4,Strong (two-way),Within community,C1 Leadership core,1 Executive,0.0922,90,3
T0870,2,Tie,DIR-05,51.36,61.741,4,Strong (two-way),Within community,C1 Leadership core,3 Director / MD,0.0104,21,21
T0871,1,Tie,John Lavorato,38.979,45.415,4,Weak (one-way),Within community,C1 Leadership core,1 Executive,0.0922,90,3
T0871,2,Tie,DIR-13,33.457,58.935,4,Weak (one-way),Within community,C1 Leadership core,3 Director / MD,0.00094,17,111
T0872,1,Tie,John Lavorato,38.979,45.415,4,Strong (two-way),Within community,C1 Leadership core,1 Executive,0.0922,90,3
T0872,2,Tie,UNK-43,34.963,61.544,4,Strong (two-way),Within community,C1 Leadership core,7 Unknown role,0.00034,10,135
T0873,1,Tie,John Lavorato,38.979,45.415,4,Weak (one-way),Within community,C1 Leadership core,1 Executive,0.0922,90,3
T0873,2,Tie,UNK-38,21.396,44.124,4,Weak (one-way),Within community,C1 Leadership core,7 Unknown role,0.00057,16,120
T0874,1,Tie,John Lavorato,38.979,45.415,4,Strong (two-way),Across communities,C1 Leadership core,1 Executive,0.0922,90,3
T0874,2,Tie,UNK-31,64.486,59.831,4,Strong (two-way),Across communities,C2 Staff cluster around DIR-01,7 Unknown role,0.00825,25,33
T0875,1,Tie,EMP-20,65.93,56.348,4,Weak (one-way),Across communities,C2 Staff cluster around DIR-01,6 Employee / Specialist,0.00015,10,142
T0875,2,Tie,UNK-09,32.175,33.629,4,Weak (one-way),Across communities,C3 Trading & logistics desk,7 Unknown role,0.00544,32,42
T0876,1,Tie,EMP-16,76.053,54.902,4,Strong (two-way),Across communities,C2 Staff cluster around DIR-01,6 Employee / Specialist,0.0037,23,56
T0876,2,Tie,VP-09,51.177,56.265,4,Strong (two-way),Across communities,C1 Leadership core,2 Vice President,0.02052,51,8
T0877,1,Tie,EMP-16,76.053,54.902,4,Weak (one-way),Within community,C2 Staff cluster around DIR-01,6 Employee / Specialist,0.0037,23,56
T0877,2,Tie,EMP-11,82.571,47.041,4,Weak (one-way),Within community,C2 Staff cluster around DIR-01,6 Employee / Specialist,0.00074,13,114
T0878,1,Tie,Kenneth Lay,53.65,33.485,4,Strong (two-way),Within community,C1 Leadership core,1 Executive,0.04035,62,5
T0878,2,Tie,Louise Kitchen,49.827,46.741,4,Strong (two-way),Within community,C1 Leadership core,1 Executive,0.02954,64,6
T0879,1,Tie,VP-09,51.177,56.265,4,Strong (two-way),Across communities,C1 Leadership core,2 Vice President,0.02052,51,8
T0879,2,Tie,TRD-09,49.277,76.145,4,Strong (two-way),Across communities,C4 Real-time trading desk,5 Trader,0.0052,19,43
T0880,1,Tie,VP-09,51.177,56.265,4,Strong (two-way),Across communities,C1 Leadership core,2 Vice President,0.02052,51,8
T0880,2,Tie,UNK-04,45.541,26.096,4,Strong (two-way),Across communities,C3 Trading & logistics desk,7 Unknown role,0.06907,59,4
T0881,1,Tie,VP-09,51.177,56.265,4,Weak (one-way),Across communities,C1 Leadership core,2 Vice President,0.02052,51,8
T0881,2,Tie,UNK-01,71.717,50.254,4,Weak (one-way),Across communities,C2 Staff cluster around DIR-01,7 Unknown role,0.00896,38,27
T0882,1,Tie,UNK-07,91.477,25.208,4,Strong (two-way),Within community,C5 Gas pipeline & regulatory,7 Unknown role,0.00173,19,91
T0882,2,Tie,Stanley Horton,79.267,30.357,4,Strong (two-way),Within community,C5 Gas pipeline & regulatory,1 Executive,0.01057,33,20
T0883,1,Tie,DIR-07,25.647,46.416,4,Strong (two-way),Within community,C1 Leadership core,3 Director / MD,0.00151,22,97
T0883,2,Tie,Sally Beck,28.287,54.57,4,Strong (two-way),Within community,C1 Leadership core,1 Executive,0.10151,81,1
T0884,1,Tie,EMP-10,92.952,22.325,4,Weak (one-way),Within community,C5 Gas pipeline & regulatory,6 Employee / Specialist,0.00065,16,116
T0884,2,Tie,Stanley Horton,79.267,30.357,4,Weak (one-way),Within community,C5 Gas pipeline & regulatory,1 Executive,0.01057,33,20
T0885,1,Tie,UNK-13,43.096,56.021,4,Weak (one-way),Within community,C1 Leadership core,7 Unknown role,0.09633,77,2
T0885,2,Tie,MGR-11,39.395,61.471,4,Weak (one-way),Within community,C1 Leadership core,4 Manager,0.00058,14,119
T0886,1,Tie,UNK-36,80.635,40.752,4,Strong (two-way),Across communities,C2 Staff cluster around DIR-01,7 Unknown role,0.00134,16,101
T0886,2,Tie,UNK-09,32.175,33.629,4,Strong (two-way),Across communities,C3 Trading & logistics desk,7 Unknown role,0.00544,32,42
T0887,1,Tie,Louise Kitchen,49.827,46.741,4,Strong (two-way),Across communities,C1 Leadership core,1 Executive,0.02954,64,6
T0887,2,Tie,UNK-05,81.349,49.754,4,Strong (two-way),Across communities,C2 Staff cluster around DIR-01,7 Unknown role,0.00036,15,134
T0888,1,Tie,Louise Kitchen,49.827,46.741,4,Weak (one-way),Within community,C1 Leadership core,1 Executive,0.02954,64,6
T0888,2,Tie,MGR-11,39.395,61.471,4,Weak (one-way),Within community,C1 Leadership core,4 Manager,0.00058,14,119
T0889,1,Tie,UNK-15,93.947,19.517,4,Weak (one-way),Within community,C5 Gas pipeline & regulatory,7 Unknown role,0.00044,15,128
T0889,2,Tie,MGR-06,98.418,20.504,4,Weak (one-way),Within community,C5 Gas pipeline & regulatory,4 Manager,0.00126,16,102
T0890,1,Tie,UNK-32,58.576,34.72,4,Weak (one-way),Within community,C1 Leadership core,7 Unknown role,0.0002,10,140
T0890,2,Tie,VP-02,61.128,43.002,4,Weak (one-way),Within community,C1 Leadership core,2 Vice President,0.00227,30,76
T0891,1,Tie,DIR-12,44.974,75.09,4,Weak (one-way),Across communities,C4 Real-time trading desk,3 Director / MD,0.00401,16,52
T0891,2,Tie,UNK-04,45.541,26.096,4,Weak (one-way),Across communities,C3 Trading & logistics desk,7 Unknown role,0.06907,59,4
T0892,1,Tie,UNK-09,32.175,33.629,4,Strong (two-way),Within community,C3 Trading & logistics desk,7 Unknown role,0.00544,32,42
T0892,2,Tie,UNK-20,34.304,25.772,4,Strong (two-way),Within community,C3 Trading & logistics desk,7 Unknown role,0.00398,32,53
T0893,1,Tie,UNK-09,32.175,33.629,4,Weak (one-way),Across communities,C3 Trading & logistics desk,7 Unknown role,0.00544,32,42
T0893,2,Tie,VP-10,34.079,39.448,4,Weak (one-way),Across communities,C1 Leadership core,2 Vice President,0.01489,50,14
T0894,1,Tie,UNK-09,32.175,33.629,4,Weak (one-way),Across communities,C3 Trading & logistics desk,7 Unknown role,0.00544,32,42
T0894,2,Tie,EMP-31,73.852,57.529,4,Weak (one-way),Across communities,C2 Staff cluster around DIR-01,6 Employee / Specialist,0.00046,9,125
T0895,1,Tie,UNK-09,32.175,33.629,4,Weak (one-way),Across communities,C3 Trading & logistics desk,7 Unknown role,0.00544,32,42
T0895,2,Tie,UNK-38,21.396,44.124,4,Weak (one-way),Across communities,C1 Leadership core,7 Unknown role,0.00057,16,120
T0896,1,Tie,VP-10,34.079,39.448,4,Weak (one-way),Within community,C1 Leadership core,2 Vice President,0.01489,50,14
T0896,2,Tie,UNK-38,21.396,44.124,4,Weak (one-way),Within community,C1 Leadership core,7 Unknown role,0.00057,16,120
T0897,1,Tie,VP-16,42.923,32.26,3,Weak (one-way),Across communities,C1 Leadership core,2 Vice President,0.0064,30,37
T0897,2,Tie,Stanley Horton,79.267,30.357,3,Weak (one-way),Across communities,C5 Gas pipeline & regulatory,1 Executive,0.01057,33,20
T0898,1,Tie,UNK-33,38.943,33.417,3,Weak (one-way),Within community,C1 Leadership core,7 Unknown role,0.00371,18,55
T0898,2,Tie,John Lavorato,38.979,45.415,3,Weak (one-way),Within community,C1 Leadership core,1 Executive,0.0922,90,3
T0899,1,Tie,VP-12,32.784,48.84,3,Weak (one-way),Within community,C1 Leadership core,2 Vice President,0.00517,39,45
T0899,2,Tie,TRD-07,35.705,35.251,3,Weak (one-way),Within community,C1 Leadership core,5 Trader,0.00211,23,81
T0900,1,Tie,VP-12,32.784,48.84,3,Strong (two-way),Within community,C1 Leadership core,2 Vice President,0.00517,39,45
T0900,2,Tie,MGR-02,45.315,40.729,3,Strong (two-way),Within community,C1 Leadership core,4 Manager,0.0175,54,11
T0901,1,Tie,VP-12,32.784,48.84,3,Weak (one-way),Within community,C1 Leadership core,2 Vice President,0.00517,39,45
T0901,2,Tie,MGR-03,49.98,38.558,3,Weak (one-way),Within community,C1 Leadership core,4 Manager,0.00775,38,35
T0902,1,Tie,Jeffrey Shankman,45.462,49.371,3,Strong (two-way),Within community,C1 Leadership core,1 Executive,0.00152,31,96
T0902,2,Tie,Kenneth Lay,53.65,33.485,3,Strong (two-way),Within community,C1 Leadership core,1 Executive,0.04035,62,5
T0903,1,Tie,Jeffrey Shankman,45.462,49.371,3,Strong (two-way),Within community,C1 Leadership core,1 Executive,0.00152,31,96
T0903,2,Tie,VP-10,34.079,39.448,3,Strong (two-way),Within community,C1 Leadership core,2 Vice President,0.01489,50,14
T0904,1,Tie,Jeffrey Shankman,45.462,49.371,3,Weak (one-way),Within community,C1 Leadership core,1 Executive,0.00152,31,96
T0904,2,Tie,EMP-27,28.066,43.602,3,Weak (one-way),Within community,C1 Leadership core,6 Employee / Specialist,0.00147,24,98
T0905,1,Tie,VP-08,47.328,34.336,3,Strong (two-way),Within community,C1 Leadership core,2 Vice President,0.01408,41,16
T0905,2,Tie,DIR-08,29.195,47.035,3,Strong (two-way),Within community,C1 Leadership core,3 Director / MD,0.00342,30,58
T0906,1,Tie,VP-08,47.328,34.336,3,Weak (one-way),Across communities,C1 Leadership core,2 Vice President,0.01408,41,16
T0906,2,Tie,UNK-22,79.836,44.96,3,Weak (one-way),Across communities,C2 Staff cluster around DIR-01,7 Unknown role,0.00246,23,72
T0907,1,Tie,EMP-29,43.337,36.48,3,Strong (two-way),Within community,C1 Leadership core,6 Employee / Specialist,0.00252,17,70
T0907,2,Tie,Kenneth Lay,53.65,33.485,3,Strong (two-way),Within community,C1 Leadership core,1 Executive,0.04035,62,5
T0908,1,Tie,UNK-03,48.243,90.859,3,Strong (two-way),Within community,C4 Real-time trading desk,7 Unknown role,0.01478,21,15
T0908,2,Tie,MGR-07,57.155,76.784,3,Strong (two-way),Within community,C4 Real-time trading desk,4 Manager,0.01714,23,12
T0909,1,Tie,UNK-03,48.243,90.859,3,Weak (one-way),Within community,C4 Real-time trading desk,7 Unknown role,0.01478,21,15
T0909,2,Tie,TRD-09,49.277,76.145,3,Weak (one-way),Within community,C4 Real-time trading desk,5 Trader,0.0052,19,43
T0910,1,Tie,EMP-28,26.594,39.479,3,Strong (two-way),Across communities,C1 Leadership core,6 Employee / Specialist,0.00226,22,77
T0910,2,Tie,DIR-01,69.375,45.275,3,Strong (two-way),Across communities,C2 Staff cluster around DIR-01,3 Director / MD,0.01936,50,9
T0911,1,Tie,EMP-28,26.594,39.479,3,Weak (one-way),Within community,C1 Leadership core,6 Employee / Specialist,0.00226,22,77
T0911,2,Tie,UNK-19,24.57,43.021,3,Weak (one-way),Within community,C1 Leadership core,7 Unknown role,0.0029,26,67
T0912,1,Tie,EMP-28,26.594,39.479,3,Weak (one-way),Within community,C1 Leadership core,6 Employee / Specialist,0.00226,22,77
T0912,2,Tie,John Lavorato,38.979,45.415,3,Weak (one-way),Within community,C1 Leadership core,1 Executive,0.0922,90,3
T0913,1,Tie,UNK-23,72.048,54.524,3,Weak (one-way),Across communities,C2 Staff cluster around DIR-01,7 Unknown role,0.00302,29,66
T0913,2,Tie,David Delainey,53.102,42.037,3,Weak (one-way),Across communities,C1 Leadership core,1 Executive,0.00884,44,28
T0914,1,Tie,UNK-23,72.048,54.524,3,Weak (one-way),Within community,C2 Staff cluster around DIR-01,7 Unknown role,0.00302,29,66
T0914,2,Tie,UNK-06,79.455,52.513,3,Weak (one-way),Within community,C2 Staff cluster around DIR-01,7 Unknown role,0.00323,23,64
T0915,1,Tie,VP-04,58.757,47.451,3,Strong (two-way),Within community,C1 Leadership core,2 Vice President,0.0068,37,36
T0915,2,Tie,MGR-02,45.315,40.729,3,Strong (two-way),Within community,C1 Leadership core,4 Manager,0.0175,54,11
T0916,1,Tie,EMP-17,54.766,91.177,3,Weak (one-way),Within community,C4 Real-time trading desk,6 Employee / Specialist,0.00113,13,104
T0916,2,Tie,DIR-12,44.974,75.09,3,Weak (one-way),Within community,C4 Real-time trading desk,3 Director / MD,0.00401,16,52
T0917,1,Tie,UNK-37,41.898,20.847,3,Strong (two-way),Within community,C3 Trading & logistics desk,7 Unknown role,0.00311,26,65
T0917,2,Tie,MGR-10,40.242,17.373,3,Strong (two-way),Within community,C3 Trading & logistics desk,4 Manager,0.00191,16,85
T0918,1,Tie,UNK-37,41.898,20.847,3,Strong (two-way),Across communities,C3 Trading & logistics desk,7 Unknown role,0.00311,26,65
T0918,2,Tie,TRD-07,35.705,35.251,3,Strong (two-way),Across communities,C1 Leadership core,5 Trader,0.00211,23,81
T0919,1,Tie,UNK-37,41.898,20.847,3,Strong (two-way),Across communities,C3 Trading & logistics desk,7 Unknown role,0.00311,26,65
T0919,2,Tie,UNK-18,66.784,40.629,3,Strong (two-way),Across communities,C2 Staff cluster around DIR-01,7 Unknown role,0.00881,25,29
T0920,1,Tie,MGR-05,24.631,30.139,3,Strong (two-way),Within community,C3 Trading & logistics desk,4 Manager,0.00578,27,40
T0920,2,Tie,MGR-08,24.114,26.293,3,Strong (two-way),Within community,C3 Trading & logistics desk,4 Manager,0.00176,23,90
T0921,1,Tie,MGR-05,24.631,30.139,3,Strong (two-way),Within community,C3 Trading & logistics desk,4 Manager,0.00578,27,40
T0921,2,Tie,UNK-20,34.304,25.772,3,Strong (two-way),Within community,C3 Trading & logistics desk,7 Unknown role,0.00398,32,53
T0922,1,Tie,MGR-05,24.631,30.139,3,Weak (one-way),Across communities,C3 Trading & logistics desk,4 Manager,0.00578,27,40
T0922,2,Tie,UNK-44,62.565,0.0,3,Weak (one-way),Across communities,C6 Trading & logistics desk (TRD-02),7 Unknown role,0.00019,6,141
T0923,1,Tie,EMP-06,66.911,51.448,3,Weak (one-way),Within community,C2 Staff cluster around DIR-01,6 Employee / Specialist,0.01223,32,18
T0923,2,Tie,UNK-08,71.713,40.4,3,Weak (one-way),Within community,C2 Staff cluster around DIR-01,7 Unknown role,0.00916,31,25
T0924,1,Tie,EMP-06,66.911,51.448,3,Weak (one-way),Across communities,C2 Staff cluster around DIR-01,6 Employee / Specialist,0.01223,32,18
T0924,2,Tie,John Lavorato,38.979,45.415,3,Weak (one-way),Across communities,C1 Leadership core,1 Executive,0.0922,90,3
T0925,1,Tie,UNK-42,69.167,75.586,3,Strong (two-way),Within community,C4 Real-time trading desk,7 Unknown role,8e-05,9,144
T0925,2,Tie,TRD-08,59.625,72.676,3,Strong (two-way),Within community,C4 Real-time trading desk,5 Trader,0.00022,9,138
T0926,1,Tie,UNK-42,69.167,75.586,3,Weak (one-way),Across communities,C4 Real-time trading desk,7 Unknown role,8e-05,9,144
T0926,2,Tie,John Lavorato,38.979,45.415,3,Weak (one-way),Across communities,C1 Leadership core,1 Executive,0.0922,90,3
T0927,1,Tie,VP-17,37.06,59.175,3,Weak (one-way),Within community,C1 Leadership core,2 Vice President,0.00186,22,87
T0927,2,Tie,DIR-13,33.457,58.935,3,Weak (one-way),Within community,C1 Leadership core,3 Director / MD,0.00094,17,111
T0928,1,Tie,VP-17,37.06,59.175,3,Weak (one-way),Across communities,C1 Leadership core,2 Vice President,0.00186,22,87
T0928,2,Tie,UNK-39,61.38,11.1,3,Weak (one-way),Across communities,C6 Trading & logistics desk (TRD-02),7 Unknown role,0.00155,12,95
T0929,1,Tie,EMP-14,75.702,38.35,3,Strong (two-way),Across communities,C2 Staff cluster around DIR-01,6 Employee / Specialist,0.00471,25,46
T0929,2,Tie,TRD-01,37.205,23.423,3,Strong (two-way),Across communities,C3 Trading & logistics desk,5 Trader,0.00193,21,84
T0930,1,Tie,VP-14,83.915,28.874,3,Strong (two-way),Across communities,C5 Gas pipeline & regulatory,2 Vice President,0.00518,24,44
T0930,2,Tie,Kenneth Lay,53.65,33.485,3,Strong (two-way),Across communities,C1 Leadership core,1 Executive,0.04035,62,5
T0931,1,Tie,VP-14,83.915,28.874,3,Strong (two-way),Within community,C5 Gas pipeline & regulatory,2 Vice President,0.00518,24,44
T0931,2,Tie,DIR-03,87.324,21.527,3,Strong (two-way),Within community,C5 Gas pipeline & regulatory,3 Director / MD,0.00605,23,39
T0932,1,Tie,VP-14,83.915,28.874,3,Weak (one-way),Across communities,C5 Gas pipeline & regulatory,2 Vice President,0.00518,24,44
T0932,2,Tie,Jeffery Skilling,54.936,46.157,3,Weak (one-way),Across communities,C1 Leadership core,1 Executive,0.00251,32,71
T0933,1,Tie,VP-14,83.915,28.874,3,Weak (one-way),Across communities,C5 Gas pipeline & regulatory,2 Vice President,0.00518,24,44
T0933,2,Tie,UNK-13,43.096,56.021,3,Weak (one-way),Across communities,C1 Leadership core,7 Unknown role,0.09633,77,2
T0934,1,Tie,MGR-10,40.242,17.373,3,Weak (one-way),Across communities,C3 Trading & logistics desk,4 Manager,0.00191,16,85
T0934,2,Tie,DIR-01,69.375,45.275,3,Weak (one-way),Across communities,C2 Staff cluster around DIR-01,3 Director / MD,0.01936,50,9
T0935,1,Tie,MGR-10,40.242,17.373,3,Strong (two-way),Across communities,C3 Trading & logistics desk,4 Manager,0.00191,16,85
T0935,2,Tie,UNK-19,24.57,43.021,3,Strong (two-way),Across communities,C1 Leadership core,7 Unknown role,0.0029,26,67
T0936,1,Tie,MGR-10,40.242,17.373,3,Strong (two-way),Within community,C3 Trading & logistics desk,4 Manager,0.00191,16,85
T0936,2,Tie,UNK-27,27.228,17.741,3,Strong (two-way),Within community,C3 Trading & logistics desk,7 Unknown role,0.01857,25,10
T0937,1,Tie,MGR-10,40.242,17.373,3,Weak (one-way),Across communities,C3 Trading & logistics desk,4 Manager,0.00191,16,85
T0937,2,Tie,UNK-10,76.803,42.413,3,Weak (one-way),Across communities,C2 Staff cluster around DIR-01,7 Unknown role,0.00572,28,41
T0938,1,Tie,MGR-10,40.242,17.373,3,Weak (one-way),Within community,C3 Trading & logistics desk,4 Manager,0.00191,16,85
T0938,2,Tie,EMP-05,26.599,23.515,3,Weak (one-way),Within community,C3 Trading & logistics desk,6 Employee / Specialist,0.00416,28,50
T0939,1,Tie,UNK-24,96.491,18.037,3,Strong (two-way),Across communities,C5 Gas pipeline & regulatory,7 Unknown role,0.00054,13,122
T0939,2,Tie,UNK-04,45.541,26.096,3,Strong (two-way),Across communities,C3 Trading & logistics desk,7 Unknown role,0.06907,59,4
T0940,1,Tie,UNK-24,96.491,18.037,3,Strong (two-way),Within community,C5 Gas pipeline & regulatory,7 Unknown role,0.00054,13,122
T0940,2,Tie,MGR-06,98.418,20.504,3,Strong (two-way),Within community,C5 Gas pipeline & regulatory,4 Manager,0.00126,16,102
T0941,1,Tie,David Delainey,53.102,42.037,3,Weak (one-way),Within community,C1 Leadership core,1 Executive,0.00884,44,28
T0941,2,Tie,EMP-15,62.704,54.179,3,Weak (one-way),Within community,C1 Leadership core,6 Employee / Specialist,0.0018,22,89
T0942,1,Tie,David Delainey,53.102,42.037,3,Strong (two-way),Within community,C1 Leadership core,1 Executive,0.00884,44,28
T0942,2,Tie,TRD-07,35.705,35.251,3,Strong (two-way),Within community,C1 Leadership core,5 Trader,0.00211,23,81
T0943,1,Tie,David Delainey,53.102,42.037,3,Weak (one-way),Within community,C1 Leadership core,1 Executive,0.00884,44,28
T0943,2,Tie,DIR-08,29.195,47.035,3,Weak (one-way),Within community,C1 Leadership core,3 Director / MD,0.00342,30,58
T0944,1,Tie,UNK-06,79.455,52.513,3,Weak (one-way),Across communities,C2 Staff cluster around DIR-01,7 Unknown role,0.00323,23,64
T0944,2,Tie,Sally Beck,28.287,54.57,3,Weak (one-way),Across communities,C1 Leadership core,1 Executive,0.10151,81,1
T0945,1,Tie,UNK-10,76.803,42.413,3,Weak (one-way),Across communities,C2 Staff cluster around DIR-01,7 Unknown role,0.00572,28,41
T0945,2,Tie,DIR-10,30.08,37.093,3,Weak (one-way),Across communities,C1 Leadership core,3 Director / MD,0.00336,28,59
T0946,1,Tie,UNK-10,76.803,42.413,3,Strong (two-way),Across communities,C2 Staff cluster around DIR-01,7 Unknown role,0.00572,28,41
T0946,2,Tie,EMP-23,53.353,10.749,3,Strong (two-way),Across communities,C7 Staff cluster around UNK-12,6 Employee / Specialist,0.00046,11,126
T0947,1,Tie,TRD-05,54.232,84.49,3,Weak (one-way),Within community,C4 Real-time trading desk,5 Trader,0.0086,16,31
T0947,2,Tie,DIR-12,44.974,75.09,3,Weak (one-way),Within community,C4 Real-time trading desk,3 Director / MD,0.00401,16,52
T0948,1,Tie,TRD-05,54.232,84.49,3,Strong (two-way),Across communities,C4 Real-time trading desk,5 Trader,0.0086,16,31
T0948,2,Tie,DIR-05,51.36,61.741,3,Strong (two-way),Across communities,C1 Leadership core,3 Director / MD,0.0104,21,21
T0949,1,Tie,TRD-05,54.232,84.49,3,Strong (two-way),Across communities,C4 Real-time trading desk,5 Trader,0.0086,16,31
T0949,2,Tie,UNK-31,64.486,59.831,3,Strong (two-way),Across communities,C2 Staff cluster around DIR-01,7 Unknown role,0.00825,25,33
T0950,1,Tie,TRD-05,54.232,84.49,3,Weak (one-way),Across communities,C4 Real-time trading desk,5 Trader,0.0086,16,31
T0950,2,Tie,John Lavorato,38.979,45.415,3,Weak (one-way),Across communities,C1 Leadership core,1 Executive,0.0922,90,3
T0951,1,Tie,TRD-02,64.748,22.504,3,Strong (two-way),Across communities,C6 Trading & logistics desk (TRD-02),5 Trader,0.00349,21,57
T0951,2,Tie,VP-09,51.177,56.265,3,Strong (two-way),Across communities,C1 Leadership core,2 Vice President,0.02052,51,8
T0952,1,Tie,TRD-02,64.748,22.504,3,Weak (one-way),Across communities,C6 Trading & logistics desk (TRD-02),5 Trader,0.00349,21,57
T0952,2,Tie,John Lavorato,38.979,45.415,3,Weak (one-way),Across communities,C1 Leadership core,1 Executive,0.0922,90,3
T0953,1,Tie,VP-01,56.668,38.816,3,Strong (two-way),Across communities,C1 Leadership core,2 Vice President,0.00935,35,24
T0953,2,Tie,EMP-02,74.685,46.468,3,Strong (two-way),Across communities,C2 Staff cluster around DIR-01,6 Employee / Specialist,0.00962,37,22
T0954,1,Tie,UNK-16,39.842,29.775,3,Strong (two-way),Across communities,C3 Trading & logistics desk,7 Unknown role,0.00203,21,82
T0954,2,Tie,DIR-07,25.647,46.416,3,Strong (two-way),Across communities,C1 Leadership core,3 Director / MD,0.00151,22,97
T0955,1,Tie,DIR-02,59.18,52.06,3,Strong (two-way),Within community,C1 Leadership core,3 Director / MD,0.00907,40,26
T0955,2,Tie,UNK-21,59.246,57.418,3,Strong (two-way),Within community,C1 Leadership core,7 Unknown role,0.00101,13,108
T0956,1,Tie,DIR-02,59.18,52.06,3,Weak (one-way),Across communities,C1 Leadership core,3 Director / MD,0.00907,40,26
T0956,2,Tie,EMP-11,82.571,47.041,3,Weak (one-way),Across communities,C2 Staff cluster around DIR-01,6 Employee / Specialist,0.00074,13,114
T0957,1,Tie,EMP-04,63.283,48.099,3,Strong (two-way),Across communities,C1 Leadership core,6 Employee / Specialist,0.00863,32,30
T0957,2,Tie,UNK-08,71.713,40.4,3,Strong (two-way),Across communities,C2 Staff cluster around DIR-01,7 Unknown role,0.00916,31,25
T0958,1,Tie,EMP-04,63.283,48.099,3,Weak (one-way),Across communities,C1 Leadership core,6 Employee / Specialist,0.00863,32,30
T0958,2,Tie,UNK-31,64.486,59.831,3,Weak (one-way),Across communities,C2 Staff cluster around DIR-01,7 Unknown role,0.00825,25,33
T0959,1,Tie,TRD-01,37.205,23.423,3,Weak (one-way),Across communities,C3 Trading & logistics desk,5 Trader,0.00193,21,84
T0959,2,Tie,John Lavorato,38.979,45.415,3,Weak (one-way),Across communities,C1 Leadership core,1 Executive,0.0922,90,3
T0960,1,Tie,TRD-01,37.205,23.423,3,Weak (one-way),Across communities,C3 Trading & logistics desk,5 Trader,0.00193,21,84
T0960,2,Tie,Sally Beck,28.287,54.57,3,Weak (one-way),Across communities,C1 Leadership core,1 Executive,0.10151,81,1
T0961,1,Tie,TRD-08,59.625,72.676,3,Weak (one-way),Across communities,C4 Real-time trading desk,5 Trader,0.00022,9,138
T0961,2,Tie,VP-15,36.691,52.362,3,Weak (one-way),Across communities,C1 Leadership core,2 Vice President,0.00777,42,34
T0962,1,Tie,TRD-08,59.625,72.676,3,Weak (one-way),Across communities,C4 Real-time trading desk,5 Trader,0.00022,9,138
T0962,2,Tie,John Lavorato,38.979,45.415,3,Weak (one-way),Across communities,C1 Leadership core,1 Executive,0.0922,90,3
T0963,1,Tie,EMP-02,74.685,46.468,3,Strong (two-way),Across communities,C2 Staff cluster around DIR-01,6 Employee / Specialist,0.00962,37,22
T0963,2,Tie,VP-02,61.128,43.002,3,Strong (two-way),Across communities,C1 Leadership core,2 Vice President,0.00227,30,76
T0964,1,Tie,DIR-11,29.851,40.726,3,Strong (two-way),Within community,C1 Leadership core,3 Director / MD,0.00164,23,92
T0964,2,Tie,EMP-27,28.066,43.602,3,Strong (two-way),Within community,C1 Leadership core,6 Employee / Specialist,0.00147,24,98
T0965,1,Tie,DIR-11,29.851,40.726,3,Weak (one-way),Across communities,C1 Leadership core,3 Director / MD,0.00164,23,92
T0965,2,Tie,EMP-12,30.256,29.16,3,Weak (one-way),Across communities,C3 Trading & logistics desk,6 Employee / Specialist,0.01509,43,13
T0966,1,Tie,EMP-27,28.066,43.602,3,Strong (two-way),Within community,C1 Leadership core,6 Employee / Specialist,0.00147,24,98
T0966,2,Tie,UNK-19,24.57,43.021,3,Strong (two-way),Within community,C1 Leadership core,7 Unknown role,0.0029,26,67
T0967,1,Tie,EMP-27,28.066,43.602,3,Weak (one-way),Within community,C1 Leadership core,6 Employee / Specialist,0.00147,24,98
T0967,2,Tie,John Lavorato,38.979,45.415,3,Weak (one-way),Within community,C1 Leadership core,1 Executive,0.0922,90,3
T0968,1,Tie,VP-15,36.691,52.362,3,Weak (one-way),Across communities,C1 Leadership core,2 Vice President,0.00777,42,34
T0968,2,Tie,MGR-12,65.006,30.431,3,Weak (one-way),Across communities,C6 Trading & logistics desk (TRD-02),4 Manager,0.00045,13,127
T0969,1,Tie,VP-15,36.691,52.362,3,Strong (two-way),Within community,C1 Leadership core,2 Vice President,0.00777,42,34
T0969,2,Tie,Sally Beck,28.287,54.57,3,Strong (two-way),Within community,C1 Leadership core,1 Executive,0.10151,81,1
T0970,1,Tie,DIR-09,24.026,20.949,3,Weak (one-way),Across communities,C3 Trading & logistics desk,3 Director / MD,0.00119,19,103
T0970,2,Tie,John Lavorato,38.979,45.415,3,Weak (one-way),Across communities,C1 Leadership core,1 Executive,0.0922,90,3
T0971,1,Tie,DIR-09,24.026,20.949,3,Weak (one-way),Across communities,C3 Trading & logistics desk,3 Director / MD,0.00119,19,103
T0971,2,Tie,UNK-12,56.107,18.185,3,Weak (one-way),Across communities,C7 Staff cluster around UNK-12,7 Unknown role,0.00274,20,69
T0972,1,Tie,DIR-09,24.026,20.949,3,Weak (one-way),Within community,C3 Trading & logistics desk,3 Director / MD,0.00119,19,103
T0972,2,Tie,UNK-04,45.541,26.096,3,Weak (one-way),Within community,C3 Trading & logistics desk,7 Unknown role,0.06907,59,4
T0973,1,Tie,VP-19,47.278,61.355,3,Strong (two-way),Across communities,C1 Leadership core,2 Vice President,0.00109,19,105
T0973,2,Tie,UNK-31,64.486,59.831,3,Strong (two-way),Across communities,C2 Staff cluster around DIR-01,7 Unknown role,0.00825,25,33
T0974,1,Tie,VP-19,47.278,61.355,3,Weak (one-way),Within community,C1 Leadership core,2 Vice President,0.00109,19,105
T0974,2,Tie,UNK-14,55.245,53.635,3,Weak (one-way),Within community,C1 Leadership core,7 Unknown role,0.00278,24,68
T0975,1,Tie,VP-13,30.535,24.387,3,Weak (one-way),Within community,C3 Trading & logistics desk,2 Vice President,0.00448,28,47
T0975,2,Tie,UNK-09,32.175,33.629,3,Weak (one-way),Within community,C3 Trading & logistics desk,7 Unknown role,0.00544,32,42
T0976,1,Tie,VP-13,30.535,24.387,3,Weak (one-way),Within community,C3 Trading & logistics desk,2 Vice President,0.00448,28,47
T0976,2,Tie,UNK-04,45.541,26.096,3,Weak (one-way),Within community,C3 Trading & logistics desk,7 Unknown role,0.06907,59,4
T0977,1,Tie,UNK-22,79.836,44.96,3,Weak (one-way),Across communities,C2 Staff cluster around DIR-01,7 Unknown role,0.00246,23,72
T0977,2,Tie,Sally Beck,28.287,54.57,3,Weak (one-way),Across communities,C1 Leadership core,1 Executive,0.10151,81,1
T0978,1,Tie,UNK-28,22.335,23.619,3,Weak (one-way),Across communities,C3 Trading & logistics desk,7 Unknown role,0.00053,18,123
T0978,2,Tie,Sally Beck,28.287,54.57,3,Weak (one-way),Across communities,C1 Leadership core,1 Executive,0.10151,81,1
T0979,1,Tie,EMP-19,33.272,18.097,3,Weak (one-way),Within community,C3 Trading & logistics desk,6 Employee / Specialist,0.00335,27,61
T0979,2,Tie,DIR-04,27.548,32.805,3,Weak (one-way),Within community,C3 Trading & logistics desk,3 Director / MD,0.00233,26,74
T0980,1,Tie,EMP-19,33.272,18.097,3,Weak (one-way),Across communities,C3 Trading & logistics desk,6 Employee / Specialist,0.00335,27,61
T0980,2,Tie,UNK-13,43.096,56.021,3,Weak (one-way),Across communities,C1 Leadership core,7 Unknown role,0.09633,77,2
T0981,1,Tie,EMP-01,62.027,38.131,3,Weak (one-way),Within community,C1 Leadership core,6 Employee / Specialist,0.0209,38,7
T0981,2,Tie,Jeffery Skilling,54.936,46.157,3,Weak (one-way),Within community,C1 Leadership core,1 Executive,0.00251,32,71
T0982,1,Tie,EMP-01,62.027,38.131,3,Strong (two-way),Within community,C1 Leadership core,6 Employee / Specialist,0.0209,38,7
T0982,2,Tie,EMP-33,57.558,30.343,3,Strong (two-way),Within community,C1 Leadership core,6 Employee / Specialist,7e-05,4,145
T0983,1,Tie,MGR-12,65.006,30.431,3,Weak (one-way),Across communities,C6 Trading & logistics desk (TRD-02),4 Manager,0.00045,13,127
T0983,2,Tie,John Lavorato,38.979,45.415,3,Weak (one-way),Across communities,C1 Leadership core,1 Executive,0.0922,90,3
T0984,1,Tie,DIR-01,69.375,45.275,3,Weak (one-way),Across communities,C2 Staff cluster around DIR-01,3 Director / MD,0.01936,50,9
T0984,2,Tie,EMP-12,30.256,29.16,3,Weak (one-way),Across communities,C3 Trading & logistics desk,6 Employee / Specialist,0.01509,43,13
T0985,1,Tie,Jeffery Skilling,54.936,46.157,3,Strong (two-way),Within community,C1 Leadership core,1 Executive,0.00251,32,71
T0985,2,Tie,Kenneth Lay,53.65,33.485,3,Strong (two-way),Within community,C1 Leadership core,1 Executive,0.04035,62,5
T0986,1,Tie,Jeffery Skilling,54.936,46.157,3,Strong (two-way),Within community,C1 Leadership core,1 Executive,0.00251,32,71
T0986,2,Tie,UNK-14,55.245,53.635,3,Strong (two-way),Within community,C1 Leadership core,7 Unknown role,0.00278,24,68
T0987,1,Tie,Jeffery Skilling,54.936,46.157,3,Strong (two-way),Across communities,C1 Leadership core,1 Executive,0.00251,32,71
T0987,2,Tie,Rod Hayslett,90.003,30.046,3,Strong (two-way),Across communities,C5 Gas pipeline & regulatory,1 Executive,0.00951,26,23
T0988,1,Tie,TRD-07,35.705,35.251,3,Strong (two-way),Within community,C1 Leadership core,5 Trader,0.00211,23,81
T0988,2,Tie,Louise Kitchen,49.827,46.741,3,Strong (two-way),Within community,C1 Leadership core,1 Executive,0.02954,64,6
T0989,1,Tie,TRD-07,35.705,35.251,3,Weak (one-way),Within community,C1 Leadership core,5 Trader,0.00211,23,81
T0989,2,Tie,VP-05,31.959,43.993,3,Weak (one-way),Within community,C1 Leadership core,2 Vice President,0.00619,42,38
T0990,1,Tie,VP-03,57.344,43.184,3,Weak (one-way),Within community,C1 Leadership core,2 Vice President,0.00417,36,49
T0990,2,Tie,DIR-05,51.36,61.741,3,Weak (one-way),Within community,C1 Leadership core,3 Director / MD,0.0104,21,21
T0991,1,Tie,UNK-11,55.402,49.902,3,Weak (one-way),Within community,C1 Leadership core,7 Unknown role,0.0023,26,75
T0991,2,Tie,MGR-02,45.315,40.729,3,Weak (one-way),Within community,C1 Leadership core,4 Manager,0.0175,54,11
T0992,1,Tie,UNK-35,50.365,22.388,3,Weak (one-way),Across communities,C3 Trading & logistics desk,7 Unknown role,0.00104,13,106
T0992,2,Tie,John Lavorato,38.979,45.415,3,Weak (one-way),Across communities,C1 Leadership core,1 Executive,0.0922,90,3
T0993,1,Tie,TRD-11,23.077,58.65,3,Weak (one-way),Within community,C1 Leadership core,5 Trader,0.00037,12,133
T0993,2,Tie,John Lavorato,38.979,45.415,3,Weak (one-way),Within community,C1 Leadership core,1 Executive,0.0922,90,3
T0994,1,Tie,VP-05,31.959,43.993,3,Strong (two-way),Within community,C1 Leadership core,2 Vice President,0.00619,42,38
T0994,2,Tie,DIR-08,29.195,47.035,3,Strong (two-way),Within community,C1 Leadership core,3 Director / MD,0.00342,30,58
T0995,1,Tie,VP-05,31.959,43.993,3,Weak (one-way),Within community,C1 Leadership core,2 Vice President,0.00619,42,38
T0995,2,Tie,MGR-02,45.315,40.729,3,Weak (one-way),Within community,C1 Leadership core,4 Manager,0.0175,54,11
T0996,1,Tie,MGR-07,57.155,76.784,3,Weak (one-way),Across communities,C4 Real-time trading desk,4 Manager,0.01714,23,12
T0996,2,Tie,John Lavorato,38.979,45.415,3,Weak (one-way),Across communities,C1 Leadership core,1 Executive,0.0922,90,3
T0997,1,Tie,UNK-19,24.57,43.021,3,Strong (two-way),Within community,C1 Leadership core,7 Unknown role,0.0029,26,67
T0997,2,Tie,DIR-08,29.195,47.035,3,Strong (two-way),Within community,C1 Leadership core,3 Director / MD,0.00342,30,58
T0998,1,Tie,John Lavorato,38.979,45.415,3,Weak (one-way),Across communities,C1 Leadership core,1 Executive,0.0922,90,3
T0998,2,Tie,EMP-24,69.68,21.391,3,Weak (one-way),Across communities,C6 Trading & logistics desk (TRD-02),6 Employee / Specialist,0.00087,11,112
T0999,1,Tie,John Lavorato,38.979,45.415,3,Weak (one-way),Across communities,C1 Leadership core,1 Executive,0.0922,90,3
T0999,2,Tie,EMP-20,65.93,56.348,3,Weak (one-way),Across communities,C2 Staff cluster around DIR-01,6 Employee / Specialist,0.00015,10,142
T1000,1,Tie,John Lavorato,38.979,45.415,3,Weak (one-way),Across communities,C1 Leadership core,1 Executive,0.0922,90,3
T1000,2,Tie,TRD-10,71.128,36.5,3,Weak (one-way),Across communities,C2 Staff cluster around DIR-01,5 Trader,0.00074,14,113
T1001,1,Tie,John Lavorato,38.979,45.415,3,Weak (one-way),Across communities,C1 Leadership core,1 Executive,0.0922,90,3
T1001,2,Tie,UNK-27,27.228,17.741,3,Weak (one-way),Across communities,C3 Trading & logistics desk,7 Unknown role,0.01857,25,10
T1002,1,Tie,John Lavorato,38.979,45.415,3,Weak (one-way),Across communities,C1 Leadership core,1 Executive,0.0922,90,3
T1002,2,Tie,UNK-36,80.635,40.752,3,Weak (one-way),Across communities,C2 Staff cluster around DIR-01,7 Unknown role,0.00134,16,101
T1003,1,Tie,John Lavorato,38.979,45.415,3,Weak (one-way),Across communities,C1 Leadership core,1 Executive,0.0922,90,3
T1003,2,Tie,MGR-08,24.114,26.293,3,Weak (one-way),Across communities,C3 Trading & logistics desk,4 Manager,0.00176,23,90
T1004,1,Tie,John Lavorato,38.979,45.415,3,Weak (one-way),Across communities,C1 Leadership core,1 Executive,0.0922,90,3
T1004,2,Tie,EMP-05,26.599,23.515,3,Weak (one-way),Across communities,C3 Trading & logistics desk,6 Employee / Specialist,0.00416,28,50
T1005,1,Tie,John Lavorato,38.979,45.415,3,Weak (one-way),Within community,C1 Leadership core,1 Executive,0.0922,90,3
T1005,2,Tie,DIR-06,22.447,47.023,3,Weak (one-way),Within community,C1 Leadership core,3 Director / MD,0.00094,17,110
T1006,1,Tie,John Lavorato,38.979,45.415,3,Weak (one-way),Across communities,C1 Leadership core,1 Executive,0.0922,90,3
T1006,2,Tie,UNK-20,34.304,25.772,3,Weak (one-way),Across communities,C3 Trading & logistics desk,7 Unknown role,0.00398,32,53
T1007,1,Tie,John Lavorato,38.979,45.415,3,Weak (one-way),Across communities,C1 Leadership core,1 Executive,0.0922,90,3
T1007,2,Tie,UNK-30,70.103,59.382,3,Weak (one-way),Across communities,C2 Staff cluster around DIR-01,7 Unknown role,0.00022,10,139
T1008,1,Tie,John Lavorato,38.979,45.415,3,Weak (one-way),Across communities,C1 Leadership core,1 Executive,0.0922,90,3
T1008,2,Tie,EMP-31,73.852,57.529,3,Weak (one-way),Across communities,C2 Staff cluster around DIR-01,6 Employee / Specialist,0.00046,9,125
T1009,1,Tie,John Lavorato,38.979,45.415,3,Weak (one-way),Across communities,C1 Leadership core,1 Executive,0.0922,90,3
T1009,2,Tie,TRD-04,33.638,21.922,3,Weak (one-way),Across communities,C3 Trading & logistics desk,5 Trader,0.00325,28,63
T1010,1,Tie,DIR-08,29.195,47.035,3,Weak (one-way),Across communities,C1 Leadership core,3 Director / MD,0.00342,30,58
T1010,2,Tie,EMP-20,65.93,56.348,3,Weak (one-way),Across communities,C2 Staff cluster around DIR-01,6 Employee / Specialist,0.00015,10,142
T1011,1,Tie,UNK-47,5.154,60.879,3,Weak (one-way),Within community,C1 Leadership core,7 Unknown role,0.0,1,147
T1011,2,Tie,Sally Beck,28.287,54.57,3,Weak (one-way),Within community,C1 Leadership core,1 Executive,0.10151,81,1
T1012,1,Tie,EMP-20,65.93,56.348,3,Weak (one-way),Across communities,C2 Staff cluster around DIR-01,6 Employee / Specialist,0.00015,10,142
T1012,2,Tie,EMP-12,30.256,29.16,3,Weak (one-way),Across communities,C3 Trading & logistics desk,6 Employee / Specialist,0.01509,43,13
T1013,1,Tie,MGR-02,45.315,40.729,3,Strong (two-way),Across communities,C1 Leadership core,4 Manager,0.0175,54,11
T1013,2,Tie,UNK-12,56.107,18.185,3,Strong (two-way),Across communities,C7 Staff cluster around UNK-12,7 Unknown role,0.00274,20,69
T1014,1,Tie,MGR-02,45.315,40.729,3,Weak (one-way),Within community,C1 Leadership core,4 Manager,0.0175,54,11
T1014,2,Tie,Kenneth Lay,53.65,33.485,3,Weak (one-way),Within community,C1 Leadership core,1 Executive,0.04035,62,5
T1015,1,Tie,MGR-02,45.315,40.729,3,Weak (one-way),Within community,C1 Leadership core,4 Manager,0.0175,54,11
T1015,2,Tie,DIR-07,25.647,46.416,3,Weak (one-way),Within community,C1 Leadership core,3 Director / MD,0.00151,22,97
T1016,1,Tie,EMP-12,30.256,29.16,3,Weak (one-way),Across communities,C3 Trading & logistics desk,6 Employee / Specialist,0.01509,43,13
T1016,2,Tie,UNK-38,21.396,44.124,3,Weak (one-way),Across communities,C1 Leadership core,7 Unknown role,0.00057,16,120
T1017,1,Tie,EMP-12,30.256,29.16,3,Strong (two-way),Across communities,C3 Trading & logistics desk,6 Employee / Specialist,0.01509,43,13
T1017,2,Tie,UNK-31,64.486,59.831,3,Strong (two-way),Across communities,C2 Staff cluster around DIR-01,7 Unknown role,0.00825,25,33
T1018,1,Tie,DIR-04,27.548,32.805,3,Weak (one-way),Within community,C3 Trading & logistics desk,3 Director / MD,0.00233,26,74
T1018,2,Tie,EMP-05,26.599,23.515,3,Weak (one-way),Within community,C3 Trading & logistics desk,6 Employee / Specialist,0.00416,28,50
T1019,1,Tie,DIR-04,27.548,32.805,3,Weak (one-way),Within community,C3 Trading & logistics desk,3 Director / MD,0.00233,26,74
T1019,2,Tie,UNK-20,34.304,25.772,3,Weak (one-way),Within community,C3 Trading & logistics desk,7 Unknown role,0.00398,32,53
T1020,1,Tie,DIR-04,27.548,32.805,3,Weak (one-way),Within community,C3 Trading & logistics desk,3 Director / MD,0.00233,26,74
T1020,2,Tie,TRD-04,33.638,21.922,3,Weak (one-way),Within community,C3 Trading & logistics desk,5 Trader,0.00325,28,63
T1021,1,Tie,Kenneth Lay,53.65,33.485,3,Strong (two-way),Within community,C1 Leadership core,1 Executive,0.04035,62,5
T1021,2,Tie,MGR-04,52.35,51.586,3,Strong (two-way),Within community,C1 Leadership core,4 Manager,0.00157,26,94
T1022,1,Tie,DIR-03,87.324,21.527,3,Strong (two-way),Within community,C5 Gas pipeline & regulatory,3 Director / MD,0.00605,23,39
T1022,2,Tie,Rod Hayslett,90.003,30.046,3,Strong (two-way),Within community,C5 Gas pipeline & regulatory,1 Executive,0.00951,26,23
T1023,1,Tie,DIR-03,87.324,21.527,3,Strong (two-way),Within community,C5 Gas pipeline & regulatory,3 Director / MD,0.00605,23,39
T1023,2,Tie,Stanley Horton,79.267,30.357,3,Strong (two-way),Within community,C5 Gas pipeline & regulatory,1 Executive,0.01057,33,20
T1024,1,Tie,TRD-10,71.128,36.5,3,Weak (one-way),Across communities,C2 Staff cluster around DIR-01,5 Trader,0.00074,14,113
T1024,2,Tie,UNK-43,34.963,61.544,3,Weak (one-way),Across communities,C1 Leadership core,7 Unknown role,0.00034,10,135
T1025,1,Tie,UNK-18,66.784,40.629,3,Strong (two-way),Within community,C2 Staff cluster around DIR-01,7 Unknown role,0.00881,25,29
T1025,2,Tie,EMP-03,75.939,51.018,3,Strong (two-way),Within community,C2 Staff cluster around DIR-01,6 Employee / Specialist,0.00332,23,62
T1026,1,Tie,DIR-07,25.647,46.416,3,Strong (two-way),Within community,C1 Leadership core,3 Director / MD,0.00151,22,97
T1026,2,Tie,Louise Kitchen,49.827,46.741,3,Strong (two-way),Within community,C1 Leadership core,1 Executive,0.02954,64,6
T1027,1,Tie,UNK-27,27.228,17.741,3,Weak (one-way),Within community,C3 Trading & logistics desk,7 Unknown role,0.01857,25,10
T1027,2,Tie,UNK-04,45.541,26.096,3,Weak (one-way),Within community,C3 Trading & logistics desk,7 Unknown role,0.06907,59,4
T1028,1,Tie,UNK-13,43.096,56.021,3,Strong (two-way),Across communities,C1 Leadership core,7 Unknown role,0.09633,77,2
T1028,2,Tie,UNK-36,80.635,40.752,3,Strong (two-way),Across communities,C2 Staff cluster around DIR-01,7 Unknown role,0.00134,16,101
T1029,1,Tie,UNK-13,43.096,56.021,3,Weak (one-way),Across communities,C1 Leadership core,7 Unknown role,0.09633,77,2
T1029,2,Tie,UNK-01,71.717,50.254,3,Weak (one-way),Across communities,C2 Staff cluster around DIR-01,7 Unknown role,0.00896,38,27
T1030,1,Tie,UNK-36,80.635,40.752,3,Strong (two-way),Across communities,C2 Staff cluster around DIR-01,7 Unknown role,0.00134,16,101
T1030,2,Tie,Louise Kitchen,49.827,46.741,3,Strong (two-way),Across communities,C1 Leadership core,1 Executive,0.02954,64,6
T1031,1,Tie,UNK-15,93.947,19.517,3,Strong (two-way),Within community,C5 Gas pipeline & regulatory,7 Unknown role,0.00044,15,128
T1031,2,Tie,Rod Hayslett,90.003,30.046,3,Strong (two-way),Within community,C5 Gas pipeline & regulatory,1 Executive,0.00951,26,23
T1032,1,Tie,UNK-17,96.938,23.462,3,Strong (two-way),Within community,C5 Gas pipeline & regulatory,7 Unknown role,0.00138,15,99
T1032,2,Tie,EMP-13,94.721,25.85,3,Strong (two-way),Within community,C5 Gas pipeline & regulatory,6 Employee / Specialist,0.00101,17,107
T1033,1,Tie,UNK-12,56.107,18.185,3,Strong (two-way),Across communities,C7 Staff cluster around UNK-12,7 Unknown role,0.00274,20,69
T1033,2,Tie,UNK-04,45.541,26.096,3,Strong (two-way),Across communities,C3 Trading & logistics desk,7 Unknown role,0.06907,59,4
T1034,1,Tie,UNK-29,30.31,20.866,3,Strong (two-way),Within community,C3 Trading & logistics desk,7 Unknown role,0.00053,17,124
T1034,2,Tie,TRD-04,33.638,21.922,3,Strong (two-way),Within community,C3 Trading & logistics desk,5 Trader,0.00325,28,63
T1035,1,Tie,UNK-26,55.912,57.193,3,Weak (one-way),Within community,C1 Leadership core,7 Unknown role,0.00198,27,83
T1035,2,Tie,Sally Beck,28.287,54.57,3,Weak (one-way),Within community,C1 Leadership core,1 Executive,0.10151,81,1
T1036,1,Tie,UNK-26,55.912,57.193,3,Strong (two-way),Across communities,C1 Leadership core,7 Unknown role,0.00198,27,83
T1036,2,Tie,UNK-01,71.717,50.254,3,Strong (two-way),Across communities,C2 Staff cluster around DIR-01,7 Unknown role,0.00896,38,27
T1037,1,Tie,UNK-14,55.245,53.635,3,Weak (one-way),Within community,C1 Leadership core,7 Unknown role,0.00278,24,68
T1037,2,Tie,VP-02,61.128,43.002,3,Weak (one-way),Within community,C1 Leadership core,2 Vice President,0.00227,30,76
T1038,1,Tie,UNK-09,32.175,33.629,3,Weak (one-way),Within community,C3 Trading & logistics desk,7 Unknown role,0.00544,32,42
T1038,2,Tie,TRD-04,33.638,21.922,3,Weak (one-way),Within community,C3 Trading & logistics desk,5 Trader,0.00325,28,63
T1039,1,Tie,MGR-04,52.35,51.586,3,Weak (one-way),Across communities,C1 Leadership core,4 Manager,0.00157,26,94
T1039,2,Tie,Stanley Horton,79.267,30.357,3,Weak (one-way),Across communities,C5 Gas pipeline & regulatory,1 Executive,0.01057,33,20
T1040,1,Tie,Sally Beck,28.287,54.57,3,Strong (two-way),Within community,C1 Leadership core,1 Executive,0.10151,81,1
T1040,2,Tie,VP-10,34.079,39.448,3,Strong (two-way),Within community,C1 Leadership core,2 Vice President,0.01489,50,14
T1041,1,Tie,EMP-30,43.343,100.0,2,Weak (one-way),Within community,C4 Real-time trading desk,6 Employee / Specialist,0.00101,7,109
T1041,2,Tie,EMP-21,50.159,95.273,2,Weak (one-way),Within community,C4 Real-time trading desk,6 Employee / Specialist,0.00069,10,115
T1042,1,Tie,EMP-30,43.343,100.0,2,Weak (one-way),Within community,C4 Real-time trading desk,6 Employee / Specialist,0.00101,7,109
T1042,2,Tie,EMP-08,52.334,88.455,2,Weak (one-way),Within community,C4 Real-time trading desk,6 Employee / Specialist,0.00443,17,48
T1043,1,Tie,EMP-30,43.343,100.0,2,Weak (one-way),Across communities,C4 Real-time trading desk,6 Employee / Specialist,0.00101,7,109
T1043,2,Tie,UNK-13,43.096,56.021,2,Weak (one-way),Across communities,C1 Leadership core,7 Unknown role,0.09633,77,2
T1044,1,Tie,VP-16,42.923,32.26,2,Weak (one-way),Within community,C1 Leadership core,2 Vice President,0.0064,30,37
T1044,2,Tie,VP-12,32.784,48.84,2,Weak (one-way),Within community,C1 Leadership core,2 Vice President,0.00517,39,45
T1045,1,Tie,VP-16,42.923,32.26,2,Weak (one-way),Across communities,C1 Leadership core,2 Vice President,0.0064,30,37
T1045,2,Tie,DIR-03,87.324,21.527,2,Weak (one-way),Across communities,C5 Gas pipeline & regulatory,3 Director / MD,0.00605,23,39
T1046,1,Tie,VP-16,42.923,32.26,2,Weak (one-way),Across communities,C1 Leadership core,2 Vice President,0.0064,30,37
T1046,2,Tie,UNK-07,91.477,25.208,2,Weak (one-way),Across communities,C5 Gas pipeline & regulatory,7 Unknown role,0.00173,19,91
T1047,1,Tie,VP-16,42.923,32.26,2,Weak (one-way),Within community,C1 Leadership core,2 Vice President,0.0064,30,37
T1047,2,Tie,Sally Beck,28.287,54.57,2,Weak (one-way),Within community,C1 Leadership core,1 Executive,0.10151,81,1
T1048,1,Tie,UNK-33,38.943,33.417,2,Weak (one-way),Across communities,C1 Leadership core,7 Unknown role,0.00371,18,55
T1048,2,Tie,VP-13,30.535,24.387,2,Weak (one-way),Across communities,C3 Trading & logistics desk,2 Vice President,0.00448,28,47
T1049,1,Tie,UNK-33,38.943,33.417,2,Weak (one-way),Within community,C1 Leadership core,7 Unknown role,0.00371,18,55
T1049,2,Tie,VP-05,31.959,43.993,2,Weak (one-way),Within community,C1 Leadership core,2 Vice President,0.00619,42,38
T1050,1,Tie,UNK-33,38.943,33.417,2,Weak (one-way),Within community,C1 Leadership core,7 Unknown role,0.00371,18,55
T1050,2,Tie,UNK-13,43.096,56.021,2,Weak (one-way),Within community,C1 Leadership core,7 Unknown role,0.09633,77,2
T1051,1,Tie,UNK-33,38.943,33.417,2,Weak (one-way),Across communities,C1 Leadership core,7 Unknown role,0.00371,18,55
T1051,2,Tie,UNK-09,32.175,33.629,2,Weak (one-way),Across communities,C3 Trading & logistics desk,7 Unknown role,0.00544,32,42
T1052,1,Tie,DIR-14,23.369,49.978,2,Weak (one-way),Within community,C1 Leadership core,3 Director / MD,0.00061,15,118
T1052,2,Tie,UNK-13,43.096,56.021,2,Weak (one-way),Within community,C1 Leadership core,7 Unknown role,0.09633,77,2
T1053,1,Tie,DIR-14,23.369,49.978,2,Weak (one-way),Across communities,C1 Leadership core,3 Director / MD,0.00061,15,118
T1053,2,Tie,MGR-08,24.114,26.293,2,Weak (one-way),Across communities,C3 Trading & logistics desk,4 Manager,0.00176,23,90
T1054,1,Tie,DIR-14,23.369,49.978,2,Weak (one-way),Across communities,C1 Leadership core,3 Director / MD,0.00061,15,118
T1054,2,Tie,UNK-09,32.175,33.629,2,Weak (one-way),Across communities,C3 Trading & logistics desk,7 Unknown role,0.00544,32,42
T1055,1,Tie,DIR-14,23.369,49.978,2,Weak (one-way),Across communities,C1 Leadership core,3 Director / MD,0.00061,15,118
T1055,2,Tie,UNK-20,34.304,25.772,2,Weak (one-way),Across communities,C3 Trading & logistics desk,7 Unknown role,0.00398,32,53
T1056,1,Tie,VP-12,32.784,48.84,2,Strong (two-way),Within community,C1 Leadership core,2 Vice President,0.00517,39,45
T1056,2,Tie,DIR-08,29.195,47.035,2,Strong (two-way),Within community,C1 Leadership core,3 Director / MD,0.00342,30,58
T1057,1,Tie,VP-12,32.784,48.84,2,Weak (one-way),Within community,C1 Leadership core,2 Vice President,0.00517,39,45
T1057,2,Tie,DIR-06,22.447,47.023,2,Weak (one-way),Within community,C1 Leadership core,3 Director / MD,0.00094,17,110
T1058,1,Tie,VP-12,32.784,48.84,2,Weak (one-way),Within community,C1 Leadership core,2 Vice President,0.00517,39,45
T1058,2,Tie,VP-10,34.079,39.448,2,Weak (one-way),Within community,C1 Leadership core,2 Vice President,0.01489,50,14
T1059,1,Tie,VP-12,32.784,48.84,2,Weak (one-way),Across communities,C1 Leadership core,2 Vice President,0.00517,39,45
T1059,2,Tie,UNK-16,39.842,29.775,2,Weak (one-way),Across communities,C3 Trading & logistics desk,7 Unknown role,0.00203,21,82
T1060,1,Tie,VP-12,32.784,48.84,2,Weak (one-way),Within community,C1 Leadership core,2 Vice President,0.00517,39,45
T1060,2,Tie,DIR-02,59.18,52.06,2,Weak (one-way),Within community,C1 Leadership core,3 Director / MD,0.00907,40,26
T1061,1,Tie,Jeffrey Shankman,45.462,49.371,2,Weak (one-way),Within community,C1 Leadership core,1 Executive,0.00152,31,96
T1061,2,Tie,VP-19,47.278,61.355,2,Weak (one-way),Within community,C1 Leadership core,2 Vice President,0.00109,19,105
T1062,1,Tie,Jeffrey Shankman,45.462,49.371,2,Strong (two-way),Within community,C1 Leadership core,1 Executive,0.00152,31,96
T1062,2,Tie,VP-18,35.303,56.167,2,Strong (two-way),Within community,C1 Leadership core,2 Vice President,0.0019,20,86
T1063,1,Tie,Jeffrey Shankman,45.462,49.371,2,Weak (one-way),Within community,C1 Leadership core,1 Executive,0.00152,31,96
T1063,2,Tie,MGR-02,45.315,40.729,2,Weak (one-way),Within community,C1 Leadership core,4 Manager,0.0175,54,11
T1064,1,Tie,VP-08,47.328,34.336,2,Weak (one-way),Across communities,C1 Leadership core,2 Vice President,0.01408,41,16
T1064,2,Tie,EMP-18,21.165,27.937,2,Weak (one-way),Across communities,C3 Trading & logistics desk,6 Employee / Specialist,0.00135,19,100
T1065,1,Tie,VP-08,47.328,34.336,2,Strong (two-way),Within community,C1 Leadership core,2 Vice President,0.01408,41,16
T1065,2,Tie,VP-01,56.668,38.816,2,Strong (two-way),Within community,C1 Leadership core,2 Vice President,0.00935,35,24
T1066,1,Tie,VP-08,47.328,34.336,2,Weak (one-way),Within community,C1 Leadership core,2 Vice President,0.01408,41,16
T1066,2,Tie,VP-15,36.691,52.362,2,Weak (one-way),Within community,C1 Leadership core,2 Vice President,0.00777,42,34
T1067,1,Tie,VP-08,47.328,34.336,2,Strong (two-way),Across communities,C1 Leadership core,2 Vice President,0.01408,41,16
T1067,2,Tie,UNK-27,27.228,17.741,2,Strong (two-way),Across communities,C3 Trading & logistics desk,7 Unknown role,0.01857,25,10
T1068,1,Tie,VP-08,47.328,34.336,2,Weak (one-way),Within community,C1 Leadership core,2 Vice President,0.01408,41,16
T1068,2,Tie,DIR-13,33.457,58.935,2,Weak (one-way),Within community,C1 Leadership core,3 Director / MD,0.00094,17,111
T1069,1,Tie,VP-08,47.328,34.336,2,Strong (two-way),Across communities,C1 Leadership core,2 Vice President,0.01408,41,16
T1069,2,Tie,EMP-22,57.4,12.538,2,Strong (two-way),Across communities,C7 Staff cluster around UNK-12,6 Employee / Specialist,0.00041,10,129
T1070,1,Tie,VP-08,47.328,34.336,2,Weak (one-way),Across communities,C1 Leadership core,2 Vice President,0.01408,41,16
T1070,2,Tie,UNK-10,76.803,42.413,2,Weak (one-way),Across communities,C2 Staff cluster around DIR-01,7 Unknown role,0.00572,28,41
T1071,1,Tie,EMP-29,43.337,36.48,2,Strong (two-way),Within community,C1 Leadership core,6 Employee / Specialist,0.00252,17,70
T1071,2,Tie,MGR-03,49.98,38.558,2,Strong (two-way),Within community,C1 Leadership core,4 Manager,0.00775,38,35
T1072,1,Tie,EMP-29,43.337,36.48,2,Weak (one-way),Within community,C1 Leadership core,6 Employee / Specialist,0.00252,17,70
T1072,2,Tie,TRD-11,23.077,58.65,2,Weak (one-way),Within community,C1 Leadership core,5 Trader,0.00037,12,133
T1073,1,Tie,EMP-29,43.337,36.48,2,Weak (one-way),Within community,C1 Leadership core,6 Employee / Specialist,0.00252,17,70
T1073,2,Tie,DIR-13,33.457,58.935,2,Weak (one-way),Within community,C1 Leadership core,3 Director / MD,0.00094,17,111
T1074,1,Tie,EMP-29,43.337,36.48,2,Weak (one-way),Across communities,C1 Leadership core,6 Employee / Specialist,0.00252,17,70
T1074,2,Tie,UNK-44,62.565,0.0,2,Weak (one-way),Across communities,C6 Trading & logistics desk (TRD-02),7 Unknown role,0.00019,6,141
T1075,1,Tie,UNK-25,100.0,25.093,2,Weak (one-way),Within community,C5 Gas pipeline & regulatory,7 Unknown role,0.00241,15,73
T1075,2,Tie,UNK-24,96.491,18.037,2,Weak (one-way),Within community,C5 Gas pipeline & regulatory,7 Unknown role,0.00054,13,122
T1076,1,Tie,UNK-03,48.243,90.859,2,Weak (one-way),Across communities,C4 Real-time trading desk,7 Unknown role,0.01478,21,15
T1076,2,Tie,VP-18,35.303,56.167,2,Weak (one-way),Across communities,C1 Leadership core,2 Vice President,0.0019,20,86
T1077,1,Tie,UNK-03,48.243,90.859,2,Weak (one-way),Within community,C4 Real-time trading desk,7 Unknown role,0.01478,21,15
T1077,2,Tie,DIR-12,44.974,75.09,2,Weak (one-way),Within community,C4 Real-time trading desk,3 Director / MD,0.00401,16,52
T1078,1,Tie,UNK-03,48.243,90.859,2,Weak (one-way),Within community,C4 Real-time trading desk,7 Unknown role,0.01478,21,15
T1078,2,Tie,EMP-32,60.352,93.756,2,Weak (one-way),Within community,C4 Real-time trading desk,6 Employee / Specialist,0.00037,9,132
T1079,1,Tie,EMP-28,26.594,39.479,2,Weak (one-way),Across communities,C1 Leadership core,6 Employee / Specialist,0.00226,22,77
T1079,2,Tie,UNK-10,76.803,42.413,2,Weak (one-way),Across communities,C2 Staff cluster around DIR-01,7 Unknown role,0.00572,28,41
T1080,1,Tie,EMP-28,26.594,39.479,2,Weak (one-way),Within community,C1 Leadership core,6 Employee / Specialist,0.00226,22,77
T1080,2,Tie,DIR-11,29.851,40.726,2,Weak (one-way),Within community,C1 Leadership core,3 Director / MD,0.00164,23,92
T1081,1,Tie,EMP-28,26.594,39.479,2,Weak (one-way),Across communities,C1 Leadership core,6 Employee / Specialist,0.00226,22,77
T1081,2,Tie,EMP-12,30.256,29.16,2,Weak (one-way),Across communities,C3 Trading & logistics desk,6 Employee / Specialist,0.01509,43,13
T1082,1,Tie,UNK-23,72.048,54.524,2,Weak (one-way),Within community,C2 Staff cluster around DIR-01,7 Unknown role,0.00302,29,66
T1082,2,Tie,EMP-14,75.702,38.35,2,Weak (one-way),Within community,C2 Staff cluster around DIR-01,6 Employee / Specialist,0.00471,25,46
T1083,1,Tie,UNK-23,72.048,54.524,2,Weak (one-way),Within community,C2 Staff cluster around DIR-01,7 Unknown role,0.00302,29,66
T1083,2,Tie,UNK-08,71.713,40.4,2,Weak (one-way),Within community,C2 Staff cluster around DIR-01,7 Unknown role,0.00916,31,25
T1084,1,Tie,UNK-23,72.048,54.524,2,Weak (one-way),Across communities,C2 Staff cluster around DIR-01,7 Unknown role,0.00302,29,66
T1084,2,Tie,Greg Whalley,48.76,51.913,2,Weak (one-way),Across communities,C1 Leadership core,1 Executive,0.00335,36,60
T1085,1,Tie,UNK-23,72.048,54.524,2,Weak (one-way),Across communities,C2 Staff cluster around DIR-01,7 Unknown role,0.00302,29,66
T1085,2,Tie,VP-03,57.344,43.184,2,Weak (one-way),Across communities,C1 Leadership core,2 Vice President,0.00417,36,49
T1086,1,Tie,UNK-23,72.048,54.524,2,Weak (one-way),Within community,C2 Staff cluster around DIR-01,7 Unknown role,0.00302,29,66
T1086,2,Tie,EMP-16,76.053,54.902,2,Weak (one-way),Within community,C2 Staff cluster around DIR-01,6 Employee / Specialist,0.0037,23,56
T1087,1,Tie,UNK-23,72.048,54.524,2,Weak (one-way),Across communities,C2 Staff cluster around DIR-01,7 Unknown role,0.00302,29,66
T1087,2,Tie,UNK-26,55.912,57.193,2,Weak (one-way),Across communities,C1 Leadership core,7 Unknown role,0.00198,27,83
T1088,1,Tie,UNK-23,72.048,54.524,2,Weak (one-way),Within community,C2 Staff cluster around DIR-01,7 Unknown role,0.00302,29,66
T1088,2,Tie,EMP-11,82.571,47.041,2,Weak (one-way),Within community,C2 Staff cluster around DIR-01,6 Employee / Specialist,0.00074,13,114
T1089,1,Tie,VP-04,58.757,47.451,2,Weak (one-way),Within community,C1 Leadership core,2 Vice President,0.0068,37,36
T1089,2,Tie,UNK-13,43.096,56.021,2,Weak (one-way),Within community,C1 Leadership core,7 Unknown role,0.09633,77,2
T1090,1,Tie,VP-04,58.757,47.451,2,Weak (one-way),Across communities,C1 Leadership core,2 Vice President,0.0068,37,36
T1090,2,Tie,UNK-05,81.349,49.754,2,Weak (one-way),Across communities,C2 Staff cluster around DIR-01,7 Unknown role,0.00036,15,134
T1091,1,Tie,VP-04,58.757,47.451,2,Weak (one-way),Within community,C1 Leadership core,2 Vice President,0.0068,37,36
T1091,2,Tie,UNK-14,55.245,53.635,2,Weak (one-way),Within community,C1 Leadership core,7 Unknown role,0.00278,24,68
T1092,1,Tie,VP-04,58.757,47.451,2,Strong (two-way),Across communities,C1 Leadership core,2 Vice President,0.0068,37,36
T1092,2,Tie,UNK-01,71.717,50.254,2,Strong (two-way),Across communities,C2 Staff cluster around DIR-01,7 Unknown role,0.00896,38,27
T1093,1,Tie,VP-04,58.757,47.451,2,Weak (one-way),Across communities,C1 Leadership core,2 Vice President,0.0068,37,36
T1093,2,Tie,UNK-06,79.455,52.513,2,Weak (one-way),Across communities,C2 Staff cluster around DIR-01,7 Unknown role,0.00323,23,64
T1094,1,Tie,EMP-17,54.766,91.177,2,Weak (one-way),Within community,C4 Real-time trading desk,6 Employee / Specialist,0.00113,13,104
T1094,2,Tie,TRD-09,49.277,76.145,2,Weak (one-way),Within community,C4 Real-time trading desk,5 Trader,0.0052,19,43
T1095,1,Tie,EMP-17,54.766,91.177,2,Weak (one-way),Within community,C4 Real-time trading desk,6 Employee / Specialist,0.00113,13,104
T1095,2,Tie,EMP-21,50.159,95.273,2,Weak (one-way),Within community,C4 Real-time trading desk,6 Employee / Specialist,0.00069,10,115
T1096,1,Tie,EMP-18,21.165,27.937,2,Weak (one-way),Across communities,C3 Trading & logistics desk,6 Employee / Specialist,0.00135,19,100
T1096,2,Tie,DIR-01,69.375,45.275,2,Weak (one-way),Across communities,C2 Staff cluster around DIR-01,3 Director / MD,0.01936,50,9
T1097,1,Tie,EMP-18,21.165,27.937,2,Strong (two-way),Within community,C3 Trading & logistics desk,6 Employee / Specialist,0.00135,19,100
T1097,2,Tie,MGR-01,35.494,30.233,2,Strong (two-way),Within community,C3 Trading & logistics desk,4 Manager,0.01291,48,17
T1098,1,Tie,UNK-37,41.898,20.847,2,Weak (one-way),Across communities,C3 Trading & logistics desk,7 Unknown role,0.00311,26,65
T1098,2,Tie,DIR-10,30.08,37.093,2,Weak (one-way),Across communities,C1 Leadership core,3 Director / MD,0.00336,28,59
T1099,1,Tie,UNK-37,41.898,20.847,2,Weak (one-way),Within community,C3 Trading & logistics desk,7 Unknown role,0.00311,26,65
T1099,2,Tie,UNK-35,50.365,22.388,2,Weak (one-way),Within community,C3 Trading & logistics desk,7 Unknown role,0.00104,13,106
T1100,1,Tie,UNK-37,41.898,20.847,2,Weak (one-way),Across communities,C3 Trading & logistics desk,7 Unknown role,0.00311,26,65
T1100,2,Tie,UNK-19,24.57,43.021,2,Weak (one-way),Across communities,C1 Leadership core,7 Unknown role,0.0029,26,67
T1101,1,Tie,UNK-37,41.898,20.847,2,Strong (two-way),Across communities,C3 Trading & logistics desk,7 Unknown role,0.00311,26,65
T1101,2,Tie,VP-10,34.079,39.448,2,Strong (two-way),Across communities,C1 Leadership core,2 Vice President,0.01489,50,14
T1102,1,Tie,UNK-37,41.898,20.847,2,Weak (one-way),Across communities,C3 Trading & logistics desk,7 Unknown role,0.00311,26,65
T1102,2,Tie,UNK-22,79.836,44.96,2,Weak (one-way),Across communities,C2 Staff cluster around DIR-01,7 Unknown role,0.00246,23,72
T1103,1,Tie,UNK-37,41.898,20.847,2,Weak (one-way),Across communities,C3 Trading & logistics desk,7 Unknown role,0.00311,26,65
T1103,2,Tie,UNK-13,43.096,56.021,2,Weak (one-way),Across communities,C1 Leadership core,7 Unknown role,0.09633,77,2
T1104,1,Tie,MGR-05,24.631,30.139,2,Weak (one-way),Within community,C3 Trading & logistics desk,4 Manager,0.00578,27,40
T1104,2,Tie,EMP-19,33.272,18.097,2,Weak (one-way),Within community,C3 Trading & logistics desk,6 Employee / Specialist,0.00335,27,61
T1105,1,Tie,MGR-05,24.631,30.139,2,Strong (two-way),Across communities,C3 Trading & logistics desk,4 Manager,0.00578,27,40
T1105,2,Tie,MGR-12,65.006,30.431,2,Strong (two-way),Across communities,C6 Trading & logistics desk (TRD-02),4 Manager,0.00045,13,127
T1106,1,Tie,MGR-05,24.631,30.139,2,Weak (one-way),Across communities,C3 Trading & logistics desk,4 Manager,0.00578,27,40
T1106,2,Tie,TRD-11,23.077,58.65,2,Weak (one-way),Across communities,C1 Leadership core,5 Trader,0.00037,12,133
T1107,1,Tie,MGR-05,24.631,30.139,2,Weak (one-way),Across communities,C3 Trading & logistics desk,4 Manager,0.00578,27,40
T1107,2,Tie,UNK-13,43.096,56.021,2,Weak (one-way),Across communities,C1 Leadership core,7 Unknown role,0.09633,77,2
T1108,1,Tie,EMP-06,66.911,51.448,2,Weak (one-way),Within community,C2 Staff cluster around DIR-01,6 Employee / Specialist,0.01223,32,18
T1108,2,Tie,EMP-14,75.702,38.35,2,Weak (one-way),Within community,C2 Staff cluster around DIR-01,6 Employee / Specialist,0.00471,25,46
T1109,1,Tie,EMP-06,66.911,51.448,2,Strong (two-way),Across communities,C2 Staff cluster around DIR-01,6 Employee / Specialist,0.01223,32,18
T1109,2,Tie,DIR-03,87.324,21.527,2,Strong (two-way),Across communities,C5 Gas pipeline & regulatory,3 Director / MD,0.00605,23,39
T1110,1,Tie,EMP-06,66.911,51.448,2,Strong (two-way),Across communities,C2 Staff cluster around DIR-01,6 Employee / Specialist,0.01223,32,18
T1110,2,Tie,UNK-27,27.228,17.741,2,Strong (two-way),Across communities,C3 Trading & logistics desk,7 Unknown role,0.01857,25,10
T1111,1,Tie,EMP-06,66.911,51.448,2,Strong (two-way),Across communities,C2 Staff cluster around DIR-01,6 Employee / Specialist,0.01223,32,18
T1111,2,Tie,UNK-04,45.541,26.096,2,Strong (two-way),Across communities,C3 Trading & logistics desk,7 Unknown role,0.06907,59,4
T1112,1,Tie,EMP-06,66.911,51.448,2,Weak (one-way),Across communities,C2 Staff cluster around DIR-01,6 Employee / Specialist,0.01223,32,18
T1112,2,Tie,UNK-38,21.396,44.124,2,Weak (one-way),Across communities,C1 Leadership core,7 Unknown role,0.00057,16,120
T1113,1,Tie,EMP-06,66.911,51.448,2,Weak (one-way),Within community,C2 Staff cluster around DIR-01,6 Employee / Specialist,0.01223,32,18
T1113,2,Tie,UNK-06,79.455,52.513,2,Weak (one-way),Within community,C2 Staff cluster around DIR-01,7 Unknown role,0.00323,23,64
T1114,1,Tie,UNK-42,69.167,75.586,2,Weak (one-way),Across communities,C4 Real-time trading desk,7 Unknown role,8e-05,9,144
T1114,2,Tie,MGR-11,39.395,61.471,2,Weak (one-way),Across communities,C1 Leadership core,4 Manager,0.00058,14,119
T1115,1,Tie,MGR-09,14.321,30.341,2,Strong (two-way),Within community,C3 Trading & logistics desk,4 Manager,0.0016,13,93
T1115,2,Tie,VP-13,30.535,24.387,2,Strong (two-way),Within community,C3 Trading & logistics desk,2 Vice President,0.00448,28,47
T1116,1,Tie,MGR-09,14.321,30.341,2,Weak (one-way),Across communities,C3 Trading & logistics desk,4 Manager,0.0016,13,93
T1116,2,Tie,DIR-08,29.195,47.035,2,Weak (one-way),Across communities,C1 Leadership core,3 Director / MD,0.00342,30,58
T1117,1,Tie,MGR-09,14.321,30.341,2,Weak (one-way),Across communities,C3 Trading & logistics desk,4 Manager,0.0016,13,93
T1117,2,Tie,UNK-13,43.096,56.021,2,Weak (one-way),Across communities,C1 Leadership core,7 Unknown role,0.09633,77,2
T1118,1,Tie,TRD-06,47.564,99.73,2,Weak (one-way),Within community,C4 Real-time trading desk,5 Trader,0.00038,8,131
T1118,2,Tie,EMP-26,54.667,96.295,2,Weak (one-way),Within community,C4 Real-time trading desk,6 Employee / Specialist,0.00183,10,88
T1119,1,Tie,TRD-06,47.564,99.73,2,Weak (one-way),Across communities,C4 Real-time trading desk,5 Trader,0.00038,8,131
T1119,2,Tie,UNK-13,43.096,56.021,2,Weak (one-way),Across communities,C1 Leadership core,7 Unknown role,0.09633,77,2
T1120,1,Tie,VP-17,37.06,59.175,2,Weak (one-way),Within community,C1 Leadership core,2 Vice President,0.00186,22,87
T1120,2,Tie,TRD-11,23.077,58.65,2,Weak (one-way),Within community,C1 Leadership core,5 Trader,0.00037,12,133
T1121,1,Tie,VP-17,37.06,59.175,2,Weak (one-way),Across communities,C1 Leadership core,2 Vice President,0.00186,22,87
T1121,2,Tie,TRD-02,64.748,22.504,2,Weak (one-way),Across communities,C6 Trading & logistics desk (TRD-02),5 Trader,0.00349,21,57
T1122,1,Tie,EMP-14,75.702,38.35,2,Weak (one-way),Across communities,C2 Staff cluster around DIR-01,6 Employee / Specialist,0.00471,25,46
T1122,2,Tie,UNK-40,21.333,17.747,2,Weak (one-way),Across communities,C3 Trading & logistics desk,7 Unknown role,0.00039,14,130
T1123,1,Tie,EMP-14,75.702,38.35,2,Weak (one-way),Across communities,C2 Staff cluster around DIR-01,6 Employee / Specialist,0.00471,25,46
T1123,2,Tie,TRD-04,33.638,21.922,2,Weak (one-way),Across communities,C3 Trading & logistics desk,5 Trader,0.00325,28,63
T1124,1,Tie,VP-14,83.915,28.874,2,Weak (one-way),Within community,C5 Gas pipeline & regulatory,2 Vice President,0.00518,24,44
T1124,2,Tie,MGR-06,98.418,20.504,2,Weak (one-way),Within community,C5 Gas pipeline & regulatory,4 Manager,0.00126,16,102
T1125,1,Tie,VP-14,83.915,28.874,2,Weak (one-way),Across communities,C5 Gas pipeline & regulatory,2 Vice President,0.00518,24,44
T1125,2,Tie,David Delainey,53.102,42.037,2,Weak (one-way),Across communities,C1 Leadership core,1 Executive,0.00884,44,28
T1126,1,Tie,VP-14,83.915,28.874,2,Weak (one-way),Across communities,C5 Gas pipeline & regulatory,2 Vice President,0.00518,24,44
T1126,2,Tie,MGR-03,49.98,38.558,2,Weak (one-way),Across communities,C1 Leadership core,4 Manager,0.00775,38,35
T1127,1,Tie,MGR-10,40.242,17.373,2,Strong (two-way),Across communities,C3 Trading & logistics desk,4 Manager,0.00191,16,85
T1127,2,Tie,UNK-08,71.713,40.4,2,Strong (two-way),Across communities,C2 Staff cluster around DIR-01,7 Unknown role,0.00916,31,25
T1128,1,Tie,MGR-10,40.242,17.373,2,Weak (one-way),Across communities,C3 Trading & logistics desk,4 Manager,0.00191,16,85
T1128,2,Tie,TRD-07,35.705,35.251,2,Weak (one-way),Across communities,C1 Leadership core,5 Trader,0.00211,23,81
T1129,1,Tie,David Delainey,53.102,42.037,2,Strong (two-way),Within community,C1 Leadership core,1 Executive,0.00884,44,28
T1129,2,Tie,DIR-11,29.851,40.726,2,Strong (two-way),Within community,C1 Leadership core,3 Director / MD,0.00164,23,92
T1130,1,Tie,David Delainey,53.102,42.037,2,Strong (two-way),Within community,C1 Leadership core,1 Executive,0.00884,44,28
T1130,2,Tie,VP-15,36.691,52.362,2,Strong (two-way),Within community,C1 Leadership core,2 Vice President,0.00777,42,34
T1131,1,Tie,David Delainey,53.102,42.037,2,Weak (one-way),Within community,C1 Leadership core,1 Executive,0.00884,44,28
T1131,2,Tie,VP-18,35.303,56.167,2,Weak (one-way),Within community,C1 Leadership core,2 Vice President,0.0019,20,86
T1132,1,Tie,David Delainey,53.102,42.037,2,Weak (one-way),Across communities,C1 Leadership core,1 Executive,0.00884,44,28
T1132,2,Tie,TRD-09,49.277,76.145,2,Weak (one-way),Across communities,C4 Real-time trading desk,5 Trader,0.0052,19,43
T1133,1,Tie,David Delainey,53.102,42.037,2,Weak (one-way),Across communities,C1 Leadership core,1 Executive,0.00884,44,28
T1133,2,Tie,Stanley Horton,79.267,30.357,2,Weak (one-way),Across communities,C5 Gas pipeline & regulatory,1 Executive,0.01057,33,20
T1134,1,Tie,UNK-06,79.455,52.513,2,Strong (two-way),Within community,C2 Staff cluster around DIR-01,7 Unknown role,0.00323,23,64
T1134,2,Tie,UNK-18,66.784,40.629,2,Strong (two-way),Within community,C2 Staff cluster around DIR-01,7 Unknown role,0.00881,25,29
T1135,1,Tie,UNK-10,76.803,42.413,2,Strong (two-way),Within community,C2 Staff cluster around DIR-01,7 Unknown role,0.00572,28,41
T1135,2,Tie,EMP-03,75.939,51.018,2,Strong (two-way),Within community,C2 Staff cluster around DIR-01,6 Employee / Specialist,0.00332,23,62
T1136,1,Tie,UNK-10,76.803,42.413,2,Weak (one-way),Within community,C2 Staff cluster around DIR-01,7 Unknown role,0.00572,28,41
T1136,2,Tie,UNK-02,78.472,48.307,2,Weak (one-way),Within community,C2 Staff cluster around DIR-01,7 Unknown role,0.00225,26,78
T1137,1,Tie,UNK-10,76.803,42.413,2,Weak (one-way),Within community,C2 Staff cluster around DIR-01,7 Unknown role,0.00572,28,41
T1137,2,Tie,UNK-01,71.717,50.254,2,Weak (one-way),Within community,C2 Staff cluster around DIR-01,7 Unknown role,0.00896,38,27
T1138,1,Tie,TRD-05,54.232,84.49,2,Weak (one-way),Across communities,C4 Real-time trading desk,5 Trader,0.0086,16,31
T1138,2,Tie,UNK-13,43.096,56.021,2,Weak (one-way),Across communities,C1 Leadership core,7 Unknown role,0.09633,77,2
T1139,1,Tie,TRD-05,54.232,84.49,2,Weak (one-way),Within community,C4 Real-time trading desk,5 Trader,0.0086,16,31
T1139,2,Tie,TRD-03,45.543,95.02,2,Weak (one-way),Within community,C4 Real-time trading desk,5 Trader,0.00027,8,136
T1140,1,Tie,TRD-02,64.748,22.504,2,Weak (one-way),Within community,C6 Trading & logistics desk (TRD-02),5 Trader,0.00349,21,57
T1140,2,Tie,UNK-39,61.38,11.1,2,Weak (one-way),Within community,C6 Trading & logistics desk (TRD-02),7 Unknown role,0.00155,12,95
T1141,1,Tie,TRD-02,64.748,22.504,2,Weak (one-way),Across communities,C6 Trading & logistics desk (TRD-02),5 Trader,0.00349,21,57
T1141,2,Tie,DIR-13,33.457,58.935,2,Weak (one-way),Across communities,C1 Leadership core,3 Director / MD,0.00094,17,111
T1142,1,Tie,TRD-02,64.748,22.504,2,Weak (one-way),Across communities,C6 Trading & logistics desk (TRD-02),5 Trader,0.00349,21,57
T1142,2,Tie,UNK-13,43.096,56.021,2,Weak (one-way),Across communities,C1 Leadership core,7 Unknown role,0.09633,77,2
T1143,1,Tie,TRD-02,64.748,22.504,2,Weak (one-way),Across communities,C6 Trading & logistics desk (TRD-02),5 Trader,0.00349,21,57
T1143,2,Tie,UNK-04,45.541,26.096,2,Weak (one-way),Across communities,C3 Trading & logistics desk,7 Unknown role,0.06907,59,4
T1144,1,Tie,VP-06,87.366,26.063,2,Strong (two-way),Across communities,C5 Gas pipeline & regulatory,2 Vice President,0.00853,29,32
T1144,2,Tie,EMP-16,76.053,54.902,2,Strong (two-way),Across communities,C2 Staff cluster around DIR-01,6 Employee / Specialist,0.0037,23,56
T1145,1,Tie,VP-06,87.366,26.063,2,Weak (one-way),Across communities,C5 Gas pipeline & regulatory,2 Vice President,0.00853,29,32
T1145,2,Tie,UNK-12,56.107,18.185,2,Weak (one-way),Across communities,C7 Staff cluster around UNK-12,7 Unknown role,0.00274,20,69
T1146,1,Tie,VP-01,56.668,38.816,2,Weak (one-way),Across communities,C1 Leadership core,2 Vice President,0.00935,35,24
T1146,2,Tie,EMP-16,76.053,54.902,2,Weak (one-way),Across communities,C2 Staff cluster around DIR-01,6 Employee / Specialist,0.0037,23,56
T1147,1,Tie,UNK-39,61.38,11.1,2,Weak (one-way),Across communities,C6 Trading & logistics desk (TRD-02),7 Unknown role,0.00155,12,95
T1147,2,Tie,TRD-11,23.077,58.65,2,Weak (one-way),Across communities,C1 Leadership core,5 Trader,0.00037,12,133
T1148,1,Tie,UNK-39,61.38,11.1,2,Weak (one-way),Across communities,C6 Trading & logistics desk (TRD-02),7 Unknown role,0.00155,12,95
T1148,2,Tie,EMP-04,63.283,48.099,2,Weak (one-way),Across communities,C1 Leadership core,6 Employee / Specialist,0.00863,32,30
T1149,1,Tie,UNK-39,61.38,11.1,2,Weak (one-way),Across communities,C6 Trading & logistics desk (TRD-02),7 Unknown role,0.00155,12,95
T1149,2,Tie,UNK-13,43.096,56.021,2,Weak (one-way),Across communities,C1 Leadership core,7 Unknown role,0.09633,77,2
T1150,1,Tie,UNK-16,39.842,29.775,2,Strong (two-way),Across communities,C3 Trading & logistics desk,7 Unknown role,0.00203,21,82
T1150,2,Tie,John Lavorato,38.979,45.415,2,Strong (two-way),Across communities,C1 Leadership core,1 Executive,0.0922,90,3
T1151,1,Tie,UNK-16,39.842,29.775,2,Weak (one-way),Across communities,C3 Trading & logistics desk,7 Unknown role,0.00203,21,82
T1151,2,Tie,Sally Beck,28.287,54.57,2,Weak (one-way),Across communities,C1 Leadership core,1 Executive,0.10151,81,1
T1152,1,Tie,DIR-02,59.18,52.06,2,Strong (two-way),Within community,C1 Leadership core,3 Director / MD,0.00907,40,26
T1152,2,Tie,VP-15,36.691,52.362,2,Strong (two-way),Within community,C1 Leadership core,2 Vice President,0.00777,42,34
T1153,1,Tie,DIR-02,59.18,52.06,2,Weak (one-way),Within community,C1 Leadership core,3 Director / MD,0.00907,40,26
T1153,2,Tie,Jeffery Skilling,54.936,46.157,2,Weak (one-way),Within community,C1 Leadership core,1 Executive,0.00251,32,71
T1154,1,Tie,DIR-02,59.18,52.06,2,Weak (one-way),Within community,C1 Leadership core,3 Director / MD,0.00907,40,26
T1154,2,Tie,Kenneth Lay,53.65,33.485,2,Weak (one-way),Within community,C1 Leadership core,1 Executive,0.04035,62,5
T1155,1,Tie,EMP-04,63.283,48.099,2,Weak (one-way),Within community,C1 Leadership core,6 Employee / Specialist,0.00863,32,30
T1155,2,Tie,EMP-01,62.027,38.131,2,Weak (one-way),Within community,C1 Leadership core,6 Employee / Specialist,0.0209,38,7
T1156,1,Tie,EMP-04,63.283,48.099,2,Weak (one-way),Across communities,C1 Leadership core,6 Employee / Specialist,0.00863,32,30
T1156,2,Tie,MGR-07,57.155,76.784,2,Weak (one-way),Across communities,C4 Real-time trading desk,4 Manager,0.01714,23,12
T1157,1,Tie,TRD-01,37.205,23.423,2,Weak (one-way),Within community,C3 Trading & logistics desk,5 Trader,0.00193,21,84
T1157,2,Tie,UNK-28,22.335,23.619,2,Weak (one-way),Within community,C3 Trading & logistics desk,7 Unknown role,0.00053,18,123
T1158,1,Tie,TRD-01,37.205,23.423,2,Weak (one-way),Within community,C3 Trading & logistics desk,5 Trader,0.00193,21,84
T1158,2,Tie,EMP-19,33.272,18.097,2,Weak (one-way),Within community,C3 Trading & logistics desk,6 Employee / Specialist,0.00335,27,61
T1159,1,Tie,TRD-01,37.205,23.423,2,Weak (one-way),Across communities,C3 Trading & logistics desk,5 Trader,0.00193,21,84
T1159,2,Tie,UNK-13,43.096,56.021,2,Weak (one-way),Across communities,C1 Leadership core,7 Unknown role,0.09633,77,2
T1160,1,Tie,TRD-01,37.205,23.423,2,Weak (one-way),Within community,C3 Trading & logistics desk,5 Trader,0.00193,21,84
T1160,2,Tie,UNK-20,34.304,25.772,2,Weak (one-way),Within community,C3 Trading & logistics desk,7 Unknown role,0.00398,32,53
T1161,1,Tie,TRD-08,59.625,72.676,2,Strong (two-way),Across communities,C4 Real-time trading desk,5 Trader,0.00022,9,138
T1161,2,Tie,MGR-11,39.395,61.471,2,Strong (two-way),Across communities,C1 Leadership core,4 Manager,0.00058,14,119
T1162,1,Tie,TRD-08,59.625,72.676,2,Weak (one-way),Across communities,C4 Real-time trading desk,5 Trader,0.00022,9,138
T1162,2,Tie,UNK-13,43.096,56.021,2,Weak (one-way),Across communities,C1 Leadership core,7 Unknown role,0.09633,77,2
T1163,1,Tie,EMP-09,19.119,46.56,2,Weak (one-way),Across communities,C1 Leadership core,6 Employee / Specialist,0.00223,16,79
T1163,2,Tie,EMP-05,26.599,23.515,2,Weak (one-way),Across communities,C3 Trading & logistics desk,6 Employee / Specialist,0.00416,28,50
T1164,1,Tie,EMP-09,19.119,46.56,2,Weak (one-way),Across communities,C1 Leadership core,6 Employee / Specialist,0.00223,16,79
T1164,2,Tie,UNK-20,34.304,25.772,2,Weak (one-way),Across communities,C3 Trading & logistics desk,7 Unknown role,0.00398,32,53
T1165,1,Tie,EMP-02,74.685,46.468,2,Strong (two-way),Across communities,C2 Staff cluster around DIR-01,6 Employee / Specialist,0.00962,37,22
T1165,2,Tie,EMP-27,28.066,43.602,2,Strong (two-way),Across communities,C1 Leadership core,6 Employee / Specialist,0.00147,24,98
T1166,1,Tie,EMP-02,74.685,46.468,2,Weak (one-way),Across communities,C2 Staff cluster around DIR-01,6 Employee / Specialist,0.00962,37,22
T1166,2,Tie,VP-19,47.278,61.355,2,Weak (one-way),Across communities,C1 Leadership core,2 Vice President,0.00109,19,105
T1167,1,Tie,EMP-02,74.685,46.468,2,Strong (two-way),Across communities,C2 Staff cluster around DIR-01,6 Employee / Specialist,0.00962,37,22
T1167,2,Tie,VP-18,35.303,56.167,2,Strong (two-way),Across communities,C1 Leadership core,2 Vice President,0.0019,20,86
T1168,1,Tie,EMP-02,74.685,46.468,2,Weak (one-way),Across communities,C2 Staff cluster around DIR-01,6 Employee / Specialist,0.00962,37,22
T1168,2,Tie,VP-07,83.649,23.867,2,Weak (one-way),Across communities,C5 Gas pipeline & regulatory,2 Vice President,0.00379,23,54
T1169,1,Tie,DIR-11,29.851,40.726,2,Strong (two-way),Within community,C1 Leadership core,3 Director / MD,0.00164,23,92
T1169,2,Tie,VP-11,39.259,37.901,2,Strong (two-way),Within community,C1 Leadership core,2 Vice President,0.01084,46,19
T1170,1,Tie,DIR-11,29.851,40.726,2,Weak (one-way),Within community,C1 Leadership core,3 Director / MD,0.00164,23,92
T1170,2,Tie,UNK-13,43.096,56.021,2,Weak (one-way),Within community,C1 Leadership core,7 Unknown role,0.09633,77,2
T1171,1,Tie,EMP-25,72.178,10.553,2,Weak (one-way),Across communities,C6 Trading & logistics desk (TRD-02),6 Employee / Specialist,0.00401,13,51
T1171,2,Tie,UNK-07,91.477,25.208,2,Weak (one-way),Across communities,C5 Gas pipeline & regulatory,7 Unknown role,0.00173,19,91
T1172,1,Tie,EMP-25,72.178,10.553,2,Weak (one-way),Within community,C6 Trading & logistics desk (TRD-02),6 Employee / Specialist,0.00401,13,51
T1172,2,Tie,UNK-44,62.565,0.0,2,Weak (one-way),Within community,C6 Trading & logistics desk (TRD-02),7 Unknown role,0.00019,6,141
T1173,1,Tie,EMP-27,28.066,43.602,2,Strong (two-way),Within community,C1 Leadership core,6 Employee / Specialist,0.00147,24,98
T1173,2,Tie,VP-11,39.259,37.901,2,Strong (two-way),Within community,C1 Leadership core,2 Vice President,0.01084,46,19
T1174,1,Tie,EMP-27,28.066,43.602,2,Strong (two-way),Within community,C1 Leadership core,6 Employee / Specialist,0.00147,24,98
T1174,2,Tie,DIR-08,29.195,47.035,2,Strong (two-way),Within community,C1 Leadership core,3 Director / MD,0.00342,30,58
T1175,1,Tie,EMP-27,28.066,43.602,2,Strong (two-way),Across communities,C1 Leadership core,6 Employee / Specialist,0.00147,24,98
T1175,2,Tie,MGR-01,35.494,30.233,2,Strong (two-way),Across communities,C3 Trading & logistics desk,4 Manager,0.01291,48,17
T1176,1,Tie,EMP-27,28.066,43.602,2,Weak (one-way),Across communities,C1 Leadership core,6 Employee / Specialist,0.00147,24,98
T1176,2,Tie,EMP-12,30.256,29.16,2,Weak (one-way),Across communities,C3 Trading & logistics desk,6 Employee / Specialist,0.01509,43,13
T1177,1,Tie,VP-15,36.691,52.362,2,Strong (two-way),Within community,C1 Leadership core,2 Vice President,0.00777,42,34
T1177,2,Tie,TRD-11,23.077,58.65,2,Strong (two-way),Within community,C1 Leadership core,5 Trader,0.00037,12,133
T1178,1,Tie,VP-15,36.691,52.362,2,Strong (two-way),Across communities,C1 Leadership core,2 Vice President,0.00777,42,34
T1178,2,Tie,MGR-01,35.494,30.233,2,Strong (two-way),Across communities,C3 Trading & logistics desk,4 Manager,0.01291,48,17
T1179,1,Tie,VP-15,36.691,52.362,2,Weak (one-way),Within community,C1 Leadership core,2 Vice President,0.00777,42,34
T1179,2,Tie,EMP-01,62.027,38.131,2,Weak (one-way),Within community,C1 Leadership core,6 Employee / Specialist,0.0209,38,7
T1180,1,Tie,VP-15,36.691,52.362,2,Weak (one-way),Within community,C1 Leadership core,2 Vice President,0.00777,42,34
T1180,2,Tie,DIR-07,25.647,46.416,2,Weak (one-way),Within community,C1 Leadership core,3 Director / MD,0.00151,22,97
T1181,1,Tie,VP-15,36.691,52.362,2,Weak (one-way),Across communities,C1 Leadership core,2 Vice President,0.00777,42,34
T1181,2,Tie,UNK-04,45.541,26.096,2,Weak (one-way),Across communities,C3 Trading & logistics desk,7 Unknown role,0.06907,59,4
T1182,1,Tie,DIR-09,24.026,20.949,2,Weak (one-way),Within community,C3 Trading & logistics desk,3 Director / MD,0.00119,19,103
T1182,2,Tie,VP-13,30.535,24.387,2,Weak (one-way),Within community,C3 Trading & logistics desk,2 Vice President,0.00448,28,47
T1183,1,Tie,DIR-09,24.026,20.949,2,Weak (one-way),Within community,C3 Trading & logistics desk,3 Director / MD,0.00119,19,103
T1183,2,Tie,UNK-27,27.228,17.741,2,Weak (one-way),Within community,C3 Trading & logistics desk,7 Unknown role,0.01857,25,10
T1184,1,Tie,DIR-09,24.026,20.949,2,Weak (one-way),Across communities,C3 Trading & logistics desk,3 Director / MD,0.00119,19,103
T1184,2,Tie,UNK-13,43.096,56.021,2,Weak (one-way),Across communities,C1 Leadership core,7 Unknown role,0.09633,77,2
T1185,1,Tie,DIR-09,24.026,20.949,2,Weak (one-way),Within community,C3 Trading & logistics desk,3 Director / MD,0.00119,19,103
T1185,2,Tie,UNK-20,34.304,25.772,2,Weak (one-way),Within community,C3 Trading & logistics desk,7 Unknown role,0.00398,32,53
T1186,1,Tie,EMP-21,50.159,95.273,2,Weak (one-way),Within community,C4 Real-time trading desk,6 Employee / Specialist,0.00069,10,115
T1186,2,Tie,MGR-07,57.155,76.784,2,Weak (one-way),Within community,C4 Real-time trading desk,4 Manager,0.01714,23,12
T1187,1,Tie,EMP-21,50.159,95.273,2,Weak (one-way),Across communities,C4 Real-time trading desk,6 Employee / Specialist,0.00069,10,115
T1187,2,Tie,UNK-13,43.096,56.021,2,Weak (one-way),Across communities,C1 Leadership core,7 Unknown role,0.09633,77,2
T1188,1,Tie,DIR-10,30.08,37.093,2,Strong (two-way),Across communities,C1 Leadership core,3 Director / MD,0.00336,28,59
T1188,2,Tie,DIR-04,27.548,32.805,2,Strong (two-way),Across communities,C3 Trading & logistics desk,3 Director / MD,0.00233,26,74
T1189,1,Tie,DIR-10,30.08,37.093,2,Weak (one-way),Within community,C1 Leadership core,3 Director / MD,0.00336,28,59
T1189,2,Tie,VP-05,31.959,43.993,2,Weak (one-way),Within community,C1 Leadership core,2 Vice President,0.00619,42,38
T1190,1,Tie,DIR-10,30.08,37.093,2,Weak (one-way),Within community,C1 Leadership core,3 Director / MD,0.00336,28,59
T1190,2,Tie,UNK-13,43.096,56.021,2,Weak (one-way),Within community,C1 Leadership core,7 Unknown role,0.09633,77,2
T1191,1,Tie,DIR-10,30.08,37.093,2,Weak (one-way),Within community,C1 Leadership core,3 Director / MD,0.00336,28,59
T1191,2,Tie,Sally Beck,28.287,54.57,2,Weak (one-way),Within community,C1 Leadership core,1 Executive,0.10151,81,1
T1192,1,Tie,UNK-08,71.713,40.4,2,Strong (two-way),Across communities,C2 Staff cluster around DIR-01,7 Unknown role,0.00916,31,25
T1192,2,Tie,Louise Kitchen,49.827,46.741,2,Strong (two-way),Across communities,C1 Leadership core,1 Executive,0.02954,64,6
T1193,1,Tie,UNK-08,71.713,40.4,2,Weak (one-way),Across communities,C2 Staff cluster around DIR-01,7 Unknown role,0.00916,31,25
T1193,2,Tie,UNK-26,55.912,57.193,2,Weak (one-way),Across communities,C1 Leadership core,7 Unknown role,0.00198,27,83
T1194,1,Tie,UNK-08,71.713,40.4,2,Weak (one-way),Across communities,C2 Staff cluster around DIR-01,7 Unknown role,0.00916,31,25
T1194,2,Tie,MGR-06,98.418,20.504,2,Weak (one-way),Across communities,C5 Gas pipeline & regulatory,4 Manager,0.00126,16,102
T1195,1,Tie,Greg Whalley,48.76,51.913,2,Strong (two-way),Within community,C1 Leadership core,1 Executive,0.00335,36,60
T1195,2,Tie,VP-11,39.259,37.901,2,Strong (two-way),Within community,C1 Leadership core,2 Vice President,0.01084,46,19
T1196,1,Tie,Greg Whalley,48.76,51.913,2,Strong (two-way),Within community,C1 Leadership core,1 Executive,0.00335,36,60
T1196,2,Tie,MGR-02,45.315,40.729,2,Strong (two-way),Within community,C1 Leadership core,4 Manager,0.0175,54,11
T1197,1,Tie,Greg Whalley,48.76,51.913,2,Strong (two-way),Within community,C1 Leadership core,1 Executive,0.00335,36,60
T1197,2,Tie,UNK-43,34.963,61.544,2,Strong (two-way),Within community,C1 Leadership core,7 Unknown role,0.00034,10,135
T1198,1,Tie,VP-19,47.278,61.355,2,Weak (one-way),Within community,C1 Leadership core,2 Vice President,0.00109,19,105
T1198,2,Tie,UNK-13,43.096,56.021,2,Weak (one-way),Within community,C1 Leadership core,7 Unknown role,0.09633,77,2
T1199,1,Tie,VP-19,47.278,61.355,2,Weak (one-way),Within community,C1 Leadership core,2 Vice President,0.00109,19,105
T1199,2,Tie,VP-02,61.128,43.002,2,Weak (one-way),Within community,C1 Leadership core,2 Vice President,0.00227,30,76
T1200,1,Tie,EMP-26,54.667,96.295,2,Weak (one-way),Across communities,C4 Real-time trading desk,6 Employee / Specialist,0.00183,10,88
T1200,2,Tie,UNK-13,43.096,56.021,2,Weak (one-way),Across communities,C1 Leadership core,7 Unknown role,0.09633,77,2
T1201,1,Tie,VP-11,39.259,37.901,2,Strong (two-way),Across communities,C1 Leadership core,2 Vice President,0.01084,46,19
T1201,2,Tie,UNK-22,79.836,44.96,2,Strong (two-way),Across communities,C2 Staff cluster around DIR-01,7 Unknown role,0.00246,23,72
T1202,1,Tie,VP-11,39.259,37.901,2,Strong (two-way),Within community,C1 Leadership core,2 Vice President,0.01084,46,19
T1202,2,Tie,DIR-08,29.195,47.035,2,Strong (two-way),Within community,C1 Leadership core,3 Director / MD,0.00342,30,58
T1203,1,Tie,VP-11,39.259,37.901,2,Weak (one-way),Within community,C1 Leadership core,2 Vice President,0.01084,46,19
T1203,2,Tie,UNK-32,58.576,34.72,2,Weak (one-way),Within community,C1 Leadership core,7 Unknown role,0.0002,10,140
T1204,1,Tie,VP-11,39.259,37.901,2,Strong (two-way),Within community,C1 Leadership core,2 Vice President,0.01084,46,19
T1204,2,Tie,UNK-26,55.912,57.193,2,Strong (two-way),Within community,C1 Leadership core,7 Unknown role,0.00198,27,83
T1205,1,Tie,VP-11,39.259,37.901,2,Weak (one-way),Within community,C1 Leadership core,2 Vice President,0.01084,46,19
T1205,2,Tie,DIR-07,25.647,46.416,2,Weak (one-way),Within community,C1 Leadership core,3 Director / MD,0.00151,22,97
T1206,1,Tie,EMP-15,62.704,54.179,2,Strong (two-way),Across communities,C1 Leadership core,6 Employee / Specialist,0.0018,22,89
T1206,2,Tie,Stanley Horton,79.267,30.357,2,Strong (two-way),Across communities,C5 Gas pipeline & regulatory,1 Executive,0.01057,33,20
T1207,1,Tie,EMP-15,62.704,54.179,2,Weak (one-way),Within community,C1 Leadership core,6 Employee / Specialist,0.0018,22,89
T1207,2,Tie,UNK-14,55.245,53.635,2,Weak (one-way),Within community,C1 Leadership core,7 Unknown role,0.00278,24,68
T1208,1,Tie,EMP-15,62.704,54.179,2,Weak (one-way),Within community,C1 Leadership core,6 Employee / Specialist,0.0018,22,89
T1208,2,Tie,MGR-04,52.35,51.586,2,Weak (one-way),Within community,C1 Leadership core,4 Manager,0.00157,26,94
T1209,1,Tie,VP-13,30.535,24.387,2,Weak (one-way),Within community,C3 Trading & logistics desk,2 Vice President,0.00448,28,47
T1209,2,Tie,EMP-19,33.272,18.097,2,Weak (one-way),Within community,C3 Trading & logistics desk,6 Employee / Specialist,0.00335,27,61
T1210,1,Tie,VP-13,30.535,24.387,2,Weak (one-way),Across communities,C3 Trading & logistics desk,2 Vice President,0.00448,28,47
T1210,2,Tie,DIR-01,69.375,45.275,2,Weak (one-way),Across communities,C2 Staff cluster around DIR-01,3 Director / MD,0.01936,50,9
T1211,1,Tie,VP-13,30.535,24.387,2,Strong (two-way),Across communities,C3 Trading & logistics desk,2 Vice President,0.00448,28,47
T1211,2,Tie,VP-03,57.344,43.184,2,Strong (two-way),Across communities,C1 Leadership core,2 Vice President,0.00417,36,49
T1212,1,Tie,VP-13,30.535,24.387,2,Weak (one-way),Across communities,C3 Trading & logistics desk,2 Vice President,0.00448,28,47
T1212,2,Tie,UNK-13,43.096,56.021,2,Weak (one-way),Across communities,C1 Leadership core,7 Unknown role,0.09633,77,2
T1213,1,Tie,UNK-22,79.836,44.96,2,Weak (one-way),Within community,C2 Staff cluster around DIR-01,7 Unknown role,0.00246,23,72
T1213,2,Tie,DIR-01,69.375,45.275,2,Weak (one-way),Within community,C2 Staff cluster around DIR-01,3 Director / MD,0.01936,50,9
T1214,1,Tie,UNK-22,79.836,44.96,2,Strong (two-way),Within community,C2 Staff cluster around DIR-01,7 Unknown role,0.00246,23,72
T1214,2,Tie,TRD-10,71.128,36.5,2,Strong (two-way),Within community,C2 Staff cluster around DIR-01,5 Trader,0.00074,14,113
T1215,1,Tie,UNK-22,79.836,44.96,2,Weak (one-way),Across communities,C2 Staff cluster around DIR-01,7 Unknown role,0.00246,23,72
T1215,2,Tie,UNK-09,32.175,33.629,2,Weak (one-way),Across communities,C3 Trading & logistics desk,7 Unknown role,0.00544,32,42
T1216,1,Tie,UNK-22,79.836,44.96,2,Weak (one-way),Within community,C2 Staff cluster around DIR-01,7 Unknown role,0.00246,23,72
T1216,2,Tie,EMP-11,82.571,47.041,2,Weak (one-way),Within community,C2 Staff cluster around DIR-01,6 Employee / Specialist,0.00074,13,114
T1217,1,Tie,UNK-28,22.335,23.619,2,Weak (one-way),Across communities,C3 Trading & logistics desk,7 Unknown role,0.00053,18,123
T1217,2,Tie,UNK-13,43.096,56.021,2,Weak (one-way),Across communities,C1 Leadership core,7 Unknown role,0.09633,77,2
T1218,1,Tie,UNK-28,22.335,23.619,2,Weak (one-way),Within community,C3 Trading & logistics desk,7 Unknown role,0.00053,18,123
T1218,2,Tie,UNK-20,34.304,25.772,2,Weak (one-way),Within community,C3 Trading & logistics desk,7 Unknown role,0.00398,32,53
T1219,1,Tie,UNK-28,22.335,23.619,2,Weak (one-way),Within community,C3 Trading & logistics desk,7 Unknown role,0.00053,18,123
T1219,2,Tie,UNK-04,45.541,26.096,2,Weak (one-way),Within community,C3 Trading & logistics desk,7 Unknown role,0.06907,59,4
T1220,1,Tie,EMP-19,33.272,18.097,2,Weak (one-way),Across communities,C3 Trading & logistics desk,6 Employee / Specialist,0.00335,27,61
T1220,2,Tie,DIR-05,51.36,61.741,2,Weak (one-way),Across communities,C1 Leadership core,3 Director / MD,0.0104,21,21
T1221,1,Tie,EMP-19,33.272,18.097,2,Weak (one-way),Within community,C3 Trading & logistics desk,6 Employee / Specialist,0.00335,27,61
T1221,2,Tie,UNK-29,30.31,20.866,2,Weak (one-way),Within community,C3 Trading & logistics desk,7 Unknown role,0.00053,17,124
T1222,1,Tie,EMP-19,33.272,18.097,2,Weak (one-way),Across communities,C3 Trading & logistics desk,6 Employee / Specialist,0.00335,27,61
T1222,2,Tie,Sally Beck,28.287,54.57,2,Weak (one-way),Across communities,C1 Leadership core,1 Executive,0.10151,81,1
T1223,1,Tie,EMP-01,62.027,38.131,2,Weak (one-way),Within community,C1 Leadership core,6 Employee / Specialist,0.0209,38,7
T1223,2,Tie,MGR-03,49.98,38.558,2,Weak (one-way),Within community,C1 Leadership core,4 Manager,0.00775,38,35
T1224,1,Tie,EMP-01,62.027,38.131,2,Weak (one-way),Across communities,C1 Leadership core,6 Employee / Specialist,0.0209,38,7
T1224,2,Tie,DIR-04,27.548,32.805,2,Weak (one-way),Across communities,C3 Trading & logistics desk,3 Director / MD,0.00233,26,74
T1225,1,Tie,EMP-01,62.027,38.131,2,Weak (one-way),Within community,C1 Leadership core,6 Employee / Specialist,0.0209,38,7
T1225,2,Tie,VP-09,51.177,56.265,2,Weak (one-way),Within community,C1 Leadership core,2 Vice President,0.02052,51,8
T1226,1,Tie,EMP-01,62.027,38.131,2,Weak (one-way),Across communities,C1 Leadership core,6 Employee / Specialist,0.0209,38,7
T1226,2,Tie,UNK-07,91.477,25.208,2,Weak (one-way),Across communities,C5 Gas pipeline & regulatory,7 Unknown role,0.00173,19,91
T1227,1,Tie,EMP-01,62.027,38.131,2,Weak (one-way),Across communities,C1 Leadership core,6 Employee / Specialist,0.0209,38,7
T1227,2,Tie,MGR-01,35.494,30.233,2,Weak (one-way),Across communities,C3 Trading & logistics desk,4 Manager,0.01291,48,17
T1228,1,Tie,EMP-01,62.027,38.131,2,Weak (one-way),Across communities,C1 Leadership core,6 Employee / Specialist,0.0209,38,7
T1228,2,Tie,TRD-09,49.277,76.145,2,Weak (one-way),Across communities,C4 Real-time trading desk,5 Trader,0.0052,19,43
T1229,1,Tie,MGR-12,65.006,30.431,2,Weak (one-way),Within community,C6 Trading & logistics desk (TRD-02),4 Manager,0.00045,13,127
T1229,2,Tie,EMP-24,69.68,21.391,2,Weak (one-way),Within community,C6 Trading & logistics desk (TRD-02),6 Employee / Specialist,0.00087,11,112
T1230,1,Tie,MGR-12,65.006,30.431,2,Weak (one-way),Across communities,C6 Trading & logistics desk (TRD-02),4 Manager,0.00045,13,127
T1230,2,Tie,UNK-13,43.096,56.021,2,Weak (one-way),Across communities,C1 Leadership core,7 Unknown role,0.09633,77,2
T1231,1,Tie,MGR-12,65.006,30.431,2,Weak (one-way),Across communities,C6 Trading & logistics desk (TRD-02),4 Manager,0.00045,13,127
T1231,2,Tie,UNK-04,45.541,26.096,2,Weak (one-way),Across communities,C3 Trading & logistics desk,7 Unknown role,0.06907,59,4
T1232,1,Tie,DIR-01,69.375,45.275,2,Strong (two-way),Across communities,C2 Staff cluster around DIR-01,3 Director / MD,0.01936,50,9
T1232,2,Tie,UNK-19,24.57,43.021,2,Strong (two-way),Across communities,C1 Leadership core,7 Unknown role,0.0029,26,67
T1233,1,Tie,DIR-01,69.375,45.275,2,Strong (two-way),Across communities,C2 Staff cluster around DIR-01,3 Director / MD,0.01936,50,9
T1233,2,Tie,MGR-02,45.315,40.729,2,Strong (two-way),Across communities,C1 Leadership core,4 Manager,0.0175,54,11
T1234,1,Tie,DIR-01,69.375,45.275,2,Weak (one-way),Across communities,C2 Staff cluster around DIR-01,3 Director / MD,0.01936,50,9
T1234,2,Tie,MGR-04,52.35,51.586,2,Weak (one-way),Across communities,C1 Leadership core,4 Manager,0.00157,26,94
T1235,1,Tie,DIR-01,69.375,45.275,2,Weak (one-way),Across communities,C2 Staff cluster around DIR-01,3 Director / MD,0.01936,50,9
T1235,2,Tie,TRD-07,35.705,35.251,2,Weak (one-way),Across communities,C1 Leadership core,5 Trader,0.00211,23,81
T1236,1,Tie,Jeffery Skilling,54.936,46.157,2,Weak (one-way),Within community,C1 Leadership core,1 Executive,0.00251,32,71
T1236,2,Tie,MGR-02,45.315,40.729,2,Weak (one-way),Within community,C1 Leadership core,4 Manager,0.0175,54,11
T1237,1,Tie,UNK-21,59.246,57.418,2,Weak (one-way),Within community,C1 Leadership core,7 Unknown role,0.00101,13,108
T1237,2,Tie,UNK-13,43.096,56.021,2,Weak (one-way),Within community,C1 Leadership core,7 Unknown role,0.09633,77,2
T1238,1,Tie,UNK-21,59.246,57.418,2,Weak (one-way),Within community,C1 Leadership core,7 Unknown role,0.00101,13,108
T1238,2,Tie,UNK-14,55.245,53.635,2,Weak (one-way),Within community,C1 Leadership core,7 Unknown role,0.00278,24,68
T1239,1,Tie,MGR-03,49.98,38.558,2,Strong (two-way),Across communities,C1 Leadership core,4 Manager,0.00775,38,35
T1239,2,Tie,DIR-04,27.548,32.805,2,Strong (two-way),Across communities,C3 Trading & logistics desk,3 Director / MD,0.00233,26,74
T1240,1,Tie,VP-03,57.344,43.184,2,Strong (two-way),Across communities,C1 Leadership core,2 Vice President,0.00417,36,49
T1240,2,Tie,Rod Hayslett,90.003,30.046,2,Strong (two-way),Across communities,C5 Gas pipeline & regulatory,1 Executive,0.00951,26,23
T1241,1,Tie,UNK-11,55.402,49.902,2,Weak (one-way),Within community,C1 Leadership core,7 Unknown role,0.0023,26,75
T1241,2,Tie,UNK-26,55.912,57.193,2,Weak (one-way),Within community,C1 Leadership core,7 Unknown role,0.00198,27,83
T1242,1,Tie,TRD-11,23.077,58.65,2,Strong (two-way),Within community,C1 Leadership core,5 Trader,0.00037,12,133
T1242,2,Tie,VP-09,51.177,56.265,2,Strong (two-way),Within community,C1 Leadership core,2 Vice President,0.02052,51,8
T1243,1,Tie,VP-20,67.76,9.893,2,Weak (one-way),Within community,C6 Trading & logistics desk (TRD-02),2 Vice President,0.00023,8,137
T1243,2,Tie,UNK-44,62.565,0.0,2,Weak (one-way),Within community,C6 Trading & logistics desk (TRD-02),7 Unknown role,0.00019,6,141
T1244,1,Tie,MGR-07,57.155,76.784,2,Strong (two-way),Within community,C4 Real-time trading desk,4 Manager,0.01714,23,12
T1244,2,Tie,EMP-32,60.352,93.756,2,Strong (two-way),Within community,C4 Real-time trading desk,6 Employee / Specialist,0.00037,9,132
T1245,1,Tie,UNK-19,24.57,43.021,2,Weak (one-way),Within community,C1 Leadership core,7 Unknown role,0.0029,26,67
T1245,2,Tie,UNK-13,43.096,56.021,2,Weak (one-way),Within community,C1 Leadership core,7 Unknown role,0.09633,77,2
T1246,1,Tie,John Lavorato,38.979,45.415,2,Weak (one-way),Across communities,C1 Leadership core,1 Executive,0.0922,90,3
T1246,2,Tie,UNK-40,21.333,17.747,2,Weak (one-way),Across communities,C3 Trading & logistics desk,7 Unknown role,0.00039,14,130
T1247,1,Tie,VP-18,35.303,56.167,2,Strong (two-way),Across communities,C1 Leadership core,2 Vice President,0.0019,20,86
T1247,2,Tie,MGR-01,35.494,30.233,2,Strong (two-way),Across communities,C3 Trading & logistics desk,4 Manager,0.01291,48,17
T1248,1,Tie,VP-18,35.303,56.167,2,Weak (one-way),Within community,C1 Leadership core,2 Vice President,0.0019,20,86
T1248,2,Tie,MGR-11,39.395,61.471,2,Weak (one-way),Within community,C1 Leadership core,4 Manager,0.00058,14,119
T1249,1,Tie,DIR-08,29.195,47.035,2,Weak (one-way),Within community,C1 Leadership core,3 Director / MD,0.00342,30,58
T1249,2,Tie,DIR-06,22.447,47.023,2,Weak (one-way),Within community,C1 Leadership core,3 Director / MD,0.00094,17,110
T1250,1,Tie,DIR-08,29.195,47.035,2,Weak (one-way),Within community,C1 Leadership core,3 Director / MD,0.00342,30,58
T1250,2,Tie,UNK-13,43.096,56.021,2,Weak (one-way),Within community,C1 Leadership core,7 Unknown role,0.09633,77,2
T1251,1,Tie,EMP-24,69.68,21.391,2,Weak (one-way),Across communities,C6 Trading & logistics desk (TRD-02),6 Employee / Specialist,0.00087,11,112
T1251,2,Tie,VP-09,51.177,56.265,2,Weak (one-way),Across communities,C1 Leadership core,2 Vice President,0.02052,51,8
T1252,1,Tie,EMP-20,65.93,56.348,2,Weak (one-way),Across communities,C2 Staff cluster around DIR-01,6 Employee / Specialist,0.00015,10,142
T1252,2,Tie,UNK-13,43.096,56.021,2,Weak (one-way),Across communities,C1 Leadership core,7 Unknown role,0.09633,77,2
T1253,1,Tie,MGR-02,45.315,40.729,2,Strong (two-way),Within community,C1 Leadership core,4 Manager,0.0175,54,11
T1253,2,Tie,VP-02,61.128,43.002,2,Strong (two-way),Within community,C1 Leadership core,2 Vice President,0.00227,30,76
T1254,1,Tie,MGR-02,45.315,40.729,2,Strong (two-way),Within community,C1 Leadership core,4 Manager,0.0175,54,11
T1254,2,Tie,Sally Beck,28.287,54.57,2,Strong (two-way),Within community,C1 Leadership core,1 Executive,0.10151,81,1
T1255,1,Tie,MGR-02,45.315,40.729,2,Weak (one-way),Across communities,C1 Leadership core,4 Manager,0.0175,54,11
T1255,2,Tie,Stanley Horton,79.267,30.357,2,Weak (one-way),Across communities,C5 Gas pipeline & regulatory,1 Executive,0.01057,33,20
T1256,1,Tie,EMP-08,52.334,88.455,2,Strong (two-way),Across communities,C4 Real-time trading desk,6 Employee / Specialist,0.00443,17,48
T1256,2,Tie,UNK-18,66.784,40.629,2,Strong (two-way),Across communities,C2 Staff cluster around DIR-01,7 Unknown role,0.00881,25,29
T1257,1,Tie,EMP-08,52.334,88.455,2,Weak (one-way),Within community,C4 Real-time trading desk,6 Employee / Specialist,0.00443,17,48
T1257,2,Tie,EMP-34,60.099,98.207,2,Weak (one-way),Within community,C4 Real-time trading desk,6 Employee / Specialist,0.00212,9,80
T1258,1,Tie,EMP-16,76.053,54.902,2,Weak (one-way),Across communities,C2 Staff cluster around DIR-01,6 Employee / Specialist,0.0037,23,56
T1258,2,Tie,UNK-26,55.912,57.193,2,Weak (one-way),Across communities,C1 Leadership core,7 Unknown role,0.00198,27,83
T1259,1,Tie,EMP-16,76.053,54.902,2,Strong (two-way),Within community,C2 Staff cluster around DIR-01,6 Employee / Specialist,0.0037,23,56
T1259,2,Tie,UNK-01,71.717,50.254,2,Strong (two-way),Within community,C2 Staff cluster around DIR-01,7 Unknown role,0.00896,38,27
T1260,1,Tie,DIR-04,27.548,32.805,2,Strong (two-way),Across communities,C3 Trading & logistics desk,3 Director / MD,0.00233,26,74
T1260,2,Tie,Louise Kitchen,49.827,46.741,2,Strong (two-way),Across communities,C1 Leadership core,1 Executive,0.02954,64,6
T1261,1,Tie,DIR-04,27.548,32.805,2,Weak (one-way),Across communities,C3 Trading & logistics desk,3 Director / MD,0.00233,26,74
T1261,2,Tie,UNK-13,43.096,56.021,2,Weak (one-way),Across communities,C1 Leadership core,7 Unknown role,0.09633,77,2
T1262,1,Tie,DIR-04,27.548,32.805,2,Weak (one-way),Across communities,C3 Trading & logistics desk,3 Director / MD,0.00233,26,74
T1262,2,Tie,TRD-09,49.277,76.145,2,Weak (one-way),Across communities,C4 Real-time trading desk,5 Trader,0.0052,19,43
T1263,1,Tie,Kenneth Lay,53.65,33.485,2,Weak (one-way),Across communities,C1 Leadership core,1 Executive,0.04035,62,5
T1263,2,Tie,Rod Hayslett,90.003,30.046,2,Weak (one-way),Across communities,C5 Gas pipeline & regulatory,1 Executive,0.00951,26,23
T1264,1,Tie,VP-09,51.177,56.265,2,Strong (two-way),Within community,C1 Leadership core,2 Vice President,0.02052,51,8
T1264,2,Tie,Sally Beck,28.287,54.57,2,Strong (two-way),Within community,C1 Leadership core,1 Executive,0.10151,81,1
T1265,1,Tie,VP-09,51.177,56.265,2,Weak (one-way),Across communities,C1 Leadership core,2 Vice President,0.02052,51,8
T1265,2,Tie,UNK-02,78.472,48.307,2,Weak (one-way),Across communities,C2 Staff cluster around DIR-01,7 Unknown role,0.00225,26,78
T1266,1,Tie,TRD-10,71.128,36.5,2,Weak (one-way),Across communities,C2 Staff cluster around DIR-01,5 Trader,0.00074,14,113
T1266,2,Tie,UNK-09,32.175,33.629,2,Weak (one-way),Across communities,C3 Trading & logistics desk,7 Unknown role,0.00544,32,42
T1267,1,Tie,UNK-18,66.784,40.629,2,Weak (one-way),Across communities,C2 Staff cluster around DIR-01,7 Unknown role,0.00881,25,29
T1267,2,Tie,DIR-12,44.974,75.09,2,Weak (one-way),Across communities,C4 Real-time trading desk,3 Director / MD,0.00401,16,52
T1268,1,Tie,UNK-18,66.784,40.629,2,Weak (one-way),Across communities,C2 Staff cluster around DIR-01,7 Unknown role,0.00881,25,29
T1268,2,Tie,TRD-04,33.638,21.922,2,Weak (one-way),Across communities,C3 Trading & logistics desk,5 Trader,0.00325,28,63
T1269,1,Tie,DIR-07,25.647,46.416,2,Strong (two-way),Across communities,C1 Leadership core,3 Director / MD,0.00151,22,97
T1269,2,Tie,MGR-01,35.494,30.233,2,Strong (two-way),Across communities,C3 Trading & logistics desk,4 Manager,0.01291,48,17
T1270,1,Tie,DIR-07,25.647,46.416,2,Weak (one-way),Within community,C1 Leadership core,3 Director / MD,0.00151,22,97
T1270,2,Tie,UNK-13,43.096,56.021,2,Weak (one-way),Within community,C1 Leadership core,7 Unknown role,0.09633,77,2
T1271,1,Tie,DIR-07,25.647,46.416,2,Weak (one-way),Across communities,C1 Leadership core,3 Director / MD,0.00151,22,97
T1271,2,Tie,UNK-30,70.103,59.382,2,Weak (one-way),Across communities,C2 Staff cluster around DIR-01,7 Unknown role,0.00022,10,139
T1272,1,Tie,UNK-27,27.228,17.741,2,Weak (one-way),Within community,C3 Trading & logistics desk,7 Unknown role,0.01857,25,10
T1272,2,Tie,UNK-40,21.333,17.747,2,Weak (one-way),Within community,C3 Trading & logistics desk,7 Unknown role,0.00039,14,130
T1273,1,Tie,UNK-27,27.228,17.741,2,Weak (one-way),Within community,C3 Trading & logistics desk,7 Unknown role,0.01857,25,10
T1273,2,Tie,UNK-20,34.304,25.772,2,Weak (one-way),Within community,C3 Trading & logistics desk,7 Unknown role,0.00398,32,53
T1274,1,Tie,UNK-13,43.096,56.021,2,Weak (one-way),Across communities,C1 Leadership core,7 Unknown role,0.09633,77,2
T1274,2,Tie,UNK-05,81.349,49.754,2,Weak (one-way),Across communities,C2 Staff cluster around DIR-01,7 Unknown role,0.00036,15,134
T1275,1,Tie,UNK-13,43.096,56.021,2,Weak (one-way),Across communities,C1 Leadership core,7 Unknown role,0.09633,77,2
T1275,2,Tie,EMP-05,26.599,23.515,2,Weak (one-way),Across communities,C3 Trading & logistics desk,6 Employee / Specialist,0.00416,28,50
T1276,1,Tie,UNK-13,43.096,56.021,2,Weak (one-way),Within community,C1 Leadership core,7 Unknown role,0.09633,77,2
T1276,2,Tie,DIR-06,22.447,47.023,2,Weak (one-way),Within community,C1 Leadership core,3 Director / MD,0.00094,17,110
T1277,1,Tie,UNK-13,43.096,56.021,2,Weak (one-way),Within community,C1 Leadership core,7 Unknown role,0.09633,77,2
T1277,2,Tie,DIR-13,33.457,58.935,2,Weak (one-way),Within community,C1 Leadership core,3 Director / MD,0.00094,17,111
T1278,1,Tie,UNK-13,43.096,56.021,2,Weak (one-way),Across communities,C1 Leadership core,7 Unknown role,0.09633,77,2
T1278,2,Tie,Rod Hayslett,90.003,30.046,2,Weak (one-way),Across communities,C5 Gas pipeline & regulatory,1 Executive,0.00951,26,23
T1279,1,Tie,UNK-13,43.096,56.021,2,Weak (one-way),Across communities,C1 Leadership core,7 Unknown role,0.09633,77,2
T1279,2,Tie,TRD-03,45.543,95.02,2,Weak (one-way),Across communities,C4 Real-time trading desk,5 Trader,0.00027,8,136
T1280,1,Tie,UNK-13,43.096,56.021,2,Weak (one-way),Within community,C1 Leadership core,7 Unknown role,0.09633,77,2
T1280,2,Tie,UNK-38,21.396,44.124,2,Weak (one-way),Within community,C1 Leadership core,7 Unknown role,0.00057,16,120
T1281,1,Tie,UNK-36,80.635,40.752,2,Weak (one-way),Within community,C2 Staff cluster around DIR-01,7 Unknown role,0.00134,16,101
T1281,2,Tie,EMP-03,75.939,51.018,2,Weak (one-way),Within community,C2 Staff cluster around DIR-01,6 Employee / Specialist,0.00332,23,62
T1282,1,Tie,Louise Kitchen,49.827,46.741,2,Weak (one-way),Across communities,C1 Leadership core,1 Executive,0.02954,64,6
T1282,2,Tie,UNK-12,56.107,18.185,2,Weak (one-way),Across communities,C7 Staff cluster around UNK-12,7 Unknown role,0.00274,20,69
T1283,1,Tie,Louise Kitchen,49.827,46.741,2,Weak (one-way),Within community,C1 Leadership core,1 Executive,0.02954,64,6
T1283,2,Tie,DIR-13,33.457,58.935,2,Weak (one-way),Within community,C1 Leadership core,3 Director / MD,0.00094,17,111
T1284,1,Tie,Louise Kitchen,49.827,46.741,2,Weak (one-way),Across communities,C1 Leadership core,1 Executive,0.02954,64,6
T1284,2,Tie,UNK-02,78.472,48.307,2,Weak (one-way),Across communities,C2 Staff cluster around DIR-01,7 Unknown role,0.00225,26,78
T1285,1,Tie,Louise Kitchen,49.827,46.741,2,Weak (one-way),Across communities,C1 Leadership core,1 Executive,0.02954,64,6
T1285,2,Tie,VP-07,83.649,23.867,2,Weak (one-way),Across communities,C5 Gas pipeline & regulatory,2 Vice President,0.00379,23,54
T1286,1,Tie,UNK-15,93.947,19.517,2,Strong (two-way),Within community,C5 Gas pipeline & regulatory,7 Unknown role,0.00044,15,128
T1286,2,Tie,Stanley Horton,79.267,30.357,2,Strong (two-way),Within community,C5 Gas pipeline & regulatory,1 Executive,0.01057,33,20
T1287,1,Tie,UNK-15,93.947,19.517,2,Weak (one-way),Within community,C5 Gas pipeline & regulatory,7 Unknown role,0.00044,15,128
T1287,2,Tie,EMP-13,94.721,25.85,2,Weak (one-way),Within community,C5 Gas pipeline & regulatory,6 Employee / Specialist,0.00101,17,107
T1288,1,Tie,EMP-05,26.599,23.515,2,Weak (one-way),Across communities,C3 Trading & logistics desk,6 Employee / Specialist,0.00416,28,50
T1288,2,Tie,DIR-05,51.36,61.741,2,Weak (one-way),Across communities,C1 Leadership core,3 Director / MD,0.0104,21,21
T1289,1,Tie,EMP-07,90.766,20.225,2,Weak (one-way),Within community,C5 Gas pipeline & regulatory,6 Employee / Specialist,0.00065,16,117
T1289,2,Tie,Stanley Horton,79.267,30.357,2,Weak (one-way),Within community,C5 Gas pipeline & regulatory,1 Executive,0.01057,33,20
T1290,1,Tie,DIR-06,22.447,47.023,2,Weak (one-way),Across communities,C1 Leadership core,3 Director / MD,0.00094,17,110
T1290,2,Tie,UNK-04,45.541,26.096,2,Weak (one-way),Across communities,C3 Trading & logistics desk,7 Unknown role,0.06907,59,4
T1291,1,Tie,UNK-09,32.175,33.629,2,Weak (one-way),Across communities,C3 Trading & logistics desk,7 Unknown role,0.00544,32,42
T1291,2,Tie,DIR-05,51.36,61.741,2,Weak (one-way),Across communities,C1 Leadership core,3 Director / MD,0.0104,21,21
T1292,1,Tie,UNK-20,34.304,25.772,2,Weak (one-way),Across communities,C3 Trading & logistics desk,7 Unknown role,0.00398,32,53
T1292,2,Tie,DIR-05,51.36,61.741,2,Weak (one-way),Across communities,C1 Leadership core,3 Director / MD,0.0104,21,21
T1293,1,Tie,UNK-04,45.541,26.096,2,Weak (one-way),Across communities,C3 Trading & logistics desk,7 Unknown role,0.06907,59,4
T1293,2,Tie,DIR-13,33.457,58.935,2,Weak (one-way),Across communities,C1 Leadership core,3 Director / MD,0.00094,17,111
T1294,1,Tie,VP-02,61.128,43.002,2,Weak (one-way),Within community,C1 Leadership core,2 Vice President,0.00227,30,76
T1294,2,Tie,MGR-04,52.35,51.586,2,Weak (one-way),Within community,C1 Leadership core,4 Manager,0.00157,26,94
T1295,1,Tie,VP-02,61.128,43.002,2,Weak (one-way),Across communities,C1 Leadership core,2 Vice President,0.00227,30,76
T1295,2,Tie,Stanley Horton,79.267,30.357,2,Weak (one-way),Across communities,C5 Gas pipeline & regulatory,1 Executive,0.01057,33,20
T1296,1,Tie,Rod Hayslett,90.003,30.046,2,Strong (two-way),Across communities,C5 Gas pipeline & regulatory,1 Executive,0.00951,26,23
T1296,2,Tie,UNK-01,71.717,50.254,2,Strong (two-way),Across communities,C2 Staff cluster around DIR-01,7 Unknown role,0.00896,38,27
T1297,1,Tie,Rod Hayslett,90.003,30.046,2,Weak (one-way),Within community,C5 Gas pipeline & regulatory,1 Executive,0.00951,26,23
T1297,2,Tie,MGR-06,98.418,20.504,2,Weak (one-way),Within community,C5 Gas pipeline & regulatory,4 Manager,0.00126,16,102
T1298,1,Tie,Sally Beck,28.287,54.57,2,Strong (two-way),Across communities,C1 Leadership core,1 Executive,0.10151,81,1
T1298,2,Tie,Stanley Horton,79.267,30.357,2,Strong (two-way),Across communities,C5 Gas pipeline & regulatory,1 Executive,0.01057,33,20
T1299,1,Tie,UNK-02,78.472,48.307,2,Strong (two-way),Across communities,C2 Staff cluster around DIR-01,7 Unknown role,0.00225,26,78
T1299,2,Tie,VP-10,34.079,39.448,2,Strong (two-way),Across communities,C1 Leadership core,2 Vice President,0.01489,50,14
T1300,1,Tie,EMP-30,43.343,100.0,1,Weak (one-way),Within community,C4 Real-time trading desk,6 Employee / Specialist,0.00101,7,109
T1300,2,Tie,UNK-34,54.346,99.414,1,Weak (one-way),Within community,C4 Real-time trading desk,7 Unknown role,0.00013,8,143
T1301,1,Tie,VP-16,42.923,32.26,1,Weak (one-way),Across communities,C1 Leadership core,2 Vice President,0.0064,30,37
T1301,2,Tie,DIR-01,69.375,45.275,1,Weak (one-way),Across communities,C2 Staff cluster around DIR-01,3 Director / MD,0.01936,50,9
T1302,1,Tie,VP-16,42.923,32.26,1,Weak (one-way),Across communities,C1 Leadership core,2 Vice President,0.0064,30,37
T1302,2,Tie,EMP-20,65.93,56.348,1,Weak (one-way),Across communities,C2 Staff cluster around DIR-01,6 Employee / Specialist,0.00015,10,142
T1303,1,Tie,VP-16,42.923,32.26,1,Weak (one-way),Within community,C1 Leadership core,2 Vice President,0.0064,30,37
T1303,2,Tie,VP-08,47.328,34.336,1,Weak (one-way),Within community,C1 Leadership core,2 Vice President,0.01408,41,16
T1304,1,Tie,VP-16,42.923,32.26,1,Weak (one-way),Across communities,C1 Leadership core,2 Vice President,0.0064,30,37
T1304,2,Tie,UNK-23,72.048,54.524,1,Weak (one-way),Across communities,C2 Staff cluster around DIR-01,7 Unknown role,0.00302,29,66
T1305,1,Tie,VP-16,42.923,32.26,1,Weak (one-way),Across communities,C1 Leadership core,2 Vice President,0.0064,30,37
T1305,2,Tie,UNK-10,76.803,42.413,1,Weak (one-way),Across communities,C2 Staff cluster around DIR-01,7 Unknown role,0.00572,28,41
T1306,1,Tie,VP-16,42.923,32.26,1,Weak (one-way),Within community,C1 Leadership core,2 Vice President,0.0064,30,37
T1306,2,Tie,VP-15,36.691,52.362,1,Weak (one-way),Within community,C1 Leadership core,2 Vice President,0.00777,42,34
T1307,1,Tie,VP-16,42.923,32.26,1,Weak (one-way),Across communities,C1 Leadership core,2 Vice President,0.0064,30,37
T1307,2,Tie,UNK-22,79.836,44.96,1,Weak (one-way),Across communities,C2 Staff cluster around DIR-01,7 Unknown role,0.00246,23,72
T1308,1,Tie,VP-16,42.923,32.26,1,Weak (one-way),Across communities,C1 Leadership core,2 Vice President,0.0064,30,37
T1308,2,Tie,EMP-12,30.256,29.16,1,Weak (one-way),Across communities,C3 Trading & logistics desk,6 Employee / Specialist,0.01509,43,13
T1309,1,Tie,VP-16,42.923,32.26,1,Weak (one-way),Within community,C1 Leadership core,2 Vice President,0.0064,30,37
T1309,2,Tie,Kenneth Lay,53.65,33.485,1,Weak (one-way),Within community,C1 Leadership core,1 Executive,0.04035,62,5
T1310,1,Tie,UNK-33,38.943,33.417,1,Weak (one-way),Within community,C1 Leadership core,7 Unknown role,0.00371,18,55
T1310,2,Tie,EMP-28,26.594,39.479,1,Weak (one-way),Within community,C1 Leadership core,6 Employee / Specialist,0.00226,22,77
T1311,1,Tie,UNK-33,38.943,33.417,1,Weak (one-way),Within community,C1 Leadership core,7 Unknown role,0.00371,18,55
T1311,2,Tie,EMP-27,28.066,43.602,1,Weak (one-way),Within community,C1 Leadership core,6 Employee / Specialist,0.00147,24,98
T1312,1,Tie,UNK-33,38.943,33.417,1,Weak (one-way),Across communities,C1 Leadership core,7 Unknown role,0.00371,18,55
T1312,2,Tie,UNK-08,71.713,40.4,1,Weak (one-way),Across communities,C2 Staff cluster around DIR-01,7 Unknown role,0.00916,31,25
T1313,1,Tie,UNK-33,38.943,33.417,1,Weak (one-way),Across communities,C1 Leadership core,7 Unknown role,0.00371,18,55
T1313,2,Tie,EMP-20,65.93,56.348,1,Weak (one-way),Across communities,C2 Staff cluster around DIR-01,6 Employee / Specialist,0.00015,10,142
T1314,1,Tie,UNK-33,38.943,33.417,1,Weak (one-way),Across communities,C1 Leadership core,7 Unknown role,0.00371,18,55
T1314,2,Tie,UNK-30,70.103,59.382,1,Weak (one-way),Across communities,C2 Staff cluster around DIR-01,7 Unknown role,0.00022,10,139
T1315,1,Tie,UNK-33,38.943,33.417,1,Weak (one-way),Across communities,C1 Leadership core,7 Unknown role,0.00371,18,55
T1315,2,Tie,EMP-31,73.852,57.529,1,Weak (one-way),Across communities,C2 Staff cluster around DIR-01,6 Employee / Specialist,0.00046,9,125
T1316,1,Tie,UNK-33,38.943,33.417,1,Weak (one-way),Within community,C1 Leadership core,7 Unknown role,0.00371,18,55
T1316,2,Tie,VP-04,58.757,47.451,1,Weak (one-way),Within community,C1 Leadership core,2 Vice President,0.0068,37,36
T1317,1,Tie,UNK-33,38.943,33.417,1,Weak (one-way),Within community,C1 Leadership core,7 Unknown role,0.00371,18,55
T1317,2,Tie,DIR-08,29.195,47.035,1,Weak (one-way),Within community,C1 Leadership core,3 Director / MD,0.00342,30,58
T1318,1,Tie,DIR-14,23.369,49.978,1,Weak (one-way),Within community,C1 Leadership core,3 Director / MD,0.00061,15,118
T1318,2,Tie,DIR-10,30.08,37.093,1,Weak (one-way),Within community,C1 Leadership core,3 Director / MD,0.00336,28,59
T1319,1,Tie,DIR-14,23.369,49.978,1,Weak (one-way),Within community,C1 Leadership core,3 Director / MD,0.00061,15,118
T1319,2,Tie,Greg Whalley,48.76,51.913,1,Weak (one-way),Within community,C1 Leadership core,1 Executive,0.00335,36,60
T1320,1,Tie,DIR-14,23.369,49.978,1,Weak (one-way),Across communities,C1 Leadership core,3 Director / MD,0.00061,15,118
T1320,2,Tie,EMP-05,26.599,23.515,1,Weak (one-way),Across communities,C3 Trading & logistics desk,6 Employee / Specialist,0.00416,28,50
T1321,1,Tie,DIR-14,23.369,49.978,1,Weak (one-way),Across communities,C1 Leadership core,3 Director / MD,0.00061,15,118
T1321,2,Tie,EMP-06,66.911,51.448,1,Weak (one-way),Across communities,C2 Staff cluster around DIR-01,6 Employee / Specialist,0.01223,32,18
T1322,1,Tie,DIR-14,23.369,49.978,1,Weak (one-way),Across communities,C1 Leadership core,3 Director / MD,0.00061,15,118
T1322,2,Tie,EMP-12,30.256,29.16,1,Weak (one-way),Across communities,C3 Trading & logistics desk,6 Employee / Specialist,0.01509,43,13
T1323,1,Tie,DIR-14,23.369,49.978,1,Weak (one-way),Across communities,C1 Leadership core,3 Director / MD,0.00061,15,118
T1323,2,Tie,TRD-10,71.128,36.5,1,Weak (one-way),Across communities,C2 Staff cluster around DIR-01,5 Trader,0.00074,14,113
T1324,1,Tie,DIR-14,23.369,49.978,1,Weak (one-way),Within community,C1 Leadership core,3 Director / MD,0.00061,15,118
T1324,2,Tie,Sally Beck,28.287,54.57,1,Weak (one-way),Within community,C1 Leadership core,1 Executive,0.10151,81,1
T1325,1,Tie,VP-12,32.784,48.84,1,Weak (one-way),Within community,C1 Leadership core,2 Vice President,0.00517,39,45
T1325,2,Tie,VP-08,47.328,34.336,1,Weak (one-way),Within community,C1 Leadership core,2 Vice President,0.01408,41,16
T1326,1,Tie,VP-12,32.784,48.84,1,Weak (one-way),Within community,C1 Leadership core,2 Vice President,0.00517,39,45
T1326,2,Tie,EMP-28,26.594,39.479,1,Weak (one-way),Within community,C1 Leadership core,6 Employee / Specialist,0.00226,22,77
T1327,1,Tie,VP-12,32.784,48.84,1,Weak (one-way),Across communities,C1 Leadership core,2 Vice President,0.00517,39,45
T1327,2,Tie,EMP-18,21.165,27.937,1,Weak (one-way),Across communities,C3 Trading & logistics desk,6 Employee / Specialist,0.00135,19,100
T1328,1,Tie,VP-12,32.784,48.84,1,Weak (one-way),Within community,C1 Leadership core,2 Vice President,0.00517,39,45
T1328,2,Tie,VP-17,37.06,59.175,1,Weak (one-way),Within community,C1 Leadership core,2 Vice President,0.00186,22,87
T1329,1,Tie,VP-12,32.784,48.84,1,Weak (one-way),Within community,C1 Leadership core,2 Vice President,0.00517,39,45
T1329,2,Tie,David Delainey,53.102,42.037,1,Weak (one-way),Within community,C1 Leadership core,1 Executive,0.00884,44,28
T1330,1,Tie,VP-12,32.784,48.84,1,Weak (one-way),Within community,C1 Leadership core,2 Vice President,0.00517,39,45
T1330,2,Tie,EMP-27,28.066,43.602,1,Weak (one-way),Within community,C1 Leadership core,6 Employee / Specialist,0.00147,24,98
T1331,1,Tie,VP-12,32.784,48.84,1,Weak (one-way),Within community,C1 Leadership core,2 Vice President,0.00517,39,45
T1331,2,Tie,VP-11,39.259,37.901,1,Weak (one-way),Within community,C1 Leadership core,2 Vice President,0.01084,46,19
T1332,1,Tie,VP-12,32.784,48.84,1,Weak (one-way),Within community,C1 Leadership core,2 Vice President,0.00517,39,45
T1332,2,Tie,UNK-38,21.396,44.124,1,Weak (one-way),Within community,C1 Leadership core,7 Unknown role,0.00057,16,120
T1333,1,Tie,VP-12,32.784,48.84,1,Weak (one-way),Within community,C1 Leadership core,2 Vice President,0.00517,39,45
T1333,2,Tie,Jeffery Skilling,54.936,46.157,1,Weak (one-way),Within community,C1 Leadership core,1 Executive,0.00251,32,71
T1334,1,Tie,VP-12,32.784,48.84,1,Weak (one-way),Within community,C1 Leadership core,2 Vice President,0.00517,39,45
T1334,2,Tie,UNK-11,55.402,49.902,1,Weak (one-way),Within community,C1 Leadership core,7 Unknown role,0.0023,26,75
T1335,1,Tie,VP-12,32.784,48.84,1,Weak (one-way),Within community,C1 Leadership core,2 Vice President,0.00517,39,45
T1335,2,Tie,Kenneth Lay,53.65,33.485,1,Weak (one-way),Within community,C1 Leadership core,1 Executive,0.04035,62,5
T1336,1,Tie,VP-12,32.784,48.84,1,Weak (one-way),Within community,C1 Leadership core,2 Vice President,0.00517,39,45
T1336,2,Tie,UNK-26,55.912,57.193,1,Weak (one-way),Within community,C1 Leadership core,7 Unknown role,0.00198,27,83
T1337,1,Tie,VP-12,32.784,48.84,1,Weak (one-way),Within community,C1 Leadership core,2 Vice President,0.00517,39,45
T1337,2,Tie,UNK-14,55.245,53.635,1,Weak (one-way),Within community,C1 Leadership core,7 Unknown role,0.00278,24,68
T1338,1,Tie,VP-12,32.784,48.84,1,Weak (one-way),Within community,C1 Leadership core,2 Vice President,0.00517,39,45
T1338,2,Tie,MGR-04,52.35,51.586,1,Weak (one-way),Within community,C1 Leadership core,4 Manager,0.00157,26,94
T1339,1,Tie,VP-12,32.784,48.84,1,Weak (one-way),Across communities,C1 Leadership core,2 Vice President,0.00517,39,45
T1339,2,Tie,Stanley Horton,79.267,30.357,1,Weak (one-way),Across communities,C5 Gas pipeline & regulatory,1 Executive,0.01057,33,20
T1340,1,Tie,Jeffrey Shankman,45.462,49.371,1,Weak (one-way),Within community,C1 Leadership core,1 Executive,0.00152,31,96
T1340,2,Tie,EMP-15,62.704,54.179,1,Weak (one-way),Within community,C1 Leadership core,6 Employee / Specialist,0.0018,22,89
T1341,1,Tie,Jeffrey Shankman,45.462,49.371,1,Weak (one-way),Within community,C1 Leadership core,1 Executive,0.00152,31,96
T1341,2,Tie,VP-09,51.177,56.265,1,Weak (one-way),Within community,C1 Leadership core,2 Vice President,0.02052,51,8
T1342,1,Tie,Jeffrey Shankman,45.462,49.371,1,Weak (one-way),Across communities,C1 Leadership core,1 Executive,0.00152,31,96
T1342,2,Tie,UNK-01,71.717,50.254,1,Weak (one-way),Across communities,C2 Staff cluster around DIR-01,7 Unknown role,0.00896,38,27
T1343,1,Tie,VP-08,47.328,34.336,1,Weak (one-way),Within community,C1 Leadership core,2 Vice President,0.01408,41,16
T1343,2,Tie,VP-11,39.259,37.901,1,Weak (one-way),Within community,C1 Leadership core,2 Vice President,0.01084,46,19
T1344,1,Tie,VP-08,47.328,34.336,1,Weak (one-way),Within community,C1 Leadership core,2 Vice President,0.01408,41,16
T1344,2,Tie,VP-05,31.959,43.993,1,Weak (one-way),Within community,C1 Leadership core,2 Vice President,0.00619,42,38
T1345,1,Tie,VP-08,47.328,34.336,1,Weak (one-way),Across communities,C1 Leadership core,2 Vice President,0.01408,41,16
T1345,2,Tie,DIR-04,27.548,32.805,1,Weak (one-way),Across communities,C3 Trading & logistics desk,3 Director / MD,0.00233,26,74
T1346,1,Tie,VP-08,47.328,34.336,1,Weak (one-way),Across communities,C1 Leadership core,2 Vice President,0.01408,41,16
T1346,2,Tie,UNK-17,96.938,23.462,1,Weak (one-way),Across communities,C5 Gas pipeline & regulatory,7 Unknown role,0.00138,15,99
T1347,1,Tie,VP-08,47.328,34.336,1,Weak (one-way),Within community,C1 Leadership core,2 Vice President,0.01408,41,16
T1347,2,Tie,VP-10,34.079,39.448,1,Weak (one-way),Within community,C1 Leadership core,2 Vice President,0.01489,50,14
T1348,1,Tie,VP-08,47.328,34.336,1,Weak (one-way),Across communities,C1 Leadership core,2 Vice President,0.01408,41,16
T1348,2,Tie,TRD-04,33.638,21.922,1,Weak (one-way),Across communities,C3 Trading & logistics desk,5 Trader,0.00325,28,63
T1349,1,Tie,VP-08,47.328,34.336,1,Weak (one-way),Across communities,C1 Leadership core,2 Vice President,0.01408,41,16
T1349,2,Tie,UNK-28,22.335,23.619,1,Weak (one-way),Across communities,C3 Trading & logistics desk,7 Unknown role,0.00053,18,123
T1350,1,Tie,VP-08,47.328,34.336,1,Weak (one-way),Across communities,C1 Leadership core,2 Vice President,0.01408,41,16
T1350,2,Tie,DIR-01,69.375,45.275,1,Weak (one-way),Across communities,C2 Staff cluster around DIR-01,3 Director / MD,0.01936,50,9
T1351,1,Tie,VP-08,47.328,34.336,1,Weak (one-way),Within community,C1 Leadership core,2 Vice President,0.01408,41,16
T1351,2,Tie,Jeffery Skilling,54.936,46.157,1,Weak (one-way),Within community,C1 Leadership core,1 Executive,0.00251,32,71
T1352,1,Tie,VP-08,47.328,34.336,1,Weak (one-way),Across communities,C1 Leadership core,2 Vice President,0.01408,41,16
T1352,2,Tie,EMP-12,30.256,29.16,1,Weak (one-way),Across communities,C3 Trading & logistics desk,6 Employee / Specialist,0.01509,43,13
T1353,1,Tie,VP-08,47.328,34.336,1,Weak (one-way),Within community,C1 Leadership core,2 Vice President,0.01408,41,16
T1353,2,Tie,Kenneth Lay,53.65,33.485,1,Weak (one-way),Within community,C1 Leadership core,1 Executive,0.04035,62,5
T1354,1,Tie,VP-08,47.328,34.336,1,Weak (one-way),Across communities,C1 Leadership core,2 Vice President,0.01408,41,16
T1354,2,Tie,UNK-20,34.304,25.772,1,Weak (one-way),Across communities,C3 Trading & logistics desk,7 Unknown role,0.00398,32,53
T1355,1,Tie,VP-08,47.328,34.336,1,Weak (one-way),Across communities,C1 Leadership core,2 Vice President,0.01408,41,16
T1355,2,Tie,UNK-04,45.541,26.096,1,Weak (one-way),Across communities,C3 Trading & logistics desk,7 Unknown role,0.06907,59,4
T1356,1,Tie,VP-08,47.328,34.336,1,Weak (one-way),Within community,C1 Leadership core,2 Vice President,0.01408,41,16
T1356,2,Tie,Sally Beck,28.287,54.57,1,Weak (one-way),Within community,C1 Leadership core,1 Executive,0.10151,81,1
T1357,1,Tie,VP-08,47.328,34.336,1,Weak (one-way),Across communities,C1 Leadership core,2 Vice President,0.01408,41,16
T1357,2,Tie,UNK-02,78.472,48.307,1,Weak (one-way),Across communities,C2 Staff cluster around DIR-01,7 Unknown role,0.00225,26,78
T1358,1,Tie,VP-08,47.328,34.336,1,Weak (one-way),Across communities,C1 Leadership core,2 Vice President,0.01408,41,16
T1358,2,Tie,UNK-01,71.717,50.254,1,Weak (one-way),Across communities,C2 Staff cluster around DIR-01,7 Unknown role,0.00896,38,27
T1359,1,Tie,EMP-29,43.337,36.48,1,Weak (one-way),Within community,C1 Leadership core,6 Employee / Specialist,0.00252,17,70
T1359,2,Tie,VP-09,51.177,56.265,1,Weak (one-way),Within community,C1 Leadership core,2 Vice President,0.02052,51,8
T1360,1,Tie,EMP-29,43.337,36.48,1,Weak (one-way),Across communities,C1 Leadership core,6 Employee / Specialist,0.00252,17,70
T1360,2,Tie,EMP-25,72.178,10.553,1,Weak (one-way),Across communities,C6 Trading & logistics desk (TRD-02),6 Employee / Specialist,0.00401,13,51
T1361,1,Tie,EMP-29,43.337,36.48,1,Weak (one-way),Across communities,C1 Leadership core,6 Employee / Specialist,0.00252,17,70
T1361,2,Tie,VP-20,67.76,9.893,1,Weak (one-way),Across communities,C6 Trading & logistics desk (TRD-02),2 Vice President,0.00023,8,137
T1362,1,Tie,EMP-29,43.337,36.48,1,Weak (one-way),Within community,C1 Leadership core,6 Employee / Specialist,0.00252,17,70
T1362,2,Tie,UNK-19,24.57,43.021,1,Weak (one-way),Within community,C1 Leadership core,7 Unknown role,0.0029,26,67
T1363,1,Tie,EMP-29,43.337,36.48,1,Weak (one-way),Within community,C1 Leadership core,6 Employee / Specialist,0.00252,17,70
T1363,2,Tie,Louise Kitchen,49.827,46.741,1,Weak (one-way),Within community,C1 Leadership core,1 Executive,0.02954,64,6
T1364,1,Tie,EMP-29,43.337,36.48,1,Weak (one-way),Within community,C1 Leadership core,6 Employee / Specialist,0.00252,17,70
T1364,2,Tie,Sally Beck,28.287,54.57,1,Weak (one-way),Within community,C1 Leadership core,1 Executive,0.10151,81,1
T1365,1,Tie,UNK-25,100.0,25.093,1,Weak (one-way),Across communities,C5 Gas pipeline & regulatory,7 Unknown role,0.00241,15,73
T1365,2,Tie,David Delainey,53.102,42.037,1,Weak (one-way),Across communities,C1 Leadership core,1 Executive,0.00884,44,28
T1366,1,Tie,UNK-25,100.0,25.093,1,Weak (one-way),Across communities,C5 Gas pipeline & regulatory,7 Unknown role,0.00241,15,73
T1366,2,Tie,DIR-01,69.375,45.275,1,Weak (one-way),Across communities,C2 Staff cluster around DIR-01,3 Director / MD,0.01936,50,9
T1367,1,Tie,UNK-25,100.0,25.093,1,Weak (one-way),Across communities,C5 Gas pipeline & regulatory,7 Unknown role,0.00241,15,73
T1367,2,Tie,UNK-21,59.246,57.418,1,Weak (one-way),Across communities,C1 Leadership core,7 Unknown role,0.00101,13,108
T1368,1,Tie,UNK-25,100.0,25.093,1,Weak (one-way),Within community,C5 Gas pipeline & regulatory,7 Unknown role,0.00241,15,73
T1368,2,Tie,EMP-13,94.721,25.85,1,Weak (one-way),Within community,C5 Gas pipeline & regulatory,6 Employee / Specialist,0.00101,17,107
T1369,1,Tie,UNK-03,48.243,90.859,1,Weak (one-way),Across communities,C4 Real-time trading desk,7 Unknown role,0.01478,21,15
T1369,2,Tie,MGR-09,14.321,30.341,1,Weak (one-way),Across communities,C3 Trading & logistics desk,4 Manager,0.0016,13,93
T1370,1,Tie,UNK-03,48.243,90.859,1,Weak (one-way),Across communities,C4 Real-time trading desk,7 Unknown role,0.01478,21,15
T1370,2,Tie,EMP-01,62.027,38.131,1,Weak (one-way),Across communities,C1 Leadership core,6 Employee / Specialist,0.0209,38,7
T1371,1,Tie,UNK-03,48.243,90.859,1,Weak (one-way),Across communities,C4 Real-time trading desk,7 Unknown role,0.01478,21,15
T1371,2,Tie,John Lavorato,38.979,45.415,1,Weak (one-way),Across communities,C1 Leadership core,1 Executive,0.0922,90,3
T1372,1,Tie,UNK-03,48.243,90.859,1,Weak (one-way),Across communities,C4 Real-time trading desk,7 Unknown role,0.01478,21,15
T1372,2,Tie,VP-09,51.177,56.265,1,Weak (one-way),Across communities,C1 Leadership core,2 Vice President,0.02052,51,8
T1373,1,Tie,UNK-03,48.243,90.859,1,Weak (one-way),Across communities,C4 Real-time trading desk,7 Unknown role,0.01478,21,15
T1373,2,Tie,UNK-41,0.0,49.975,1,Weak (one-way),Across communities,C1 Leadership core,7 Unknown role,0.00056,6,121
T1374,1,Tie,EMP-28,26.594,39.479,1,Weak (one-way),Within community,C1 Leadership core,6 Employee / Specialist,0.00226,22,77
T1374,2,Tie,DIR-07,25.647,46.416,1,Weak (one-way),Within community,C1 Leadership core,3 Director / MD,0.00151,22,97
T1375,1,Tie,EMP-28,26.594,39.479,1,Weak (one-way),Across communities,C1 Leadership core,6 Employee / Specialist,0.00226,22,77
T1375,2,Tie,UNK-30,70.103,59.382,1,Weak (one-way),Across communities,C2 Staff cluster around DIR-01,7 Unknown role,0.00022,10,139
T1376,1,Tie,EMP-28,26.594,39.479,1,Weak (one-way),Within community,C1 Leadership core,6 Employee / Specialist,0.00226,22,77
T1376,2,Tie,UNK-38,21.396,44.124,1,Weak (one-way),Within community,C1 Leadership core,7 Unknown role,0.00057,16,120
T1377,1,Tie,EMP-28,26.594,39.479,1,Weak (one-way),Within community,C1 Leadership core,6 Employee / Specialist,0.00226,22,77
T1377,2,Tie,VP-15,36.691,52.362,1,Weak (one-way),Within community,C1 Leadership core,2 Vice President,0.00777,42,34
T1378,1,Tie,EMP-28,26.594,39.479,1,Weak (one-way),Within community,C1 Leadership core,6 Employee / Specialist,0.00226,22,77
T1378,2,Tie,VP-05,31.959,43.993,1,Weak (one-way),Within community,C1 Leadership core,2 Vice President,0.00619,42,38
T1379,1,Tie,EMP-28,26.594,39.479,1,Weak (one-way),Within community,C1 Leadership core,6 Employee / Specialist,0.00226,22,77
T1379,2,Tie,Louise Kitchen,49.827,46.741,1,Weak (one-way),Within community,C1 Leadership core,1 Executive,0.02954,64,6
T1380,1,Tie,EMP-28,26.594,39.479,1,Weak (one-way),Within community,C1 Leadership core,6 Employee / Specialist,0.00226,22,77
T1380,2,Tie,Sally Beck,28.287,54.57,1,Weak (one-way),Within community,C1 Leadership core,1 Executive,0.10151,81,1
T1381,1,Tie,EMP-28,26.594,39.479,1,Weak (one-way),Across communities,C1 Leadership core,6 Employee / Specialist,0.00226,22,77
T1381,2,Tie,EMP-11,82.571,47.041,1,Weak (one-way),Across communities,C2 Staff cluster around DIR-01,6 Employee / Specialist,0.00074,13,114
T1382,1,Tie,UNK-23,72.048,54.524,1,Weak (one-way),Within community,C2 Staff cluster around DIR-01,7 Unknown role,0.00302,29,66
T1382,2,Tie,UNK-10,76.803,42.413,1,Weak (one-way),Within community,C2 Staff cluster around DIR-01,7 Unknown role,0.00572,28,41
T1383,1,Tie,UNK-23,72.048,54.524,1,Weak (one-way),Across communities,C2 Staff cluster around DIR-01,7 Unknown role,0.00302,29,66
T1383,2,Tie,VP-15,36.691,52.362,1,Weak (one-way),Across communities,C1 Leadership core,2 Vice President,0.00777,42,34
T1384,1,Tie,UNK-23,72.048,54.524,1,Weak (one-way),Across communities,C2 Staff cluster around DIR-01,7 Unknown role,0.00302,29,66
T1384,2,Tie,VP-11,39.259,37.901,1,Weak (one-way),Across communities,C1 Leadership core,2 Vice President,0.01084,46,19
T1385,1,Tie,UNK-23,72.048,54.524,1,Weak (one-way),Across communities,C2 Staff cluster around DIR-01,7 Unknown role,0.00302,29,66
T1385,2,Tie,TRD-07,35.705,35.251,1,Weak (one-way),Across communities,C1 Leadership core,5 Trader,0.00211,23,81
T1386,1,Tie,UNK-23,72.048,54.524,1,Weak (one-way),Across communities,C2 Staff cluster around DIR-01,7 Unknown role,0.00302,29,66
T1386,2,Tie,VP-05,31.959,43.993,1,Weak (one-way),Across communities,C1 Leadership core,2 Vice President,0.00619,42,38
T1387,1,Tie,UNK-23,72.048,54.524,1,Weak (one-way),Across communities,C2 Staff cluster around DIR-01,7 Unknown role,0.00302,29,66
T1387,2,Tie,MGR-02,45.315,40.729,1,Weak (one-way),Across communities,C1 Leadership core,4 Manager,0.0175,54,11
T1388,1,Tie,UNK-23,72.048,54.524,1,Weak (one-way),Across communities,C2 Staff cluster around DIR-01,7 Unknown role,0.00302,29,66
T1388,2,Tie,TRD-09,49.277,76.145,1,Weak (one-way),Across communities,C4 Real-time trading desk,5 Trader,0.0052,19,43
T1389,1,Tie,UNK-23,72.048,54.524,1,Weak (one-way),Across communities,C2 Staff cluster around DIR-01,7 Unknown role,0.00302,29,66
T1389,2,Tie,Sally Beck,28.287,54.57,1,Weak (one-way),Across communities,C1 Leadership core,1 Executive,0.10151,81,1
T1390,1,Tie,UNK-23,72.048,54.524,1,Weak (one-way),Across communities,C2 Staff cluster around DIR-01,7 Unknown role,0.00302,29,66
T1390,2,Tie,VP-10,34.079,39.448,1,Weak (one-way),Across communities,C1 Leadership core,2 Vice President,0.01489,50,14
T1391,1,Tie,UNK-23,72.048,54.524,1,Weak (one-way),Within community,C2 Staff cluster around DIR-01,7 Unknown role,0.00302,29,66
T1391,2,Tie,EMP-03,75.939,51.018,1,Weak (one-way),Within community,C2 Staff cluster around DIR-01,6 Employee / Specialist,0.00332,23,62
T1392,1,Tie,UNK-23,72.048,54.524,1,Weak (one-way),Across communities,C2 Staff cluster around DIR-01,7 Unknown role,0.00302,29,66
T1392,2,Tie,EMP-01,62.027,38.131,1,Weak (one-way),Across communities,C1 Leadership core,6 Employee / Specialist,0.0209,38,7
T1393,1,Tie,VP-04,58.757,47.451,1,Weak (one-way),Within community,C1 Leadership core,2 Vice President,0.0068,37,36
T1393,2,Tie,VP-15,36.691,52.362,1,Weak (one-way),Within community,C1 Leadership core,2 Vice President,0.00777,42,34
T1394,1,Tie,VP-04,58.757,47.451,1,Weak (one-way),Within community,C1 Leadership core,2 Vice President,0.0068,37,36
T1394,2,Tie,MGR-03,49.98,38.558,1,Weak (one-way),Within community,C1 Leadership core,4 Manager,0.00775,38,35
T1395,1,Tie,VP-04,58.757,47.451,1,Weak (one-way),Across communities,C1 Leadership core,2 Vice President,0.0068,37,36
T1395,2,Tie,MGR-01,35.494,30.233,1,Weak (one-way),Across communities,C3 Trading & logistics desk,4 Manager,0.01291,48,17
T1396,1,Tie,VP-04,58.757,47.451,1,Weak (one-way),Across communities,C1 Leadership core,2 Vice President,0.0068,37,36
T1396,2,Tie,TRD-09,49.277,76.145,1,Weak (one-way),Across communities,C4 Real-time trading desk,5 Trader,0.0052,19,43
T1397,1,Tie,VP-04,58.757,47.451,1,Weak (one-way),Within community,C1 Leadership core,2 Vice President,0.0068,37,36
T1397,2,Tie,VP-10,34.079,39.448,1,Weak (one-way),Within community,C1 Leadership core,2 Vice President,0.01489,50,14
T1398,1,Tie,VP-04,58.757,47.451,1,Weak (one-way),Within community,C1 Leadership core,2 Vice President,0.0068,37,36
T1398,2,Tie,UNK-43,34.963,61.544,1,Weak (one-way),Within community,C1 Leadership core,7 Unknown role,0.00034,10,135
T1399,1,Tie,VP-04,58.757,47.451,1,Weak (one-way),Within community,C1 Leadership core,2 Vice President,0.0068,37,36
T1399,2,Tie,UNK-21,59.246,57.418,1,Weak (one-way),Within community,C1 Leadership core,7 Unknown role,0.00101,13,108
T1400,1,Tie,EMP-17,54.766,91.177,1,Weak (one-way),Across communities,C4 Real-time trading desk,6 Employee / Specialist,0.00113,13,104
T1400,2,Tie,DIR-05,51.36,61.741,1,Weak (one-way),Across communities,C1 Leadership core,3 Director / MD,0.0104,21,21
T1401,1,Tie,EMP-17,54.766,91.177,1,Weak (one-way),Within community,C4 Real-time trading desk,6 Employee / Specialist,0.00113,13,104
T1401,2,Tie,TRD-06,47.564,99.73,1,Weak (one-way),Within community,C4 Real-time trading desk,5 Trader,0.00038,8,131
T1402,1,Tie,EMP-18,21.165,27.937,1,Weak (one-way),Within community,C3 Trading & logistics desk,6 Employee / Specialist,0.00135,19,100
T1402,2,Tie,UNK-16,39.842,29.775,1,Weak (one-way),Within community,C3 Trading & logistics desk,7 Unknown role,0.00203,21,82
T1403,1,Tie,EMP-18,21.165,27.937,1,Weak (one-way),Across communities,C3 Trading & logistics desk,6 Employee / Specialist,0.00135,19,100
T1403,2,Tie,UNK-19,24.57,43.021,1,Weak (one-way),Across communities,C1 Leadership core,7 Unknown role,0.0029,26,67
T1404,1,Tie,EMP-18,21.165,27.937,1,Weak (one-way),Across communities,C3 Trading & logistics desk,6 Employee / Specialist,0.00135,19,100
T1404,2,Tie,UNK-12,56.107,18.185,1,Weak (one-way),Across communities,C7 Staff cluster around UNK-12,7 Unknown role,0.00274,20,69
T1405,1,Tie,EMP-18,21.165,27.937,1,Weak (one-way),Within community,C3 Trading & logistics desk,6 Employee / Specialist,0.00135,19,100
T1405,2,Tie,UNK-04,45.541,26.096,1,Weak (one-way),Within community,C3 Trading & logistics desk,7 Unknown role,0.06907,59,4
T1406,1,Tie,EMP-18,21.165,27.937,1,Weak (one-way),Across communities,C3 Trading & logistics desk,6 Employee / Specialist,0.00135,19,100
T1406,2,Tie,EMP-22,57.4,12.538,1,Weak (one-way),Across communities,C7 Staff cluster around UNK-12,6 Employee / Specialist,0.00041,10,129
T1407,1,Tie,EMP-18,21.165,27.937,1,Weak (one-way),Across communities,C3 Trading & logistics desk,6 Employee / Specialist,0.00135,19,100
T1407,2,Tie,EMP-06,66.911,51.448,1,Weak (one-way),Across communities,C2 Staff cluster around DIR-01,6 Employee / Specialist,0.01223,32,18
T1408,1,Tie,EMP-18,21.165,27.937,1,Weak (one-way),Within community,C3 Trading & logistics desk,6 Employee / Specialist,0.00135,19,100
T1408,2,Tie,EMP-19,33.272,18.097,1,Weak (one-way),Within community,C3 Trading & logistics desk,6 Employee / Specialist,0.00335,27,61
T1409,1,Tie,EMP-18,21.165,27.937,1,Weak (one-way),Within community,C3 Trading & logistics desk,6 Employee / Specialist,0.00135,19,100
T1409,2,Tie,UNK-20,34.304,25.772,1,Weak (one-way),Within community,C3 Trading & logistics desk,7 Unknown role,0.00398,32,53
T1410,1,Tie,UNK-37,41.898,20.847,1,Weak (one-way),Across communities,C3 Trading & logistics desk,7 Unknown role,0.00311,26,65
T1410,2,Tie,VP-15,36.691,52.362,1,Weak (one-way),Across communities,C1 Leadership core,2 Vice President,0.00777,42,34
T1411,1,Tie,UNK-37,41.898,20.847,1,Weak (one-way),Across communities,C3 Trading & logistics desk,7 Unknown role,0.00311,26,65
T1411,2,Tie,VP-11,39.259,37.901,1,Weak (one-way),Across communities,C1 Leadership core,2 Vice President,0.01084,46,19
T1412,1,Tie,UNK-37,41.898,20.847,1,Weak (one-way),Across communities,C3 Trading & logistics desk,7 Unknown role,0.00311,26,65
T1412,2,Tie,VP-05,31.959,43.993,1,Weak (one-way),Across communities,C1 Leadership core,2 Vice President,0.00619,42,38
T1413,1,Tie,UNK-37,41.898,20.847,1,Weak (one-way),Across communities,C3 Trading & logistics desk,7 Unknown role,0.00311,26,65
T1413,2,Tie,John Lavorato,38.979,45.415,1,Weak (one-way),Across communities,C1 Leadership core,1 Executive,0.0922,90,3
T1414,1,Tie,UNK-37,41.898,20.847,1,Weak (one-way),Across communities,C3 Trading & logistics desk,7 Unknown role,0.00311,26,65
T1414,2,Tie,MGR-02,45.315,40.729,1,Weak (one-way),Across communities,C1 Leadership core,4 Manager,0.0175,54,11
T1415,1,Tie,UNK-37,41.898,20.847,1,Weak (one-way),Across communities,C3 Trading & logistics desk,7 Unknown role,0.00311,26,65
T1415,2,Tie,VP-09,51.177,56.265,1,Weak (one-way),Across communities,C1 Leadership core,2 Vice President,0.02052,51,8
T1416,1,Tie,UNK-37,41.898,20.847,1,Weak (one-way),Within community,C3 Trading & logistics desk,7 Unknown role,0.00311,26,65
T1416,2,Tie,EMP-19,33.272,18.097,1,Weak (one-way),Within community,C3 Trading & logistics desk,6 Employee / Specialist,0.00335,27,61
T1417,1,Tie,UNK-37,41.898,20.847,1,Weak (one-way),Across communities,C3 Trading & logistics desk,7 Unknown role,0.00311,26,65
T1417,2,Tie,DIR-01,69.375,45.275,1,Weak (one-way),Across communities,C2 Staff cluster around DIR-01,3 Director / MD,0.01936,50,9
T1418,1,Tie,UNK-37,41.898,20.847,1,Weak (one-way),Within community,C3 Trading & logistics desk,7 Unknown role,0.00311,26,65
T1418,2,Tie,EMP-12,30.256,29.16,1,Weak (one-way),Within community,C3 Trading & logistics desk,6 Employee / Specialist,0.01509,43,13
T1419,1,Tie,UNK-37,41.898,20.847,1,Weak (one-way),Across communities,C3 Trading & logistics desk,7 Unknown role,0.00311,26,65
T1419,2,Tie,Kenneth Lay,53.65,33.485,1,Weak (one-way),Across communities,C1 Leadership core,1 Executive,0.04035,62,5
T1420,1,Tie,UNK-37,41.898,20.847,1,Weak (one-way),Across communities,C3 Trading & logistics desk,7 Unknown role,0.00311,26,65
T1420,2,Tie,UNK-02,78.472,48.307,1,Weak (one-way),Across communities,C2 Staff cluster around DIR-01,7 Unknown role,0.00225,26,78
T1421,1,Tie,UNK-37,41.898,20.847,1,Weak (one-way),Across communities,C3 Trading & logistics desk,7 Unknown role,0.00311,26,65
T1421,2,Tie,UNK-31,64.486,59.831,1,Weak (one-way),Across communities,C2 Staff cluster around DIR-01,7 Unknown role,0.00825,25,33
T1422,1,Tie,MGR-05,24.631,30.139,1,Weak (one-way),Across communities,C3 Trading & logistics desk,4 Manager,0.00578,27,40
T1422,2,Tie,MGR-02,45.315,40.729,1,Weak (one-way),Across communities,C1 Leadership core,4 Manager,0.0175,54,11
T1423,1,Tie,MGR-05,24.631,30.139,1,Weak (one-way),Within community,C3 Trading & logistics desk,4 Manager,0.00578,27,40
T1423,2,Tie,UNK-29,30.31,20.866,1,Weak (one-way),Within community,C3 Trading & logistics desk,7 Unknown role,0.00053,17,124
T1424,1,Tie,MGR-05,24.631,30.139,1,Weak (one-way),Within community,C3 Trading & logistics desk,4 Manager,0.00578,27,40
T1424,2,Tie,UNK-40,21.333,17.747,1,Weak (one-way),Within community,C3 Trading & logistics desk,7 Unknown role,0.00039,14,130
T1425,1,Tie,MGR-05,24.631,30.139,1,Weak (one-way),Within community,C3 Trading & logistics desk,4 Manager,0.00578,27,40
T1425,2,Tie,EMP-12,30.256,29.16,1,Weak (one-way),Within community,C3 Trading & logistics desk,6 Employee / Specialist,0.01509,43,13
T1426,1,Tie,EMP-06,66.911,51.448,1,Weak (one-way),Across communities,C2 Staff cluster around DIR-01,6 Employee / Specialist,0.01223,32,18
T1426,2,Tie,MGR-10,40.242,17.373,1,Weak (one-way),Across communities,C3 Trading & logistics desk,4 Manager,0.00191,16,85
T1427,1,Tie,EMP-06,66.911,51.448,1,Weak (one-way),Across communities,C2 Staff cluster around DIR-01,6 Employee / Specialist,0.01223,32,18
T1427,2,Tie,EMP-27,28.066,43.602,1,Weak (one-way),Across communities,C1 Leadership core,6 Employee / Specialist,0.00147,24,98
T1428,1,Tie,EMP-06,66.911,51.448,1,Weak (one-way),Across communities,C2 Staff cluster around DIR-01,6 Employee / Specialist,0.01223,32,18
T1428,2,Tie,Rod Hayslett,90.003,30.046,1,Weak (one-way),Across communities,C5 Gas pipeline & regulatory,1 Executive,0.00951,26,23
T1429,1,Tie,EMP-06,66.911,51.448,1,Weak (one-way),Within community,C2 Staff cluster around DIR-01,6 Employee / Specialist,0.01223,32,18
T1429,2,Tie,UNK-02,78.472,48.307,1,Weak (one-way),Within community,C2 Staff cluster around DIR-01,7 Unknown role,0.00225,26,78
T1430,1,Tie,UNK-42,69.167,75.586,1,Weak (one-way),Across communities,C4 Real-time trading desk,7 Unknown role,8e-05,9,144
T1430,2,Tie,TRD-02,64.748,22.504,1,Weak (one-way),Across communities,C6 Trading & logistics desk (TRD-02),5 Trader,0.00349,21,57
T1431,1,Tie,UNK-42,69.167,75.586,1,Weak (one-way),Across communities,C4 Real-time trading desk,7 Unknown role,8e-05,9,144
T1431,2,Tie,MGR-12,65.006,30.431,1,Weak (one-way),Across communities,C6 Trading & logistics desk (TRD-02),4 Manager,0.00045,13,127
T1432,1,Tie,UNK-42,69.167,75.586,1,Weak (one-way),Across communities,C4 Real-time trading desk,7 Unknown role,8e-05,9,144
T1432,2,Tie,EMP-24,69.68,21.391,1,Weak (one-way),Across communities,C6 Trading & logistics desk (TRD-02),6 Employee / Specialist,0.00087,11,112
T1433,1,Tie,UNK-42,69.167,75.586,1,Weak (one-way),Across communities,C4 Real-time trading desk,7 Unknown role,8e-05,9,144
T1433,2,Tie,VP-09,51.177,56.265,1,Weak (one-way),Across communities,C1 Leadership core,2 Vice President,0.02052,51,8
T1434,1,Tie,UNK-42,69.167,75.586,1,Weak (one-way),Across communities,C4 Real-time trading desk,7 Unknown role,8e-05,9,144
T1434,2,Tie,Sally Beck,28.287,54.57,1,Weak (one-way),Across communities,C1 Leadership core,1 Executive,0.10151,81,1
T1435,1,Tie,MGR-09,14.321,30.341,1,Weak (one-way),Across communities,C3 Trading & logistics desk,4 Manager,0.0016,13,93
T1435,2,Tie,DIR-05,51.36,61.741,1,Weak (one-way),Across communities,C1 Leadership core,3 Director / MD,0.0104,21,21
T1436,1,Tie,MGR-09,14.321,30.341,1,Weak (one-way),Across communities,C3 Trading & logistics desk,4 Manager,0.0016,13,93
T1436,2,Tie,Kenneth Lay,53.65,33.485,1,Weak (one-way),Across communities,C1 Leadership core,1 Executive,0.04035,62,5
T1437,1,Tie,MGR-09,14.321,30.341,1,Weak (one-way),Within community,C3 Trading & logistics desk,4 Manager,0.0016,13,93
T1437,2,Tie,UNK-27,27.228,17.741,1,Weak (one-way),Within community,C3 Trading & logistics desk,7 Unknown role,0.01857,25,10
T1438,1,Tie,MGR-09,14.321,30.341,1,Weak (one-way),Within community,C3 Trading & logistics desk,4 Manager,0.0016,13,93
T1438,2,Tie,MGR-01,35.494,30.233,1,Weak (one-way),Within community,C3 Trading & logistics desk,4 Manager,0.01291,48,17
T1439,1,Tie,TRD-06,47.564,99.73,1,Weak (one-way),Within community,C4 Real-time trading desk,5 Trader,0.00038,8,131
T1439,2,Tie,EMP-21,50.159,95.273,1,Weak (one-way),Within community,C4 Real-time trading desk,6 Employee / Specialist,0.00069,10,115
T1440,1,Tie,TRD-06,47.564,99.73,1,Weak (one-way),Within community,C4 Real-time trading desk,5 Trader,0.00038,8,131
T1440,2,Tie,EMP-08,52.334,88.455,1,Weak (one-way),Within community,C4 Real-time trading desk,6 Employee / Specialist,0.00443,17,48
T1441,1,Tie,VP-17,37.06,59.175,1,Weak (one-way),Within community,C1 Leadership core,2 Vice President,0.00186,22,87
T1441,2,Tie,David Delainey,53.102,42.037,1,Weak (one-way),Within community,C1 Leadership core,1 Executive,0.00884,44,28
T1442,1,Tie,VP-17,37.06,59.175,1,Weak (one-way),Within community,C1 Leadership core,2 Vice President,0.00186,22,87
T1442,2,Tie,EMP-04,63.283,48.099,1,Weak (one-way),Within community,C1 Leadership core,6 Employee / Specialist,0.00863,32,30
T1443,1,Tie,VP-17,37.06,59.175,1,Weak (one-way),Within community,C1 Leadership core,2 Vice President,0.00186,22,87
T1443,2,Tie,EMP-01,62.027,38.131,1,Weak (one-way),Within community,C1 Leadership core,6 Employee / Specialist,0.0209,38,7
T1444,1,Tie,VP-17,37.06,59.175,1,Weak (one-way),Within community,C1 Leadership core,2 Vice President,0.00186,22,87
T1444,2,Tie,Kenneth Lay,53.65,33.485,1,Weak (one-way),Within community,C1 Leadership core,1 Executive,0.04035,62,5
T1445,1,Tie,VP-17,37.06,59.175,1,Weak (one-way),Across communities,C1 Leadership core,2 Vice President,0.00186,22,87
T1445,2,Tie,TRD-09,49.277,76.145,1,Weak (one-way),Across communities,C4 Real-time trading desk,5 Trader,0.0052,19,43
T1446,1,Tie,VP-17,37.06,59.175,1,Weak (one-way),Within community,C1 Leadership core,2 Vice President,0.00186,22,87
T1446,2,Tie,Sally Beck,28.287,54.57,1,Weak (one-way),Within community,C1 Leadership core,1 Executive,0.10151,81,1
T1447,1,Tie,EMP-14,75.702,38.35,1,Weak (one-way),Across communities,C2 Staff cluster around DIR-01,6 Employee / Specialist,0.00471,25,46
T1447,2,Tie,UNK-27,27.228,17.741,1,Weak (one-way),Across communities,C3 Trading & logistics desk,7 Unknown role,0.01857,25,10
T1448,1,Tie,EMP-14,75.702,38.35,1,Weak (one-way),Across communities,C2 Staff cluster around DIR-01,6 Employee / Specialist,0.00471,25,46
T1448,2,Tie,MGR-10,40.242,17.373,1,Weak (one-way),Across communities,C3 Trading & logistics desk,4 Manager,0.00191,16,85
T1449,1,Tie,EMP-14,75.702,38.35,1,Weak (one-way),Across communities,C2 Staff cluster around DIR-01,6 Employee / Specialist,0.00471,25,46
T1449,2,Tie,DIR-02,59.18,52.06,1,Weak (one-way),Across communities,C1 Leadership core,3 Director / MD,0.00907,40,26
T1450,1,Tie,EMP-14,75.702,38.35,1,Weak (one-way),Across communities,C2 Staff cluster around DIR-01,6 Employee / Specialist,0.00471,25,46
T1450,2,Tie,UNK-21,59.246,57.418,1,Weak (one-way),Across communities,C1 Leadership core,7 Unknown role,0.00101,13,108
T1451,1,Tie,EMP-14,75.702,38.35,1,Weak (one-way),Across communities,C2 Staff cluster around DIR-01,6 Employee / Specialist,0.00471,25,46
T1451,2,Tie,TRD-07,35.705,35.251,1,Weak (one-way),Across communities,C1 Leadership core,5 Trader,0.00211,23,81
T1452,1,Tie,EMP-14,75.702,38.35,1,Weak (one-way),Across communities,C2 Staff cluster around DIR-01,6 Employee / Specialist,0.00471,25,46
T1452,2,Tie,UNK-35,50.365,22.388,1,Weak (one-way),Across communities,C3 Trading & logistics desk,7 Unknown role,0.00104,13,106
T1453,1,Tie,VP-14,83.915,28.874,1,Weak (one-way),Across communities,C5 Gas pipeline & regulatory,2 Vice President,0.00518,24,44
T1453,2,Tie,Greg Whalley,48.76,51.913,1,Weak (one-way),Across communities,C1 Leadership core,1 Executive,0.00335,36,60
T1454,1,Tie,VP-14,83.915,28.874,1,Weak (one-way),Across communities,C5 Gas pipeline & regulatory,2 Vice President,0.00518,24,44
T1454,2,Tie,EMP-15,62.704,54.179,1,Weak (one-way),Across communities,C1 Leadership core,6 Employee / Specialist,0.0018,22,89
T1455,1,Tie,VP-14,83.915,28.874,1,Weak (one-way),Across communities,C5 Gas pipeline & regulatory,2 Vice President,0.00518,24,44
T1455,2,Tie,John Lavorato,38.979,45.415,1,Weak (one-way),Across communities,C1 Leadership core,1 Executive,0.0922,90,3
T1456,1,Tie,VP-14,83.915,28.874,1,Weak (one-way),Across communities,C5 Gas pipeline & regulatory,2 Vice President,0.00518,24,44
T1456,2,Tie,Louise Kitchen,49.827,46.741,1,Weak (one-way),Across communities,C1 Leadership core,1 Executive,0.02954,64,6
T1457,1,Tie,VP-14,83.915,28.874,1,Weak (one-way),Across communities,C5 Gas pipeline & regulatory,2 Vice President,0.00518,24,44
T1457,2,Tie,UNK-26,55.912,57.193,1,Weak (one-way),Across communities,C1 Leadership core,7 Unknown role,0.00198,27,83
T1458,1,Tie,VP-14,83.915,28.874,1,Weak (one-way),Across communities,C5 Gas pipeline & regulatory,2 Vice President,0.00518,24,44
T1458,2,Tie,UNK-14,55.245,53.635,1,Weak (one-way),Across communities,C1 Leadership core,7 Unknown role,0.00278,24,68
T1459,1,Tie,MGR-10,40.242,17.373,1,Weak (one-way),Across communities,C3 Trading & logistics desk,4 Manager,0.00191,16,85
T1459,2,Tie,DIR-03,87.324,21.527,1,Weak (one-way),Across communities,C5 Gas pipeline & regulatory,3 Director / MD,0.00605,23,39
T1460,1,Tie,MGR-10,40.242,17.373,1,Weak (one-way),Within community,C3 Trading & logistics desk,4 Manager,0.00191,16,85
T1460,2,Tie,UNK-29,30.31,20.866,1,Weak (one-way),Within community,C3 Trading & logistics desk,7 Unknown role,0.00053,17,124
T1461,1,Tie,MGR-10,40.242,17.373,1,Weak (one-way),Within community,C3 Trading & logistics desk,4 Manager,0.00191,16,85
T1461,2,Tie,TRD-04,33.638,21.922,1,Weak (one-way),Within community,C3 Trading & logistics desk,5 Trader,0.00325,28,63
T1462,1,Tie,UNK-24,96.491,18.037,1,Weak (one-way),Across communities,C5 Gas pipeline & regulatory,7 Unknown role,0.00054,13,122
T1462,2,Tie,EMP-25,72.178,10.553,1,Weak (one-way),Across communities,C6 Trading & logistics desk (TRD-02),6 Employee / Specialist,0.00401,13,51
T1463,1,Tie,David Delainey,53.102,42.037,1,Weak (one-way),Within community,C1 Leadership core,1 Executive,0.00884,44,28
T1463,2,Tie,UNK-26,55.912,57.193,1,Weak (one-way),Within community,C1 Leadership core,7 Unknown role,0.00198,27,83
T1464,1,Tie,David Delainey,53.102,42.037,1,Weak (one-way),Across communities,C1 Leadership core,1 Executive,0.00884,44,28
T1464,2,Tie,DIR-01,69.375,45.275,1,Weak (one-way),Across communities,C2 Staff cluster around DIR-01,3 Director / MD,0.01936,50,9
T1465,1,Tie,David Delainey,53.102,42.037,1,Weak (one-way),Across communities,C1 Leadership core,1 Executive,0.00884,44,28
T1465,2,Tie,EMP-16,76.053,54.902,1,Weak (one-way),Across communities,C2 Staff cluster around DIR-01,6 Employee / Specialist,0.0037,23,56
T1466,1,Tie,David Delainey,53.102,42.037,1,Weak (one-way),Across communities,C1 Leadership core,1 Executive,0.00884,44,28
T1466,2,Tie,DIR-03,87.324,21.527,1,Weak (one-way),Across communities,C5 Gas pipeline & regulatory,3 Director / MD,0.00605,23,39
T1467,1,Tie,UNK-06,79.455,52.513,1,Weak (one-way),Within community,C2 Staff cluster around DIR-01,7 Unknown role,0.00323,23,64
T1467,2,Tie,UNK-08,71.713,40.4,1,Weak (one-way),Within community,C2 Staff cluster around DIR-01,7 Unknown role,0.00916,31,25
T1468,1,Tie,UNK-06,79.455,52.513,1,Weak (one-way),Across communities,C2 Staff cluster around DIR-01,7 Unknown role,0.00323,23,64
T1468,2,Tie,MGR-07,57.155,76.784,1,Weak (one-way),Across communities,C4 Real-time trading desk,4 Manager,0.01714,23,12
T1469,1,Tie,UNK-06,79.455,52.513,1,Weak (one-way),Across communities,C2 Staff cluster around DIR-01,7 Unknown role,0.00323,23,64
T1469,2,Tie,VP-18,35.303,56.167,1,Weak (one-way),Across communities,C1 Leadership core,2 Vice President,0.0019,20,86
T1470,1,Tie,UNK-10,76.803,42.413,1,Weak (one-way),Across communities,C2 Staff cluster around DIR-01,7 Unknown role,0.00572,28,41
T1470,2,Tie,UNK-27,27.228,17.741,1,Weak (one-way),Across communities,C3 Trading & logistics desk,7 Unknown role,0.01857,25,10
T1471,1,Tie,UNK-10,76.803,42.413,1,Weak (one-way),Across communities,C2 Staff cluster around DIR-01,7 Unknown role,0.00572,28,41
T1471,2,Tie,TRD-04,33.638,21.922,1,Weak (one-way),Across communities,C3 Trading & logistics desk,5 Trader,0.00325,28,63
T1472,1,Tie,TRD-05,54.232,84.49,1,Weak (one-way),Across communities,C4 Real-time trading desk,5 Trader,0.0086,16,31
T1472,2,Tie,VP-01,56.668,38.816,1,Weak (one-way),Across communities,C1 Leadership core,2 Vice President,0.00935,35,24
T1473,1,Tie,TRD-05,54.232,84.49,1,Weak (one-way),Across communities,C4 Real-time trading desk,5 Trader,0.0086,16,31
T1473,2,Tie,VP-09,51.177,56.265,1,Weak (one-way),Across communities,C1 Leadership core,2 Vice President,0.02052,51,8
T1474,1,Tie,TRD-05,54.232,84.49,1,Weak (one-way),Within community,C4 Real-time trading desk,5 Trader,0.0086,16,31
T1474,2,Tie,UNK-34,54.346,99.414,1,Weak (one-way),Within community,C4 Real-time trading desk,7 Unknown role,0.00013,8,143
T1475,1,Tie,TRD-02,64.748,22.504,1,Weak (one-way),Across communities,C6 Trading & logistics desk (TRD-02),5 Trader,0.00349,21,57
T1475,2,Tie,EMP-04,63.283,48.099,1,Weak (one-way),Across communities,C1 Leadership core,6 Employee / Specialist,0.00863,32,30
T1476,1,Tie,TRD-02,64.748,22.504,1,Weak (one-way),Across communities,C6 Trading & logistics desk (TRD-02),5 Trader,0.00349,21,57
T1476,2,Tie,Kenneth Lay,53.65,33.485,1,Weak (one-way),Across communities,C1 Leadership core,1 Executive,0.04035,62,5
T1477,1,Tie,TRD-02,64.748,22.504,1,Weak (one-way),Across communities,C6 Trading & logistics desk (TRD-02),5 Trader,0.00349,21,57
T1477,2,Tie,Sally Beck,28.287,54.57,1,Weak (one-way),Across communities,C1 Leadership core,1 Executive,0.10151,81,1
T1478,1,Tie,TRD-02,64.748,22.504,1,Weak (one-way),Across communities,C6 Trading & logistics desk (TRD-02),5 Trader,0.00349,21,57
T1478,2,Tie,UNK-31,64.486,59.831,1,Weak (one-way),Across communities,C2 Staff cluster around DIR-01,7 Unknown role,0.00825,25,33
T1479,1,Tie,VP-06,87.366,26.063,1,Weak (one-way),Across communities,C5 Gas pipeline & regulatory,2 Vice President,0.00853,29,32
T1479,2,Tie,VP-01,56.668,38.816,1,Weak (one-way),Across communities,C1 Leadership core,2 Vice President,0.00935,35,24
T1480,1,Tie,VP-06,87.366,26.063,1,Weak (one-way),Across communities,C5 Gas pipeline & regulatory,2 Vice President,0.00853,29,32
T1480,2,Tie,EMP-04,63.283,48.099,1,Weak (one-way),Across communities,C1 Leadership core,6 Employee / Specialist,0.00863,32,30
T1481,1,Tie,VP-06,87.366,26.063,1,Weak (one-way),Across communities,C5 Gas pipeline & regulatory,2 Vice President,0.00853,29,32
T1481,2,Tie,EMP-02,74.685,46.468,1,Weak (one-way),Across communities,C2 Staff cluster around DIR-01,6 Employee / Specialist,0.00962,37,22
T1482,1,Tie,VP-06,87.366,26.063,1,Weak (one-way),Across communities,C5 Gas pipeline & regulatory,2 Vice President,0.00853,29,32
T1482,2,Tie,VP-03,57.344,43.184,1,Weak (one-way),Across communities,C1 Leadership core,2 Vice President,0.00417,36,49
T1483,1,Tie,VP-06,87.366,26.063,1,Weak (one-way),Across communities,C5 Gas pipeline & regulatory,2 Vice President,0.00853,29,32
T1483,2,Tie,UNK-32,58.576,34.72,1,Weak (one-way),Across communities,C1 Leadership core,7 Unknown role,0.0002,10,140
T1484,1,Tie,VP-06,87.366,26.063,1,Weak (one-way),Across communities,C5 Gas pipeline & regulatory,2 Vice President,0.00853,29,32
T1484,2,Tie,VP-02,61.128,43.002,1,Weak (one-way),Across communities,C1 Leadership core,2 Vice President,0.00227,30,76
T1485,1,Tie,VP-06,87.366,26.063,1,Weak (one-way),Across communities,C5 Gas pipeline & regulatory,2 Vice President,0.00853,29,32
T1485,2,Tie,UNK-01,71.717,50.254,1,Weak (one-way),Across communities,C2 Staff cluster around DIR-01,7 Unknown role,0.00896,38,27
T1486,1,Tie,VP-06,87.366,26.063,1,Weak (one-way),Across communities,C5 Gas pipeline & regulatory,2 Vice President,0.00853,29,32
T1486,2,Tie,Jeffery Skilling,54.936,46.157,1,Weak (one-way),Across communities,C1 Leadership core,1 Executive,0.00251,32,71
T1487,1,Tie,VP-01,56.668,38.816,1,Weak (one-way),Within community,C1 Leadership core,2 Vice President,0.00935,35,24
T1487,2,Tie,VP-19,47.278,61.355,1,Weak (one-way),Within community,C1 Leadership core,2 Vice President,0.00109,19,105
T1488,1,Tie,VP-01,56.668,38.816,1,Weak (one-way),Within community,C1 Leadership core,2 Vice President,0.00935,35,24
T1488,2,Tie,VP-11,39.259,37.901,1,Weak (one-way),Within community,C1 Leadership core,2 Vice President,0.01084,46,19
T1489,1,Tie,VP-01,56.668,38.816,1,Weak (one-way),Within community,C1 Leadership core,2 Vice President,0.00935,35,24
T1489,2,Tie,VP-10,34.079,39.448,1,Weak (one-way),Within community,C1 Leadership core,2 Vice President,0.01489,50,14
T1490,1,Tie,VP-01,56.668,38.816,1,Weak (one-way),Within community,C1 Leadership core,2 Vice President,0.00935,35,24
T1490,2,Tie,Jeffery Skilling,54.936,46.157,1,Weak (one-way),Within community,C1 Leadership core,1 Executive,0.00251,32,71
T1491,1,Tie,VP-01,56.668,38.816,1,Weak (one-way),Within community,C1 Leadership core,2 Vice President,0.00935,35,24
T1491,2,Tie,Kenneth Lay,53.65,33.485,1,Weak (one-way),Within community,C1 Leadership core,1 Executive,0.04035,62,5
T1492,1,Tie,VP-01,56.668,38.816,1,Weak (one-way),Within community,C1 Leadership core,2 Vice President,0.00935,35,24
T1492,2,Tie,UNK-13,43.096,56.021,1,Weak (one-way),Within community,C1 Leadership core,7 Unknown role,0.09633,77,2
T1493,1,Tie,VP-01,56.668,38.816,1,Weak (one-way),Across communities,C1 Leadership core,2 Vice President,0.00935,35,24
T1493,2,Tie,UNK-12,56.107,18.185,1,Weak (one-way),Across communities,C7 Staff cluster around UNK-12,7 Unknown role,0.00274,20,69
T1494,1,Tie,UNK-39,61.38,11.1,1,Weak (one-way),Across communities,C6 Trading & logistics desk (TRD-02),7 Unknown role,0.00155,12,95
T1494,2,Tie,DIR-13,33.457,58.935,1,Weak (one-way),Across communities,C1 Leadership core,3 Director / MD,0.00094,17,111
T1495,1,Tie,UNK-39,61.38,11.1,1,Weak (one-way),Across communities,C6 Trading & logistics desk (TRD-02),7 Unknown role,0.00155,12,95
T1495,2,Tie,VP-09,51.177,56.265,1,Weak (one-way),Across communities,C1 Leadership core,2 Vice President,0.02052,51,8
T1496,1,Tie,UNK-16,39.842,29.775,1,Weak (one-way),Across communities,C3 Trading & logistics desk,7 Unknown role,0.00203,21,82
T1496,2,Tie,EMP-02,74.685,46.468,1,Weak (one-way),Across communities,C2 Staff cluster around DIR-01,6 Employee / Specialist,0.00962,37,22
T1497,1,Tie,UNK-16,39.842,29.775,1,Weak (one-way),Across communities,C3 Trading & logistics desk,7 Unknown role,0.00203,21,82
T1497,2,Tie,UNK-08,71.713,40.4,1,Weak (one-way),Across communities,C2 Staff cluster around DIR-01,7 Unknown role,0.00916,31,25
T1498,1,Tie,UNK-16,39.842,29.775,1,Weak (one-way),Across communities,C3 Trading & logistics desk,7 Unknown role,0.00203,21,82
T1498,2,Tie,MGR-02,45.315,40.729,1,Weak (one-way),Across communities,C1 Leadership core,4 Manager,0.0175,54,11
T1499,1,Tie,UNK-16,39.842,29.775,1,Weak (one-way),Across communities,C3 Trading & logistics desk,7 Unknown role,0.00203,21,82
T1499,2,Tie,Kenneth Lay,53.65,33.485,1,Weak (one-way),Across communities,C1 Leadership core,1 Executive,0.04035,62,5
T1500,1,Tie,UNK-16,39.842,29.775,1,Weak (one-way),Across communities,C3 Trading & logistics desk,7 Unknown role,0.00203,21,82
T1500,2,Tie,UNK-18,66.784,40.629,1,Weak (one-way),Across communities,C2 Staff cluster around DIR-01,7 Unknown role,0.00881,25,29
T1501,1,Tie,UNK-16,39.842,29.775,1,Weak (one-way),Across communities,C3 Trading & logistics desk,7 Unknown role,0.00203,21,82
T1501,2,Tie,UNK-30,70.103,59.382,1,Weak (one-way),Across communities,C2 Staff cluster around DIR-01,7 Unknown role,0.00022,10,139
T1502,1,Tie,UNK-16,39.842,29.775,1,Weak (one-way),Across communities,C3 Trading & logistics desk,7 Unknown role,0.00203,21,82
T1502,2,Tie,UNK-38,21.396,44.124,1,Weak (one-way),Across communities,C1 Leadership core,7 Unknown role,0.00057,16,120
T1503,1,Tie,DIR-02,59.18,52.06,1,Weak (one-way),Within community,C1 Leadership core,3 Director / MD,0.00907,40,26
T1503,2,Tie,EMP-01,62.027,38.131,1,Weak (one-way),Within community,C1 Leadership core,6 Employee / Specialist,0.0209,38,7
T1504,1,Tie,DIR-02,59.18,52.06,1,Weak (one-way),Within community,C1 Leadership core,3 Director / MD,0.00907,40,26
T1504,2,Tie,Sally Beck,28.287,54.57,1,Weak (one-way),Within community,C1 Leadership core,1 Executive,0.10151,81,1
T1505,1,Tie,EMP-04,63.283,48.099,1,Weak (one-way),Within community,C1 Leadership core,6 Employee / Specialist,0.00863,32,30
T1505,2,Tie,John Lavorato,38.979,45.415,1,Weak (one-way),Within community,C1 Leadership core,1 Executive,0.0922,90,3
T1506,1,Tie,EMP-04,63.283,48.099,1,Weak (one-way),Within community,C1 Leadership core,6 Employee / Specialist,0.00863,32,30
T1506,2,Tie,VP-18,35.303,56.167,1,Weak (one-way),Within community,C1 Leadership core,2 Vice President,0.0019,20,86
T1507,1,Tie,EMP-04,63.283,48.099,1,Weak (one-way),Within community,C1 Leadership core,6 Employee / Specialist,0.00863,32,30
T1507,2,Tie,UNK-21,59.246,57.418,1,Weak (one-way),Within community,C1 Leadership core,7 Unknown role,0.00101,13,108
T1508,1,Tie,EMP-04,63.283,48.099,1,Weak (one-way),Within community,C1 Leadership core,6 Employee / Specialist,0.00863,32,30
T1508,2,Tie,Sally Beck,28.287,54.57,1,Weak (one-way),Within community,C1 Leadership core,1 Executive,0.10151,81,1
T1509,1,Tie,TRD-01,37.205,23.423,1,Weak (one-way),Within community,C3 Trading & logistics desk,5 Trader,0.00193,21,84
T1509,2,Tie,EMP-12,30.256,29.16,1,Weak (one-way),Within community,C3 Trading & logistics desk,6 Employee / Specialist,0.01509,43,13
T1510,1,Tie,TRD-01,37.205,23.423,1,Weak (one-way),Within community,C3 Trading & logistics desk,5 Trader,0.00193,21,84
T1510,2,Tie,TRD-04,33.638,21.922,1,Weak (one-way),Within community,C3 Trading & logistics desk,5 Trader,0.00325,28,63
T1511,1,Tie,TRD-08,59.625,72.676,1,Weak (one-way),Across communities,C4 Real-time trading desk,5 Trader,0.00022,9,138
T1511,2,Tie,UNK-01,71.717,50.254,1,Weak (one-way),Across communities,C2 Staff cluster around DIR-01,7 Unknown role,0.00896,38,27
T1512,1,Tie,TRD-08,59.625,72.676,1,Weak (one-way),Across communities,C4 Real-time trading desk,5 Trader,0.00022,9,138
T1512,2,Tie,Sally Beck,28.287,54.57,1,Weak (one-way),Across communities,C1 Leadership core,1 Executive,0.10151,81,1
T1513,1,Tie,EMP-09,19.119,46.56,1,Weak (one-way),Within community,C1 Leadership core,6 Employee / Specialist,0.00223,16,79
T1513,2,Tie,Kenneth Lay,53.65,33.485,1,Weak (one-way),Within community,C1 Leadership core,1 Executive,0.04035,62,5
T1514,1,Tie,EMP-09,19.119,46.56,1,Weak (one-way),Within community,C1 Leadership core,6 Employee / Specialist,0.00223,16,79
T1514,2,Tie,Sally Beck,28.287,54.57,1,Weak (one-way),Within community,C1 Leadership core,1 Executive,0.10151,81,1
T1515,1,Tie,EMP-09,19.119,46.56,1,Weak (one-way),Across communities,C1 Leadership core,6 Employee / Specialist,0.00223,16,79
T1515,2,Tie,UNK-31,64.486,59.831,1,Weak (one-way),Across communities,C2 Staff cluster around DIR-01,7 Unknown role,0.00825,25,33
T1516,1,Tie,EMP-02,74.685,46.468,1,Weak (one-way),Across communities,C2 Staff cluster around DIR-01,6 Employee / Specialist,0.00962,37,22
T1516,2,Tie,VP-03,57.344,43.184,1,Weak (one-way),Across communities,C1 Leadership core,2 Vice President,0.00417,36,49
T1517,1,Tie,EMP-02,74.685,46.468,1,Weak (one-way),Across communities,C2 Staff cluster around DIR-01,6 Employee / Specialist,0.00962,37,22
T1517,2,Tie,VP-05,31.959,43.993,1,Weak (one-way),Across communities,C1 Leadership core,2 Vice President,0.00619,42,38
T1518,1,Tie,EMP-02,74.685,46.468,1,Weak (one-way),Within community,C2 Staff cluster around DIR-01,6 Employee / Specialist,0.00962,37,22
T1518,2,Tie,UNK-22,79.836,44.96,1,Weak (one-way),Within community,C2 Staff cluster around DIR-01,7 Unknown role,0.00246,23,72
T1519,1,Tie,EMP-02,74.685,46.468,1,Weak (one-way),Across communities,C2 Staff cluster around DIR-01,6 Employee / Specialist,0.00962,37,22
T1519,2,Tie,Jeffery Skilling,54.936,46.157,1,Weak (one-way),Across communities,C1 Leadership core,1 Executive,0.00251,32,71
T1520,1,Tie,EMP-02,74.685,46.468,1,Weak (one-way),Across communities,C2 Staff cluster around DIR-01,6 Employee / Specialist,0.00962,37,22
T1520,2,Tie,MGR-02,45.315,40.729,1,Weak (one-way),Across communities,C1 Leadership core,4 Manager,0.0175,54,11
T1521,1,Tie,EMP-02,74.685,46.468,1,Weak (one-way),Across communities,C2 Staff cluster around DIR-01,6 Employee / Specialist,0.00962,37,22
T1521,2,Tie,Kenneth Lay,53.65,33.485,1,Weak (one-way),Across communities,C1 Leadership core,1 Executive,0.04035,62,5
T1522,1,Tie,EMP-02,74.685,46.468,1,Weak (one-way),Across communities,C2 Staff cluster around DIR-01,6 Employee / Specialist,0.00962,37,22
T1522,2,Tie,UNK-13,43.096,56.021,1,Weak (one-way),Across communities,C1 Leadership core,7 Unknown role,0.09633,77,2
T1523,1,Tie,EMP-02,74.685,46.468,1,Weak (one-way),Within community,C2 Staff cluster around DIR-01,6 Employee / Specialist,0.00962,37,22
T1523,2,Tie,UNK-36,80.635,40.752,1,Weak (one-way),Within community,C2 Staff cluster around DIR-01,7 Unknown role,0.00134,16,101
T1524,1,Tie,EMP-02,74.685,46.468,1,Weak (one-way),Across communities,C2 Staff cluster around DIR-01,6 Employee / Specialist,0.00962,37,22
T1524,2,Tie,Sally Beck,28.287,54.57,1,Weak (one-way),Across communities,C1 Leadership core,1 Executive,0.10151,81,1
T1525,1,Tie,EMP-02,74.685,46.468,1,Weak (one-way),Within community,C2 Staff cluster around DIR-01,6 Employee / Specialist,0.00962,37,22
T1525,2,Tie,UNK-30,70.103,59.382,1,Weak (one-way),Within community,C2 Staff cluster around DIR-01,7 Unknown role,0.00022,10,139
T1526,1,Tie,EMP-02,74.685,46.468,1,Weak (one-way),Across communities,C2 Staff cluster around DIR-01,6 Employee / Specialist,0.00962,37,22
T1526,2,Tie,TRD-04,33.638,21.922,1,Weak (one-way),Across communities,C3 Trading & logistics desk,5 Trader,0.00325,28,63
T1527,1,Tie,DIR-11,29.851,40.726,1,Weak (one-way),Within community,C1 Leadership core,3 Director / MD,0.00164,23,92
T1527,2,Tie,Greg Whalley,48.76,51.913,1,Weak (one-way),Within community,C1 Leadership core,1 Executive,0.00335,36,60
T1528,1,Tie,DIR-11,29.851,40.726,1,Weak (one-way),Within community,C1 Leadership core,3 Director / MD,0.00164,23,92
T1528,2,Tie,UNK-19,24.57,43.021,1,Weak (one-way),Within community,C1 Leadership core,7 Unknown role,0.0029,26,67
T1529,1,Tie,DIR-11,29.851,40.726,1,Weak (one-way),Within community,C1 Leadership core,3 Director / MD,0.00164,23,92
T1529,2,Tie,UNK-43,34.963,61.544,1,Weak (one-way),Within community,C1 Leadership core,7 Unknown role,0.00034,10,135
T1530,1,Tie,DIR-11,29.851,40.726,1,Weak (one-way),Across communities,C1 Leadership core,3 Director / MD,0.00164,23,92
T1530,2,Tie,UNK-36,80.635,40.752,1,Weak (one-way),Across communities,C2 Staff cluster around DIR-01,7 Unknown role,0.00134,16,101
T1531,1,Tie,DIR-11,29.851,40.726,1,Weak (one-way),Within community,C1 Leadership core,3 Director / MD,0.00164,23,92
T1531,2,Tie,Sally Beck,28.287,54.57,1,Weak (one-way),Within community,C1 Leadership core,1 Executive,0.10151,81,1
T1532,1,Tie,DIR-11,29.851,40.726,1,Weak (one-way),Within community,C1 Leadership core,3 Director / MD,0.00164,23,92
T1532,2,Tie,UNK-38,21.396,44.124,1,Weak (one-way),Within community,C1 Leadership core,7 Unknown role,0.00057,16,120
T1533,1,Tie,EMP-25,72.178,10.553,1,Weak (one-way),Within community,C6 Trading & logistics desk (TRD-02),6 Employee / Specialist,0.00401,13,51
T1533,2,Tie,EMP-24,69.68,21.391,1,Weak (one-way),Within community,C6 Trading & logistics desk (TRD-02),6 Employee / Specialist,0.00087,11,112
T1534,1,Tie,EMP-25,72.178,10.553,1,Weak (one-way),Across communities,C6 Trading & logistics desk (TRD-02),6 Employee / Specialist,0.00401,13,51
T1534,2,Tie,Sally Beck,28.287,54.57,1,Weak (one-way),Across communities,C1 Leadership core,1 Executive,0.10151,81,1
T1535,1,Tie,EMP-25,72.178,10.553,1,Weak (one-way),Across communities,C6 Trading & logistics desk (TRD-02),6 Employee / Specialist,0.00401,13,51
T1535,2,Tie,MGR-06,98.418,20.504,1,Weak (one-way),Across communities,C5 Gas pipeline & regulatory,4 Manager,0.00126,16,102
T1536,1,Tie,EMP-27,28.066,43.602,1,Weak (one-way),Across communities,C1 Leadership core,6 Employee / Specialist,0.00147,24,98
T1536,2,Tie,UNK-30,70.103,59.382,1,Weak (one-way),Across communities,C2 Staff cluster around DIR-01,7 Unknown role,0.00022,10,139
T1537,1,Tie,EMP-27,28.066,43.602,1,Weak (one-way),Across communities,C1 Leadership core,6 Employee / Specialist,0.00147,24,98
T1537,2,Tie,TRD-04,33.638,21.922,1,Weak (one-way),Across communities,C3 Trading & logistics desk,5 Trader,0.00325,28,63
T1538,1,Tie,EMP-27,28.066,43.602,1,Weak (one-way),Across communities,C1 Leadership core,6 Employee / Specialist,0.00147,24,98
T1538,2,Tie,MGR-08,24.114,26.293,1,Weak (one-way),Across communities,C3 Trading & logistics desk,4 Manager,0.00176,23,90
T1539,1,Tie,EMP-27,28.066,43.602,1,Weak (one-way),Across communities,C1 Leadership core,6 Employee / Specialist,0.00147,24,98
T1539,2,Tie,UNK-20,34.304,25.772,1,Weak (one-way),Across communities,C3 Trading & logistics desk,7 Unknown role,0.00398,32,53
T1540,1,Tie,EMP-27,28.066,43.602,1,Weak (one-way),Within community,C1 Leadership core,6 Employee / Specialist,0.00147,24,98
T1540,2,Tie,Sally Beck,28.287,54.57,1,Weak (one-way),Within community,C1 Leadership core,1 Executive,0.10151,81,1
T1541,1,Tie,VP-15,36.691,52.362,1,Weak (one-way),Within community,C1 Leadership core,2 Vice President,0.00777,42,34
T1541,2,Tie,DIR-10,30.08,37.093,1,Weak (one-way),Within community,C1 Leadership core,3 Director / MD,0.00336,28,59
T1542,1,Tie,VP-15,36.691,52.362,1,Weak (one-way),Within community,C1 Leadership core,2 Vice President,0.00777,42,34
T1542,2,Tie,VP-19,47.278,61.355,1,Weak (one-way),Within community,C1 Leadership core,2 Vice President,0.00109,19,105
T1543,1,Tie,VP-15,36.691,52.362,1,Weak (one-way),Within community,C1 Leadership core,2 Vice President,0.00777,42,34
T1543,2,Tie,DIR-13,33.457,58.935,1,Weak (one-way),Within community,C1 Leadership core,3 Director / MD,0.00094,17,111
T1544,1,Tie,VP-15,36.691,52.362,1,Weak (one-way),Within community,C1 Leadership core,2 Vice President,0.00777,42,34
T1544,2,Tie,MGR-03,49.98,38.558,1,Weak (one-way),Within community,C1 Leadership core,4 Manager,0.00775,38,35
T1545,1,Tie,VP-15,36.691,52.362,1,Weak (one-way),Within community,C1 Leadership core,2 Vice President,0.00777,42,34
T1545,2,Tie,DIR-08,29.195,47.035,1,Weak (one-way),Within community,C1 Leadership core,3 Director / MD,0.00342,30,58
T1546,1,Tie,VP-15,36.691,52.362,1,Weak (one-way),Within community,C1 Leadership core,2 Vice President,0.00777,42,34
T1546,2,Tie,Kenneth Lay,53.65,33.485,1,Weak (one-way),Within community,C1 Leadership core,1 Executive,0.04035,62,5
T1547,1,Tie,VP-15,36.691,52.362,1,Weak (one-way),Across communities,C1 Leadership core,2 Vice President,0.00777,42,34
T1547,2,Tie,MGR-08,24.114,26.293,1,Weak (one-way),Across communities,C3 Trading & logistics desk,4 Manager,0.00176,23,90
T1548,1,Tie,VP-15,36.691,52.362,1,Weak (one-way),Across communities,C1 Leadership core,2 Vice President,0.00777,42,34
T1548,2,Tie,UNK-01,71.717,50.254,1,Weak (one-way),Across communities,C2 Staff cluster around DIR-01,7 Unknown role,0.00896,38,27
T1549,1,Tie,VP-15,36.691,52.362,1,Weak (one-way),Across communities,C1 Leadership core,2 Vice President,0.00777,42,34
T1549,2,Tie,TRD-04,33.638,21.922,1,Weak (one-way),Across communities,C3 Trading & logistics desk,5 Trader,0.00325,28,63
T1550,1,Tie,VP-15,36.691,52.362,1,Weak (one-way),Across communities,C1 Leadership core,2 Vice President,0.00777,42,34
T1550,2,Tie,UNK-31,64.486,59.831,1,Weak (one-way),Across communities,C2 Staff cluster around DIR-01,7 Unknown role,0.00825,25,33
T1551,1,Tie,DIR-09,24.026,20.949,1,Weak (one-way),Within community,C3 Trading & logistics desk,3 Director / MD,0.00119,19,103
T1551,2,Tie,UNK-40,21.333,17.747,1,Weak (one-way),Within community,C3 Trading & logistics desk,7 Unknown role,0.00039,14,130
T1552,1,Tie,DIR-09,24.026,20.949,1,Weak (one-way),Across communities,C3 Trading & logistics desk,3 Director / MD,0.00119,19,103
T1552,2,Tie,Sally Beck,28.287,54.57,1,Weak (one-way),Across communities,C1 Leadership core,1 Executive,0.10151,81,1
T1553,1,Tie,DIR-09,24.026,20.949,1,Weak (one-way),Across communities,C3 Trading & logistics desk,3 Director / MD,0.00119,19,103
T1553,2,Tie,EMP-23,53.353,10.749,1,Weak (one-way),Across communities,C7 Staff cluster around UNK-12,6 Employee / Specialist,0.00046,11,126
T1554,1,Tie,DIR-09,24.026,20.949,1,Weak (one-way),Within community,C3 Trading & logistics desk,3 Director / MD,0.00119,19,103
T1554,2,Tie,TRD-04,33.638,21.922,1,Weak (one-way),Within community,C3 Trading & logistics desk,5 Trader,0.00325,28,63
T1555,1,Tie,EMP-21,50.159,95.273,1,Weak (one-way),Within community,C4 Real-time trading desk,6 Employee / Specialist,0.00069,10,115
T1555,2,Tie,EMP-34,60.099,98.207,1,Weak (one-way),Within community,C4 Real-time trading desk,6 Employee / Specialist,0.00212,9,80
T1556,1,Tie,DIR-10,30.08,37.093,1,Weak (one-way),Across communities,C1 Leadership core,3 Director / MD,0.00336,28,59
T1556,2,Tie,DIR-01,69.375,45.275,1,Weak (one-way),Across communities,C2 Staff cluster around DIR-01,3 Director / MD,0.01936,50,9
T1557,1,Tie,DIR-10,30.08,37.093,1,Weak (one-way),Across communities,C1 Leadership core,3 Director / MD,0.00336,28,59
T1557,2,Tie,TRD-10,71.128,36.5,1,Weak (one-way),Across communities,C2 Staff cluster around DIR-01,5 Trader,0.00074,14,113
T1558,1,Tie,DIR-10,30.08,37.093,1,Weak (one-way),Within community,C1 Leadership core,3 Director / MD,0.00336,28,59
T1558,2,Tie,UNK-19,24.57,43.021,1,Weak (one-way),Within community,C1 Leadership core,7 Unknown role,0.0029,26,67
T1559,1,Tie,DIR-10,30.08,37.093,1,Weak (one-way),Within community,C1 Leadership core,3 Director / MD,0.00336,28,59
T1559,2,Tie,DIR-08,29.195,47.035,1,Weak (one-way),Within community,C1 Leadership core,3 Director / MD,0.00342,30,58
T1560,1,Tie,DIR-10,30.08,37.093,1,Weak (one-way),Across communities,C1 Leadership core,3 Director / MD,0.00336,28,59
T1560,2,Tie,EMP-12,30.256,29.16,1,Weak (one-way),Across communities,C3 Trading & logistics desk,6 Employee / Specialist,0.01509,43,13
T1561,1,Tie,DIR-10,30.08,37.093,1,Weak (one-way),Across communities,C1 Leadership core,3 Director / MD,0.00336,28,59
T1561,2,Tie,UNK-36,80.635,40.752,1,Weak (one-way),Across communities,C2 Staff cluster around DIR-01,7 Unknown role,0.00134,16,101
T1562,1,Tie,DIR-10,30.08,37.093,1,Weak (one-way),Across communities,C1 Leadership core,3 Director / MD,0.00336,28,59
T1562,2,Tie,UNK-29,30.31,20.866,1,Weak (one-way),Across communities,C3 Trading & logistics desk,7 Unknown role,0.00053,17,124
T1563,1,Tie,DIR-10,30.08,37.093,1,Weak (one-way),Within community,C1 Leadership core,3 Director / MD,0.00336,28,59
T1563,2,Tie,UNK-26,55.912,57.193,1,Weak (one-way),Within community,C1 Leadership core,7 Unknown role,0.00198,27,83
T1564,1,Tie,DIR-10,30.08,37.093,1,Weak (one-way),Across communities,C1 Leadership core,3 Director / MD,0.00336,28,59
T1564,2,Tie,MGR-01,35.494,30.233,1,Weak (one-way),Across communities,C3 Trading & logistics desk,4 Manager,0.01291,48,17
T1565,1,Tie,DIR-10,30.08,37.093,1,Weak (one-way),Across communities,C1 Leadership core,3 Director / MD,0.00336,28,59
T1565,2,Tie,TRD-04,33.638,21.922,1,Weak (one-way),Across communities,C3 Trading & logistics desk,5 Trader,0.00325,28,63
T1566,1,Tie,DIR-10,30.08,37.093,1,Weak (one-way),Within community,C1 Leadership core,3 Director / MD,0.00336,28,59
T1566,2,Tie,UNK-38,21.396,44.124,1,Weak (one-way),Within community,C1 Leadership core,7 Unknown role,0.00057,16,120
T1567,1,Tie,DIR-10,30.08,37.093,1,Weak (one-way),Across communities,C1 Leadership core,3 Director / MD,0.00336,28,59
T1567,2,Tie,UNK-31,64.486,59.831,1,Weak (one-way),Across communities,C2 Staff cluster around DIR-01,7 Unknown role,0.00825,25,33
T1568,1,Tie,UNK-08,71.713,40.4,1,Weak (one-way),Within community,C2 Staff cluster around DIR-01,7 Unknown role,0.00916,31,25
T1568,2,Tie,UNK-22,79.836,44.96,1,Weak (one-way),Within community,C2 Staff cluster around DIR-01,7 Unknown role,0.00246,23,72
T1569,1,Tie,UNK-08,71.713,40.4,1,Weak (one-way),Within community,C2 Staff cluster around DIR-01,7 Unknown role,0.00916,31,25
T1569,2,Tie,UNK-02,78.472,48.307,1,Weak (one-way),Within community,C2 Staff cluster around DIR-01,7 Unknown role,0.00225,26,78
T1570,1,Tie,UNK-08,71.713,40.4,1,Weak (one-way),Within community,C2 Staff cluster around DIR-01,7 Unknown role,0.00916,31,25
T1570,2,Tie,UNK-01,71.717,50.254,1,Weak (one-way),Within community,C2 Staff cluster around DIR-01,7 Unknown role,0.00896,38,27
T1571,1,Tie,Greg Whalley,48.76,51.913,1,Weak (one-way),Within community,C1 Leadership core,1 Executive,0.00335,36,60
T1571,2,Tie,VP-10,34.079,39.448,1,Weak (one-way),Within community,C1 Leadership core,2 Vice President,0.01489,50,14
T1572,1,Tie,Greg Whalley,48.76,51.913,1,Weak (one-way),Within community,C1 Leadership core,1 Executive,0.00335,36,60
T1572,2,Tie,EMP-15,62.704,54.179,1,Weak (one-way),Within community,C1 Leadership core,6 Employee / Specialist,0.0018,22,89
T1573,1,Tie,Greg Whalley,48.76,51.913,1,Weak (one-way),Within community,C1 Leadership core,1 Executive,0.00335,36,60
T1573,2,Tie,VP-18,35.303,56.167,1,Weak (one-way),Within community,C1 Leadership core,2 Vice President,0.0019,20,86
T1574,1,Tie,Greg Whalley,48.76,51.913,1,Weak (one-way),Within community,C1 Leadership core,1 Executive,0.00335,36,60
T1574,2,Tie,UNK-26,55.912,57.193,1,Weak (one-way),Within community,C1 Leadership core,7 Unknown role,0.00198,27,83
T1575,1,Tie,VP-19,47.278,61.355,1,Weak (one-way),Within community,C1 Leadership core,2 Vice President,0.00109,19,105
T1575,2,Tie,Jeffery Skilling,54.936,46.157,1,Weak (one-way),Within community,C1 Leadership core,1 Executive,0.00251,32,71
T1576,1,Tie,VP-19,47.278,61.355,1,Weak (one-way),Within community,C1 Leadership core,2 Vice President,0.00109,19,105
T1576,2,Tie,TRD-11,23.077,58.65,1,Weak (one-way),Within community,C1 Leadership core,5 Trader,0.00037,12,133
T1577,1,Tie,VP-19,47.278,61.355,1,Weak (one-way),Within community,C1 Leadership core,2 Vice President,0.00109,19,105
T1577,2,Tie,Kenneth Lay,53.65,33.485,1,Weak (one-way),Within community,C1 Leadership core,1 Executive,0.04035,62,5
T1578,1,Tie,VP-19,47.278,61.355,1,Weak (one-way),Within community,C1 Leadership core,2 Vice President,0.00109,19,105
T1578,2,Tie,Sally Beck,28.287,54.57,1,Weak (one-way),Within community,C1 Leadership core,1 Executive,0.10151,81,1
T1579,1,Tie,EMP-26,54.667,96.295,1,Weak (one-way),Within community,C4 Real-time trading desk,6 Employee / Specialist,0.00183,10,88
T1579,2,Tie,EMP-34,60.099,98.207,1,Weak (one-way),Within community,C4 Real-time trading desk,6 Employee / Specialist,0.00212,9,80
T1580,1,Tie,EMP-26,54.667,96.295,1,Weak (one-way),Within community,C4 Real-time trading desk,6 Employee / Specialist,0.00183,10,88
T1580,2,Tie,EMP-32,60.352,93.756,1,Weak (one-way),Within community,C4 Real-time trading desk,6 Employee / Specialist,0.00037,9,132
T1581,1,Tie,VP-11,39.259,37.901,1,Weak (one-way),Within community,C1 Leadership core,2 Vice President,0.01084,46,19
T1581,2,Tie,UNK-19,24.57,43.021,1,Weak (one-way),Within community,C1 Leadership core,7 Unknown role,0.0029,26,67
T1582,1,Tie,VP-11,39.259,37.901,1,Weak (one-way),Within community,C1 Leadership core,2 Vice President,0.01084,46,19
T1582,2,Tie,VP-18,35.303,56.167,1,Weak (one-way),Within community,C1 Leadership core,2 Vice President,0.0019,20,86
T1583,1,Tie,VP-11,39.259,37.901,1,Weak (one-way),Across communities,C1 Leadership core,2 Vice President,0.01084,46,19
T1583,2,Tie,DIR-04,27.548,32.805,1,Weak (one-way),Across communities,C3 Trading & logistics desk,3 Director / MD,0.00233,26,74
T1584,1,Tie,VP-11,39.259,37.901,1,Weak (one-way),Within community,C1 Leadership core,2 Vice President,0.01084,46,19
T1584,2,Tie,Kenneth Lay,53.65,33.485,1,Weak (one-way),Within community,C1 Leadership core,1 Executive,0.04035,62,5
T1585,1,Tie,VP-11,39.259,37.901,1,Weak (one-way),Across communities,C1 Leadership core,2 Vice President,0.01084,46,19
T1585,2,Tie,UNK-09,32.175,33.629,1,Weak (one-way),Across communities,C3 Trading & logistics desk,7 Unknown role,0.00544,32,42
T1586,1,Tie,VP-11,39.259,37.901,1,Weak (one-way),Across communities,C1 Leadership core,2 Vice President,0.01084,46,19
T1586,2,Tie,UNK-20,34.304,25.772,1,Weak (one-way),Across communities,C3 Trading & logistics desk,7 Unknown role,0.00398,32,53
T1587,1,Tie,VP-11,39.259,37.901,1,Weak (one-way),Across communities,C1 Leadership core,2 Vice President,0.01084,46,19
T1587,2,Tie,Stanley Horton,79.267,30.357,1,Weak (one-way),Across communities,C5 Gas pipeline & regulatory,1 Executive,0.01057,33,20
T1588,1,Tie,EMP-15,62.704,54.179,1,Weak (one-way),Across communities,C1 Leadership core,6 Employee / Specialist,0.0018,22,89
T1588,2,Tie,UNK-17,96.938,23.462,1,Weak (one-way),Across communities,C5 Gas pipeline & regulatory,7 Unknown role,0.00138,15,99
T1589,1,Tie,EMP-15,62.704,54.179,1,Weak (one-way),Within community,C1 Leadership core,6 Employee / Specialist,0.0018,22,89
T1589,2,Tie,MGR-03,49.98,38.558,1,Weak (one-way),Within community,C1 Leadership core,4 Manager,0.00775,38,35
T1590,1,Tie,EMP-15,62.704,54.179,1,Weak (one-way),Within community,C1 Leadership core,6 Employee / Specialist,0.0018,22,89
T1590,2,Tie,John Lavorato,38.979,45.415,1,Weak (one-way),Within community,C1 Leadership core,1 Executive,0.0922,90,3
T1591,1,Tie,EMP-15,62.704,54.179,1,Weak (one-way),Within community,C1 Leadership core,6 Employee / Specialist,0.0018,22,89
T1591,2,Tie,VP-02,61.128,43.002,1,Weak (one-way),Within community,C1 Leadership core,2 Vice President,0.00227,30,76
T1592,1,Tie,EMP-15,62.704,54.179,1,Weak (one-way),Within community,C1 Leadership core,6 Employee / Specialist,0.0018,22,89
T1592,2,Tie,Sally Beck,28.287,54.57,1,Weak (one-way),Within community,C1 Leadership core,1 Executive,0.10151,81,1
T1593,1,Tie,VP-13,30.535,24.387,1,Weak (one-way),Within community,C3 Trading & logistics desk,2 Vice President,0.00448,28,47
T1593,2,Tie,UNK-28,22.335,23.619,1,Weak (one-way),Within community,C3 Trading & logistics desk,7 Unknown role,0.00053,18,123
T1594,1,Tie,VP-13,30.535,24.387,1,Weak (one-way),Within community,C3 Trading & logistics desk,2 Vice President,0.00448,28,47
T1594,2,Tie,UNK-40,21.333,17.747,1,Weak (one-way),Within community,C3 Trading & logistics desk,7 Unknown role,0.00039,14,130
T1595,1,Tie,VP-13,30.535,24.387,1,Weak (one-way),Within community,C3 Trading & logistics desk,2 Vice President,0.00448,28,47
T1595,2,Tie,MGR-08,24.114,26.293,1,Weak (one-way),Within community,C3 Trading & logistics desk,4 Manager,0.00176,23,90
T1596,1,Tie,VP-13,30.535,24.387,1,Weak (one-way),Across communities,C3 Trading & logistics desk,2 Vice President,0.00448,28,47
T1596,2,Tie,VP-02,61.128,43.002,1,Weak (one-way),Across communities,C1 Leadership core,2 Vice President,0.00227,30,76
T1597,1,Tie,VP-13,30.535,24.387,1,Weak (one-way),Across communities,C3 Trading & logistics desk,2 Vice President,0.00448,28,47
T1597,2,Tie,EMP-31,73.852,57.529,1,Weak (one-way),Across communities,C2 Staff cluster around DIR-01,6 Employee / Specialist,0.00046,9,125
T1598,1,Tie,VP-13,30.535,24.387,1,Weak (one-way),Across communities,C3 Trading & logistics desk,2 Vice President,0.00448,28,47
T1598,2,Tie,UNK-38,21.396,44.124,1,Weak (one-way),Across communities,C1 Leadership core,7 Unknown role,0.00057,16,120
T1599,1,Tie,UNK-22,79.836,44.96,1,Weak (one-way),Across communities,C2 Staff cluster around DIR-01,7 Unknown role,0.00246,23,72
T1599,2,Tie,UNK-11,55.402,49.902,1,Weak (one-way),Across communities,C1 Leadership core,7 Unknown role,0.0023,26,75
T1600,1,Tie,UNK-22,79.836,44.96,1,Weak (one-way),Across communities,C2 Staff cluster around DIR-01,7 Unknown role,0.00246,23,72
T1600,2,Tie,VP-05,31.959,43.993,1,Weak (one-way),Across communities,C1 Leadership core,2 Vice President,0.00619,42,38
T1601,1,Tie,UNK-22,79.836,44.96,1,Weak (one-way),Across communities,C2 Staff cluster around DIR-01,7 Unknown role,0.00246,23,72
T1601,2,Tie,MGR-02,45.315,40.729,1,Weak (one-way),Across communities,C1 Leadership core,4 Manager,0.0175,54,11
T1602,1,Tie,UNK-22,79.836,44.96,1,Weak (one-way),Across communities,C2 Staff cluster around DIR-01,7 Unknown role,0.00246,23,72
T1602,2,Tie,VP-10,34.079,39.448,1,Weak (one-way),Across communities,C1 Leadership core,2 Vice President,0.01489,50,14
T1603,1,Tie,UNK-22,79.836,44.96,1,Weak (one-way),Within community,C2 Staff cluster around DIR-01,7 Unknown role,0.00246,23,72
T1603,2,Tie,UNK-36,80.635,40.752,1,Weak (one-way),Within community,C2 Staff cluster around DIR-01,7 Unknown role,0.00134,16,101
T1604,1,Tie,UNK-28,22.335,23.619,1,Weak (one-way),Within community,C3 Trading & logistics desk,7 Unknown role,0.00053,18,123
T1604,2,Tie,EMP-19,33.272,18.097,1,Weak (one-way),Within community,C3 Trading & logistics desk,6 Employee / Specialist,0.00335,27,61
T1605,1,Tie,UNK-28,22.335,23.619,1,Weak (one-way),Across communities,C3 Trading & logistics desk,7 Unknown role,0.00053,18,123
T1605,2,Tie,John Lavorato,38.979,45.415,1,Weak (one-way),Across communities,C1 Leadership core,1 Executive,0.0922,90,3
T1606,1,Tie,UNK-28,22.335,23.619,1,Weak (one-way),Within community,C3 Trading & logistics desk,7 Unknown role,0.00053,18,123
T1606,2,Tie,DIR-04,27.548,32.805,1,Weak (one-way),Within community,C3 Trading & logistics desk,3 Director / MD,0.00233,26,74
T1607,1,Tie,UNK-28,22.335,23.619,1,Weak (one-way),Across communities,C3 Trading & logistics desk,7 Unknown role,0.00053,18,123
T1607,2,Tie,Kenneth Lay,53.65,33.485,1,Weak (one-way),Across communities,C1 Leadership core,1 Executive,0.04035,62,5
T1608,1,Tie,UNK-28,22.335,23.619,1,Weak (one-way),Within community,C3 Trading & logistics desk,7 Unknown role,0.00053,18,123
T1608,2,Tie,UNK-29,30.31,20.866,1,Weak (one-way),Within community,C3 Trading & logistics desk,7 Unknown role,0.00053,17,124
T1609,1,Tie,EMP-19,33.272,18.097,1,Weak (one-way),Within community,C3 Trading & logistics desk,6 Employee / Specialist,0.00335,27,61
T1609,2,Tie,UNK-40,21.333,17.747,1,Weak (one-way),Within community,C3 Trading & logistics desk,7 Unknown role,0.00039,14,130
T1610,1,Tie,EMP-19,33.272,18.097,1,Weak (one-way),Across communities,C3 Trading & logistics desk,6 Employee / Specialist,0.00335,27,61
T1610,2,Tie,Kenneth Lay,53.65,33.485,1,Weak (one-way),Across communities,C1 Leadership core,1 Executive,0.04035,62,5
T1611,1,Tie,EMP-01,62.027,38.131,1,Weak (one-way),Across communities,C1 Leadership core,6 Employee / Specialist,0.0209,38,7
T1611,2,Tie,DIR-01,69.375,45.275,1,Weak (one-way),Across communities,C2 Staff cluster around DIR-01,3 Director / MD,0.01936,50,9
T1612,1,Tie,EMP-01,62.027,38.131,1,Weak (one-way),Across communities,C1 Leadership core,6 Employee / Specialist,0.0209,38,7
T1612,2,Tie,MGR-07,57.155,76.784,1,Weak (one-way),Across communities,C4 Real-time trading desk,4 Manager,0.01714,23,12
T1613,1,Tie,EMP-01,62.027,38.131,1,Weak (one-way),Within community,C1 Leadership core,6 Employee / Specialist,0.0209,38,7
T1613,2,Tie,Kenneth Lay,53.65,33.485,1,Weak (one-way),Within community,C1 Leadership core,1 Executive,0.04035,62,5
T1614,1,Tie,EMP-01,62.027,38.131,1,Weak (one-way),Across communities,C1 Leadership core,6 Employee / Specialist,0.0209,38,7
T1614,2,Tie,EMP-10,92.952,22.325,1,Weak (one-way),Across communities,C5 Gas pipeline & regulatory,6 Employee / Specialist,0.00065,16,116
T1615,1,Tie,EMP-01,62.027,38.131,1,Weak (one-way),Within community,C1 Leadership core,6 Employee / Specialist,0.0209,38,7
T1615,2,Tie,MGR-04,52.35,51.586,1,Weak (one-way),Within community,C1 Leadership core,4 Manager,0.00157,26,94
T1616,1,Tie,EMP-01,62.027,38.131,1,Weak (one-way),Across communities,C1 Leadership core,6 Employee / Specialist,0.0209,38,7
T1616,2,Tie,MGR-06,98.418,20.504,1,Weak (one-way),Across communities,C5 Gas pipeline & regulatory,4 Manager,0.00126,16,102
T1617,1,Tie,MGR-12,65.006,30.431,1,Weak (one-way),Across communities,C6 Trading & logistics desk (TRD-02),4 Manager,0.00045,13,127
T1617,2,Tie,TRD-11,23.077,58.65,1,Weak (one-way),Across communities,C1 Leadership core,5 Trader,0.00037,12,133
T1618,1,Tie,MGR-12,65.006,30.431,1,Weak (one-way),Across communities,C6 Trading & logistics desk (TRD-02),4 Manager,0.00045,13,127
T1618,2,Tie,Sally Beck,28.287,54.57,1,Weak (one-way),Across communities,C1 Leadership core,1 Executive,0.10151,81,1
T1619,1,Tie,DIR-01,69.375,45.275,1,Weak (one-way),Within community,C2 Staff cluster around DIR-01,3 Director / MD,0.01936,50,9
T1619,2,Tie,EMP-20,65.93,56.348,1,Weak (one-way),Within community,C2 Staff cluster around DIR-01,6 Employee / Specialist,0.00015,10,142
T1620,1,Tie,DIR-01,69.375,45.275,1,Weak (one-way),Within community,C2 Staff cluster around DIR-01,3 Director / MD,0.01936,50,9
T1620,2,Tie,UNK-36,80.635,40.752,1,Weak (one-way),Within community,C2 Staff cluster around DIR-01,7 Unknown role,0.00134,16,101
T1621,1,Tie,DIR-01,69.375,45.275,1,Weak (one-way),Across communities,C2 Staff cluster around DIR-01,3 Director / MD,0.01936,50,9
T1621,2,Tie,Rod Hayslett,90.003,30.046,1,Weak (one-way),Across communities,C5 Gas pipeline & regulatory,1 Executive,0.00951,26,23
T1622,1,Tie,DIR-01,69.375,45.275,1,Weak (one-way),Across communities,C2 Staff cluster around DIR-01,3 Director / MD,0.01936,50,9
T1622,2,Tie,UNK-21,59.246,57.418,1,Weak (one-way),Across communities,C1 Leadership core,7 Unknown role,0.00101,13,108
T1623,1,Tie,DIR-01,69.375,45.275,1,Weak (one-way),Across communities,C2 Staff cluster around DIR-01,3 Director / MD,0.01936,50,9
T1623,2,Tie,VP-05,31.959,43.993,1,Weak (one-way),Across communities,C1 Leadership core,2 Vice President,0.00619,42,38
T1624,1,Tie,DIR-01,69.375,45.275,1,Weak (one-way),Across communities,C2 Staff cluster around DIR-01,3 Director / MD,0.01936,50,9
T1624,2,Tie,John Lavorato,38.979,45.415,1,Weak (one-way),Across communities,C1 Leadership core,1 Executive,0.0922,90,3
T1625,1,Tie,DIR-01,69.375,45.275,1,Weak (one-way),Across communities,C2 Staff cluster around DIR-01,3 Director / MD,0.01936,50,9
T1625,2,Tie,DIR-08,29.195,47.035,1,Weak (one-way),Across communities,C1 Leadership core,3 Director / MD,0.00342,30,58
T1626,1,Tie,DIR-01,69.375,45.275,1,Weak (one-way),Within community,C2 Staff cluster around DIR-01,3 Director / MD,0.01936,50,9
T1626,2,Tie,UNK-18,66.784,40.629,1,Weak (one-way),Within community,C2 Staff cluster around DIR-01,7 Unknown role,0.00881,25,29
T1627,1,Tie,DIR-01,69.375,45.275,1,Weak (one-way),Across communities,C2 Staff cluster around DIR-01,3 Director / MD,0.01936,50,9
T1627,2,Tie,VP-02,61.128,43.002,1,Weak (one-way),Across communities,C1 Leadership core,2 Vice President,0.00227,30,76
T1628,1,Tie,Jeffery Skilling,54.936,46.157,1,Weak (one-way),Within community,C1 Leadership core,1 Executive,0.00251,32,71
T1628,2,Tie,VP-09,51.177,56.265,1,Weak (one-way),Within community,C1 Leadership core,2 Vice President,0.02052,51,8
T1629,1,Tie,Jeffery Skilling,54.936,46.157,1,Weak (one-way),Across communities,C1 Leadership core,1 Executive,0.00251,32,71
T1629,2,Tie,UNK-12,56.107,18.185,1,Weak (one-way),Across communities,C7 Staff cluster around UNK-12,7 Unknown role,0.00274,20,69
T1630,1,Tie,Jeffery Skilling,54.936,46.157,1,Weak (one-way),Across communities,C1 Leadership core,1 Executive,0.00251,32,71
T1630,2,Tie,VP-07,83.649,23.867,1,Weak (one-way),Across communities,C5 Gas pipeline & regulatory,2 Vice President,0.00379,23,54
T1631,1,Tie,Jeffery Skilling,54.936,46.157,1,Weak (one-way),Within community,C1 Leadership core,1 Executive,0.00251,32,71
T1631,2,Tie,TRD-07,35.705,35.251,1,Weak (one-way),Within community,C1 Leadership core,5 Trader,0.00211,23,81
T1632,1,Tie,Jeffery Skilling,54.936,46.157,1,Weak (one-way),Within community,C1 Leadership core,1 Executive,0.00251,32,71
T1632,2,Tie,VP-05,31.959,43.993,1,Weak (one-way),Within community,C1 Leadership core,2 Vice President,0.00619,42,38
T1633,1,Tie,UNK-21,59.246,57.418,1,Weak (one-way),Within community,C1 Leadership core,7 Unknown role,0.00101,13,108
T1633,2,Tie,UNK-26,55.912,57.193,1,Weak (one-way),Within community,C1 Leadership core,7 Unknown role,0.00198,27,83
T1634,1,Tie,UNK-21,59.246,57.418,1,Weak (one-way),Within community,C1 Leadership core,7 Unknown role,0.00101,13,108
T1634,2,Tie,Kenneth Lay,53.65,33.485,1,Weak (one-way),Within community,C1 Leadership core,1 Executive,0.04035,62,5
T1635,1,Tie,TRD-07,35.705,35.251,1,Weak (one-way),Across communities,C1 Leadership core,5 Trader,0.00211,23,81
T1635,2,Tie,UNK-35,50.365,22.388,1,Weak (one-way),Across communities,C3 Trading & logistics desk,7 Unknown role,0.00104,13,106
T1636,1,Tie,TRD-07,35.705,35.251,1,Weak (one-way),Within community,C1 Leadership core,5 Trader,0.00211,23,81
T1636,2,Tie,Kenneth Lay,53.65,33.485,1,Weak (one-way),Within community,C1 Leadership core,1 Executive,0.04035,62,5
T1637,1,Tie,TRD-07,35.705,35.251,1,Weak (one-way),Within community,C1 Leadership core,5 Trader,0.00211,23,81
T1637,2,Tie,DIR-07,25.647,46.416,1,Weak (one-way),Within community,C1 Leadership core,3 Director / MD,0.00151,22,97
T1638,1,Tie,TRD-07,35.705,35.251,1,Weak (one-way),Within community,C1 Leadership core,5 Trader,0.00211,23,81
T1638,2,Tie,Sally Beck,28.287,54.57,1,Weak (one-way),Within community,C1 Leadership core,1 Executive,0.10151,81,1
T1639,1,Tie,MGR-03,49.98,38.558,1,Weak (one-way),Across communities,C1 Leadership core,4 Manager,0.00775,38,35
T1639,2,Tie,VP-07,83.649,23.867,1,Weak (one-way),Across communities,C5 Gas pipeline & regulatory,2 Vice President,0.00379,23,54
T1640,1,Tie,MGR-03,49.98,38.558,1,Weak (one-way),Across communities,C1 Leadership core,4 Manager,0.00775,38,35
T1640,2,Tie,UNK-01,71.717,50.254,1,Weak (one-way),Across communities,C2 Staff cluster around DIR-01,7 Unknown role,0.00896,38,27
T1641,1,Tie,MGR-03,49.98,38.558,1,Weak (one-way),Across communities,C1 Leadership core,4 Manager,0.00775,38,35
T1641,2,Tie,EMP-13,94.721,25.85,1,Weak (one-way),Across communities,C5 Gas pipeline & regulatory,6 Employee / Specialist,0.00101,17,107
T1642,1,Tie,MGR-03,49.98,38.558,1,Weak (one-way),Within community,C1 Leadership core,4 Manager,0.00775,38,35
T1642,2,Tie,UNK-19,24.57,43.021,1,Weak (one-way),Within community,C1 Leadership core,7 Unknown role,0.0029,26,67
T1643,1,Tie,MGR-03,49.98,38.558,1,Weak (one-way),Within community,C1 Leadership core,4 Manager,0.00775,38,35
T1643,2,Tie,UNK-14,55.245,53.635,1,Weak (one-way),Within community,C1 Leadership core,7 Unknown role,0.00278,24,68
T1644,1,Tie,VP-03,57.344,43.184,1,Weak (one-way),Within community,C1 Leadership core,2 Vice President,0.00417,36,49
T1644,2,Tie,VP-09,51.177,56.265,1,Weak (one-way),Within community,C1 Leadership core,2 Vice President,0.02052,51,8
T1645,1,Tie,VP-03,57.344,43.184,1,Weak (one-way),Across communities,C1 Leadership core,2 Vice President,0.00417,36,49
T1645,2,Tie,MGR-01,35.494,30.233,1,Weak (one-way),Across communities,C3 Trading & logistics desk,4 Manager,0.01291,48,17
T1646,1,Tie,VP-03,57.344,43.184,1,Weak (one-way),Within community,C1 Leadership core,2 Vice President,0.00417,36,49
T1646,2,Tie,VP-10,34.079,39.448,1,Weak (one-way),Within community,C1 Leadership core,2 Vice President,0.01489,50,14
T1647,1,Tie,VP-03,57.344,43.184,1,Weak (one-way),Across communities,C1 Leadership core,2 Vice President,0.00417,36,49
T1647,2,Tie,UNK-01,71.717,50.254,1,Weak (one-way),Across communities,C2 Staff cluster around DIR-01,7 Unknown role,0.00896,38,27
T1648,1,Tie,UNK-11,55.402,49.902,1,Weak (one-way),Within community,C1 Leadership core,7 Unknown role,0.0023,26,75
T1648,2,Tie,VP-05,31.959,43.993,1,Weak (one-way),Within community,C1 Leadership core,2 Vice President,0.00619,42,38
T1649,1,Tie,UNK-11,55.402,49.902,1,Weak (one-way),Across communities,C1 Leadership core,7 Unknown role,0.0023,26,75
T1649,2,Tie,EMP-13,94.721,25.85,1,Weak (one-way),Across communities,C5 Gas pipeline & regulatory,6 Employee / Specialist,0.00101,17,107
T1650,1,Tie,UNK-35,50.365,22.388,1,Weak (one-way),Across communities,C3 Trading & logistics desk,7 Unknown role,0.00104,13,106
T1650,2,Tie,TRD-10,71.128,36.5,1,Weak (one-way),Across communities,C2 Staff cluster around DIR-01,5 Trader,0.00074,14,113
T1651,1,Tie,UNK-35,50.365,22.388,1,Weak (one-way),Within community,C3 Trading & logistics desk,7 Unknown role,0.00104,13,106
T1651,2,Tie,MGR-01,35.494,30.233,1,Weak (one-way),Within community,C3 Trading & logistics desk,4 Manager,0.01291,48,17
T1652,1,Tie,UNK-35,50.365,22.388,1,Weak (one-way),Across communities,C3 Trading & logistics desk,7 Unknown role,0.00104,13,106
T1652,2,Tie,Sally Beck,28.287,54.57,1,Weak (one-way),Across communities,C1 Leadership core,1 Executive,0.10151,81,1
T1653,1,Tie,TRD-11,23.077,58.65,1,Weak (one-way),Within community,C1 Leadership core,5 Trader,0.00037,12,133
T1653,2,Tie,DIR-13,33.457,58.935,1,Weak (one-way),Within community,C1 Leadership core,3 Director / MD,0.00094,17,111
T1654,1,Tie,TRD-11,23.077,58.65,1,Weak (one-way),Within community,C1 Leadership core,5 Trader,0.00037,12,133
T1654,2,Tie,Sally Beck,28.287,54.57,1,Weak (one-way),Within community,C1 Leadership core,1 Executive,0.10151,81,1
T1655,1,Tie,VP-20,67.76,9.893,1,Weak (one-way),Across communities,C6 Trading & logistics desk (TRD-02),2 Vice President,0.00023,8,137
T1655,2,Tie,Sally Beck,28.287,54.57,1,Weak (one-way),Across communities,C1 Leadership core,1 Executive,0.10151,81,1
T1656,1,Tie,VP-05,31.959,43.993,1,Weak (one-way),Across communities,C1 Leadership core,2 Vice President,0.00619,42,38
T1656,2,Tie,UNK-04,45.541,26.096,1,Weak (one-way),Across communities,C3 Trading & logistics desk,7 Unknown role,0.06907,59,4
T1657,1,Tie,VP-05,31.959,43.993,1,Weak (one-way),Within community,C1 Leadership core,2 Vice President,0.00619,42,38
T1657,2,Tie,MGR-04,52.35,51.586,1,Weak (one-way),Within community,C1 Leadership core,4 Manager,0.00157,26,94
T1658,1,Tie,VP-05,31.959,43.993,1,Weak (one-way),Within community,C1 Leadership core,2 Vice President,0.00619,42,38
T1658,2,Tie,Kenneth Lay,53.65,33.485,1,Weak (one-way),Within community,C1 Leadership core,1 Executive,0.04035,62,5
T1659,1,Tie,VP-05,31.959,43.993,1,Weak (one-way),Within community,C1 Leadership core,2 Vice President,0.00619,42,38
T1659,2,Tie,Sally Beck,28.287,54.57,1,Weak (one-way),Within community,C1 Leadership core,1 Executive,0.10151,81,1
T1660,1,Tie,MGR-07,57.155,76.784,1,Weak (one-way),Across communities,C4 Real-time trading desk,4 Manager,0.01714,23,12
T1660,2,Tie,UNK-18,66.784,40.629,1,Weak (one-way),Across communities,C2 Staff cluster around DIR-01,7 Unknown role,0.00881,25,29
T1661,1,Tie,MGR-07,57.155,76.784,1,Weak (one-way),Across communities,C4 Real-time trading desk,4 Manager,0.01714,23,12
T1661,2,Tie,MGR-11,39.395,61.471,1,Weak (one-way),Across communities,C1 Leadership core,4 Manager,0.00058,14,119
T1662,1,Tie,MGR-07,57.155,76.784,1,Weak (one-way),Within community,C4 Real-time trading desk,4 Manager,0.01714,23,12
T1662,2,Tie,EMP-34,60.099,98.207,1,Weak (one-way),Within community,C4 Real-time trading desk,6 Employee / Specialist,0.00212,9,80
T1663,1,Tie,MGR-07,57.155,76.784,1,Weak (one-way),Within community,C4 Real-time trading desk,4 Manager,0.01714,23,12
T1663,2,Tie,TRD-03,45.543,95.02,1,Weak (one-way),Within community,C4 Real-time trading desk,5 Trader,0.00027,8,136
T1664,1,Tie,MGR-07,57.155,76.784,1,Weak (one-way),Across communities,C4 Real-time trading desk,4 Manager,0.01714,23,12
T1664,2,Tie,UNK-31,64.486,59.831,1,Weak (one-way),Across communities,C2 Staff cluster around DIR-01,7 Unknown role,0.00825,25,33
T1665,1,Tie,MGR-07,57.155,76.784,1,Weak (one-way),Across communities,C4 Real-time trading desk,4 Manager,0.01714,23,12
T1665,2,Tie,Sally Beck,28.287,54.57,1,Weak (one-way),Across communities,C1 Leadership core,1 Executive,0.10151,81,1
T1666,1,Tie,UNK-19,24.57,43.021,1,Weak (one-way),Within community,C1 Leadership core,7 Unknown role,0.0029,26,67
T1666,2,Tie,John Lavorato,38.979,45.415,1,Weak (one-way),Within community,C1 Leadership core,1 Executive,0.0922,90,3
T1667,1,Tie,UNK-19,24.57,43.021,1,Weak (one-way),Within community,C1 Leadership core,7 Unknown role,0.0029,26,67
T1667,2,Tie,MGR-02,45.315,40.729,1,Weak (one-way),Within community,C1 Leadership core,4 Manager,0.0175,54,11
T1668,1,Tie,UNK-19,24.57,43.021,1,Weak (one-way),Across communities,C1 Leadership core,7 Unknown role,0.0029,26,67
T1668,2,Tie,DIR-04,27.548,32.805,1,Weak (one-way),Across communities,C3 Trading & logistics desk,3 Director / MD,0.00233,26,74
T1669,1,Tie,UNK-19,24.57,43.021,1,Weak (one-way),Across communities,C1 Leadership core,7 Unknown role,0.0029,26,67
T1669,2,Tie,MGR-08,24.114,26.293,1,Weak (one-way),Across communities,C3 Trading & logistics desk,4 Manager,0.00176,23,90
T1670,1,Tie,UNK-19,24.57,43.021,1,Weak (one-way),Within community,C1 Leadership core,7 Unknown role,0.0029,26,67
T1670,2,Tie,Sally Beck,28.287,54.57,1,Weak (one-way),Within community,C1 Leadership core,1 Executive,0.10151,81,1
T1671,1,Tie,John Lavorato,38.979,45.415,1,Weak (one-way),Across communities,C1 Leadership core,1 Executive,0.0922,90,3
T1671,2,Tie,UNK-29,30.31,20.866,1,Weak (one-way),Across communities,C3 Trading & logistics desk,7 Unknown role,0.00053,17,124
T1672,1,Tie,John Lavorato,38.979,45.415,1,Weak (one-way),Across communities,C1 Leadership core,1 Executive,0.0922,90,3
T1672,2,Tie,Rod Hayslett,90.003,30.046,1,Weak (one-way),Across communities,C5 Gas pipeline & regulatory,1 Executive,0.00951,26,23
T1673,1,Tie,John Lavorato,38.979,45.415,1,Weak (one-way),Across communities,C1 Leadership core,1 Executive,0.0922,90,3
T1673,2,Tie,UNK-01,71.717,50.254,1,Weak (one-way),Across communities,C2 Staff cluster around DIR-01,7 Unknown role,0.00896,38,27
T1674,1,Tie,VP-18,35.303,56.167,1,Weak (one-way),Within community,C1 Leadership core,2 Vice President,0.0019,20,86
T1674,2,Tie,Kenneth Lay,53.65,33.485,1,Weak (one-way),Within community,C1 Leadership core,1 Executive,0.04035,62,5
T1675,1,Tie,VP-18,35.303,56.167,1,Weak (one-way),Within community,C1 Leadership core,2 Vice President,0.0019,20,86
T1675,2,Tie,VP-09,51.177,56.265,1,Weak (one-way),Within community,C1 Leadership core,2 Vice President,0.02052,51,8
T1676,1,Tie,VP-18,35.303,56.167,1,Weak (one-way),Across communities,C1 Leadership core,2 Vice President,0.0019,20,86
T1676,2,Tie,UNK-31,64.486,59.831,1,Weak (one-way),Across communities,C2 Staff cluster around DIR-01,7 Unknown role,0.00825,25,33
T1677,1,Tie,DIR-08,29.195,47.035,1,Weak (one-way),Across communities,C1 Leadership core,3 Director / MD,0.00342,30,58
T1677,2,Tie,DIR-04,27.548,32.805,1,Weak (one-way),Across communities,C3 Trading & logistics desk,3 Director / MD,0.00233,26,74
T1678,1,Tie,DIR-08,29.195,47.035,1,Weak (one-way),Across communities,C1 Leadership core,3 Director / MD,0.00342,30,58
T1678,2,Tie,MGR-08,24.114,26.293,1,Weak (one-way),Across communities,C3 Trading & logistics desk,4 Manager,0.00176,23,90
T1679,1,Tie,DIR-08,29.195,47.035,1,Weak (one-way),Within community,C1 Leadership core,3 Director / MD,0.00342,30,58
T1679,2,Tie,DIR-13,33.457,58.935,1,Weak (one-way),Within community,C1 Leadership core,3 Director / MD,0.00094,17,111
T1680,1,Tie,DIR-08,29.195,47.035,1,Weak (one-way),Within community,C1 Leadership core,3 Director / MD,0.00342,30,58
T1680,2,Tie,MGR-02,45.315,40.729,1,Weak (one-way),Within community,C1 Leadership core,4 Manager,0.0175,54,11
T1681,1,Tie,EMP-24,69.68,21.391,1,Weak (one-way),Across communities,C6 Trading & logistics desk (TRD-02),6 Employee / Specialist,0.00087,11,112
T1681,2,Tie,Kenneth Lay,53.65,33.485,1,Weak (one-way),Across communities,C1 Leadership core,1 Executive,0.04035,62,5
T1682,1,Tie,EMP-24,69.68,21.391,1,Weak (one-way),Across communities,C6 Trading & logistics desk (TRD-02),6 Employee / Specialist,0.00087,11,112
T1682,2,Tie,Sally Beck,28.287,54.57,1,Weak (one-way),Across communities,C1 Leadership core,1 Executive,0.10151,81,1
T1683,1,Tie,MGR-02,45.315,40.729,1,Weak (one-way),Across communities,C1 Leadership core,4 Manager,0.0175,54,11
T1683,2,Tie,UNK-18,66.784,40.629,1,Weak (one-way),Across communities,C2 Staff cluster around DIR-01,7 Unknown role,0.00881,25,29
T1684,1,Tie,MGR-02,45.315,40.729,1,Weak (one-way),Across communities,C1 Leadership core,4 Manager,0.0175,54,11
T1684,2,Tie,DIR-12,44.974,75.09,1,Weak (one-way),Across communities,C4 Real-time trading desk,3 Director / MD,0.00401,16,52
T1685,1,Tie,MGR-02,45.315,40.729,1,Weak (one-way),Across communities,C1 Leadership core,4 Manager,0.0175,54,11
T1685,2,Tie,UNK-09,32.175,33.629,1,Weak (one-way),Across communities,C3 Trading & logistics desk,7 Unknown role,0.00544,32,42
T1686,1,Tie,MGR-02,45.315,40.729,1,Weak (one-way),Across communities,C1 Leadership core,4 Manager,0.0175,54,11
T1686,2,Tie,EMP-03,75.939,51.018,1,Weak (one-way),Across communities,C2 Staff cluster around DIR-01,6 Employee / Specialist,0.00332,23,62
T1687,1,Tie,EMP-12,30.256,29.16,1,Weak (one-way),Across communities,C3 Trading & logistics desk,6 Employee / Specialist,0.01509,43,13
T1687,2,Tie,TRD-10,71.128,36.5,1,Weak (one-way),Across communities,C2 Staff cluster around DIR-01,5 Trader,0.00074,14,113
T1688,1,Tie,EMP-12,30.256,29.16,1,Weak (one-way),Across communities,C3 Trading & logistics desk,6 Employee / Specialist,0.01509,43,13
T1688,2,Tie,DIR-12,44.974,75.09,1,Weak (one-way),Across communities,C4 Real-time trading desk,3 Director / MD,0.00401,16,52
T1689,1,Tie,EMP-12,30.256,29.16,1,Weak (one-way),Across communities,C3 Trading & logistics desk,6 Employee / Specialist,0.01509,43,13
T1689,2,Tie,DIR-05,51.36,61.741,1,Weak (one-way),Across communities,C1 Leadership core,3 Director / MD,0.0104,21,21
T1690,1,Tie,EMP-12,30.256,29.16,1,Weak (one-way),Across communities,C3 Trading & logistics desk,6 Employee / Specialist,0.01509,43,13
T1690,2,Tie,EMP-23,53.353,10.749,1,Weak (one-way),Across communities,C7 Staff cluster around UNK-12,6 Employee / Specialist,0.00046,11,126
T1691,1,Tie,EMP-12,30.256,29.16,1,Weak (one-way),Across communities,C3 Trading & logistics desk,6 Employee / Specialist,0.01509,43,13
T1691,2,Tie,Kenneth Lay,53.65,33.485,1,Weak (one-way),Across communities,C1 Leadership core,1 Executive,0.04035,62,5
T1692,1,Tie,EMP-12,30.256,29.16,1,Weak (one-way),Within community,C3 Trading & logistics desk,6 Employee / Specialist,0.01509,43,13
T1692,2,Tie,UNK-20,34.304,25.772,1,Weak (one-way),Within community,C3 Trading & logistics desk,7 Unknown role,0.00398,32,53
T1693,1,Tie,EMP-12,30.256,29.16,1,Weak (one-way),Across communities,C3 Trading & logistics desk,6 Employee / Specialist,0.01509,43,13
T1693,2,Tie,UNK-41,0.0,49.975,1,Weak (one-way),Across communities,C1 Leadership core,7 Unknown role,0.00056,6,121
T1694,1,Tie,EMP-08,52.334,88.455,1,Weak (one-way),Across communities,C4 Real-time trading desk,6 Employee / Specialist,0.00443,17,48
T1694,2,Tie,UNK-31,64.486,59.831,1,Weak (one-way),Across communities,C2 Staff cluster around DIR-01,7 Unknown role,0.00825,25,33
T1695,1,Tie,EMP-16,76.053,54.902,1,Weak (one-way),Within community,C2 Staff cluster around DIR-01,6 Employee / Specialist,0.0037,23,56
T1695,2,Tie,UNK-05,81.349,49.754,1,Weak (one-way),Within community,C2 Staff cluster around DIR-01,7 Unknown role,0.00036,15,134
T1696,1,Tie,EMP-16,76.053,54.902,1,Weak (one-way),Across communities,C2 Staff cluster around DIR-01,6 Employee / Specialist,0.0037,23,56
T1696,2,Tie,Louise Kitchen,49.827,46.741,1,Weak (one-way),Across communities,C1 Leadership core,1 Executive,0.02954,64,6
T1697,1,Tie,DIR-04,27.548,32.805,1,Weak (one-way),Across communities,C3 Trading & logistics desk,3 Director / MD,0.00233,26,74
T1697,2,Tie,DIR-12,44.974,75.09,1,Weak (one-way),Across communities,C4 Real-time trading desk,3 Director / MD,0.00401,16,52
T1698,1,Tie,DIR-04,27.548,32.805,1,Weak (one-way),Across communities,C3 Trading & logistics desk,3 Director / MD,0.00233,26,74
T1698,2,Tie,Sally Beck,28.287,54.57,1,Weak (one-way),Across communities,C1 Leadership core,1 Executive,0.10151,81,1
T1699,1,Tie,Kenneth Lay,53.65,33.485,1,Weak (one-way),Within community,C1 Leadership core,1 Executive,0.04035,62,5
T1699,2,Tie,VP-09,51.177,56.265,1,Weak (one-way),Within community,C1 Leadership core,2 Vice President,0.02052,51,8
T1700,1,Tie,Kenneth Lay,53.65,33.485,1,Weak (one-way),Across communities,C1 Leadership core,1 Executive,0.04035,62,5
T1700,2,Tie,UNK-27,27.228,17.741,1,Weak (one-way),Across communities,C3 Trading & logistics desk,7 Unknown role,0.01857,25,10
T1701,1,Tie,Kenneth Lay,53.65,33.485,1,Weak (one-way),Across communities,C1 Leadership core,1 Executive,0.04035,62,5
T1701,2,Tie,UNK-12,56.107,18.185,1,Weak (one-way),Across communities,C7 Staff cluster around UNK-12,7 Unknown role,0.00274,20,69
T1702,1,Tie,Kenneth Lay,53.65,33.485,1,Weak (one-way),Across communities,C1 Leadership core,1 Executive,0.04035,62,5
T1702,2,Tie,EMP-05,26.599,23.515,1,Weak (one-way),Across communities,C3 Trading & logistics desk,6 Employee / Specialist,0.00416,28,50
T1703,1,Tie,Kenneth Lay,53.65,33.485,1,Weak (one-way),Across communities,C1 Leadership core,1 Executive,0.04035,62,5
T1703,2,Tie,UNK-29,30.31,20.866,1,Weak (one-way),Across communities,C3 Trading & logistics desk,7 Unknown role,0.00053,17,124
T1704,1,Tie,Kenneth Lay,53.65,33.485,1,Weak (one-way),Within community,C1 Leadership core,1 Executive,0.04035,62,5
T1704,2,Tie,UNK-26,55.912,57.193,1,Weak (one-way),Within community,C1 Leadership core,7 Unknown role,0.00198,27,83
T1705,1,Tie,Kenneth Lay,53.65,33.485,1,Weak (one-way),Across communities,C1 Leadership core,1 Executive,0.04035,62,5
T1705,2,Tie,MGR-01,35.494,30.233,1,Weak (one-way),Across communities,C3 Trading & logistics desk,4 Manager,0.01291,48,17
T1706,1,Tie,Kenneth Lay,53.65,33.485,1,Weak (one-way),Across communities,C1 Leadership core,1 Executive,0.04035,62,5
T1706,2,Tie,TRD-09,49.277,76.145,1,Weak (one-way),Across communities,C4 Real-time trading desk,5 Trader,0.0052,19,43
T1707,1,Tie,Kenneth Lay,53.65,33.485,1,Weak (one-way),Across communities,C1 Leadership core,1 Executive,0.04035,62,5
T1707,2,Tie,UNK-09,32.175,33.629,1,Weak (one-way),Across communities,C3 Trading & logistics desk,7 Unknown role,0.00544,32,42
T1708,1,Tie,Kenneth Lay,53.65,33.485,1,Weak (one-way),Across communities,C1 Leadership core,1 Executive,0.04035,62,5
T1708,2,Tie,EMP-34,60.099,98.207,1,Weak (one-way),Across communities,C4 Real-time trading desk,6 Employee / Specialist,0.00212,9,80
T1709,1,Tie,Kenneth Lay,53.65,33.485,1,Weak (one-way),Across communities,C1 Leadership core,1 Executive,0.04035,62,5
T1709,2,Tie,UNK-20,34.304,25.772,1,Weak (one-way),Across communities,C3 Trading & logistics desk,7 Unknown role,0.00398,32,53
T1710,1,Tie,Kenneth Lay,53.65,33.485,1,Weak (one-way),Across communities,C1 Leadership core,1 Executive,0.04035,62,5
T1710,2,Tie,UNK-04,45.541,26.096,1,Weak (one-way),Across communities,C3 Trading & logistics desk,7 Unknown role,0.06907,59,4
T1711,1,Tie,Kenneth Lay,53.65,33.485,1,Weak (one-way),Within community,C1 Leadership core,1 Executive,0.04035,62,5
T1711,2,Tie,VP-10,34.079,39.448,1,Weak (one-way),Within community,C1 Leadership core,2 Vice President,0.01489,50,14
T1712,1,Tie,Kenneth Lay,53.65,33.485,1,Weak (one-way),Within community,C1 Leadership core,1 Executive,0.04035,62,5
T1712,2,Tie,UNK-38,21.396,44.124,1,Weak (one-way),Within community,C1 Leadership core,7 Unknown role,0.00057,16,120
T1713,1,Tie,Kenneth Lay,53.65,33.485,1,Weak (one-way),Across communities,C1 Leadership core,1 Executive,0.04035,62,5
T1713,2,Tie,UNK-31,64.486,59.831,1,Weak (one-way),Across communities,C2 Staff cluster around DIR-01,7 Unknown role,0.00825,25,33
T1714,1,Tie,Kenneth Lay,53.65,33.485,1,Weak (one-way),Across communities,C1 Leadership core,1 Executive,0.04035,62,5
T1714,2,Tie,DIR-03,87.324,21.527,1,Weak (one-way),Across communities,C5 Gas pipeline & regulatory,3 Director / MD,0.00605,23,39
T1715,1,Tie,Kenneth Lay,53.65,33.485,1,Weak (one-way),Across communities,C1 Leadership core,1 Executive,0.04035,62,5
T1715,2,Tie,EMP-31,73.852,57.529,1,Weak (one-way),Across communities,C2 Staff cluster around DIR-01,6 Employee / Specialist,0.00046,9,125
T1716,1,Tie,Kenneth Lay,53.65,33.485,1,Weak (one-way),Within community,C1 Leadership core,1 Executive,0.04035,62,5
T1716,2,Tie,UNK-43,34.963,61.544,1,Weak (one-way),Within community,C1 Leadership core,7 Unknown role,0.00034,10,135
T1717,1,Tie,VP-09,51.177,56.265,1,Weak (one-way),Within community,C1 Leadership core,2 Vice President,0.02052,51,8
T1717,2,Tie,MGR-04,52.35,51.586,1,Weak (one-way),Within community,C1 Leadership core,4 Manager,0.00157,26,94
T1718,1,Tie,VP-09,51.177,56.265,1,Weak (one-way),Across communities,C1 Leadership core,2 Vice President,0.02052,51,8
T1718,2,Tie,Rod Hayslett,90.003,30.046,1,Weak (one-way),Across communities,C5 Gas pipeline & regulatory,1 Executive,0.00951,26,23
T1719,1,Tie,VP-09,51.177,56.265,1,Weak (one-way),Within community,C1 Leadership core,2 Vice President,0.02052,51,8
T1719,2,Tie,VP-10,34.079,39.448,1,Weak (one-way),Within community,C1 Leadership core,2 Vice President,0.01489,50,14
T1720,1,Tie,VP-09,51.177,56.265,1,Weak (one-way),Across communities,C1 Leadership core,2 Vice President,0.02052,51,8
T1720,2,Tie,Stanley Horton,79.267,30.357,1,Weak (one-way),Across communities,C5 Gas pipeline & regulatory,1 Executive,0.01057,33,20
T1721,1,Tie,UNK-07,91.477,25.208,1,Weak (one-way),Across communities,C5 Gas pipeline & regulatory,7 Unknown role,0.00173,19,91
T1721,2,Tie,UNK-14,55.245,53.635,1,Weak (one-way),Across communities,C1 Leadership core,7 Unknown role,0.00278,24,68
T1722,1,Tie,UNK-18,66.784,40.629,1,Weak (one-way),Within community,C2 Staff cluster around DIR-01,7 Unknown role,0.00881,25,29
T1722,2,Tie,EMP-11,82.571,47.041,1,Weak (one-way),Within community,C2 Staff cluster around DIR-01,6 Employee / Specialist,0.00074,13,114
T1723,1,Tie,UNK-18,66.784,40.629,1,Weak (one-way),Across communities,C2 Staff cluster around DIR-01,7 Unknown role,0.00881,25,29
T1723,2,Tie,UNK-27,27.228,17.741,1,Weak (one-way),Across communities,C3 Trading & logistics desk,7 Unknown role,0.01857,25,10
T1724,1,Tie,UNK-18,66.784,40.629,1,Weak (one-way),Across communities,C2 Staff cluster around DIR-01,7 Unknown role,0.00881,25,29
T1724,2,Tie,UNK-12,56.107,18.185,1,Weak (one-way),Across communities,C7 Staff cluster around UNK-12,7 Unknown role,0.00274,20,69
T1725,1,Tie,UNK-18,66.784,40.629,1,Weak (one-way),Across communities,C2 Staff cluster around DIR-01,7 Unknown role,0.00881,25,29
T1725,2,Tie,DIR-06,22.447,47.023,1,Weak (one-way),Across communities,C1 Leadership core,3 Director / MD,0.00094,17,110
T1726,1,Tie,UNK-18,66.784,40.629,1,Weak (one-way),Across communities,C2 Staff cluster around DIR-01,7 Unknown role,0.00881,25,29
T1726,2,Tie,UNK-20,34.304,25.772,1,Weak (one-way),Across communities,C3 Trading & logistics desk,7 Unknown role,0.00398,32,53
T1727,1,Tie,DIR-07,25.647,46.416,1,Weak (one-way),Across communities,C1 Leadership core,3 Director / MD,0.00151,22,97
T1727,2,Tie,UNK-20,34.304,25.772,1,Weak (one-way),Across communities,C3 Trading & logistics desk,7 Unknown role,0.00398,32,53
T1728,1,Tie,DIR-07,25.647,46.416,1,Weak (one-way),Across communities,C1 Leadership core,3 Director / MD,0.00151,22,97
T1728,2,Tie,UNK-02,78.472,48.307,1,Weak (one-way),Across communities,C2 Staff cluster around DIR-01,7 Unknown role,0.00225,26,78
T1729,1,Tie,UNK-27,27.228,17.741,1,Weak (one-way),Across communities,C3 Trading & logistics desk,7 Unknown role,0.01857,25,10
T1729,2,Tie,EMP-22,57.4,12.538,1,Weak (one-way),Across communities,C7 Staff cluster around UNK-12,6 Employee / Specialist,0.00041,10,129
T1730,1,Tie,UNK-27,27.228,17.741,1,Weak (one-way),Across communities,C3 Trading & logistics desk,7 Unknown role,0.01857,25,10
T1730,2,Tie,UNK-41,0.0,49.975,1,Weak (one-way),Across communities,C1 Leadership core,7 Unknown role,0.00056,6,121
T1731,1,Tie,UNK-27,27.228,17.741,1,Weak (one-way),Across communities,C3 Trading & logistics desk,7 Unknown role,0.01857,25,10
T1731,2,Tie,VP-10,34.079,39.448,1,Weak (one-way),Across communities,C1 Leadership core,2 Vice President,0.01489,50,14
T1732,1,Tie,UNK-34,54.346,99.414,1,Weak (one-way),Within community,C4 Real-time trading desk,7 Unknown role,0.00013,8,143
T1732,2,Tie,EMP-34,60.099,98.207,1,Weak (one-way),Within community,C4 Real-time trading desk,6 Employee / Specialist,0.00212,9,80
T1733,1,Tie,UNK-34,54.346,99.414,1,Weak (one-way),Within community,C4 Real-time trading desk,7 Unknown role,0.00013,8,143
T1733,2,Tie,EMP-32,60.352,93.756,1,Weak (one-way),Within community,C4 Real-time trading desk,6 Employee / Specialist,0.00037,9,132
T1734,1,Tie,UNK-13,43.096,56.021,1,Weak (one-way),Within community,C1 Leadership core,7 Unknown role,0.09633,77,2
T1734,2,Tie,UNK-26,55.912,57.193,1,Weak (one-way),Within community,C1 Leadership core,7 Unknown role,0.00198,27,83
T1735,1,Tie,UNK-13,43.096,56.021,1,Weak (one-way),Across communities,C1 Leadership core,7 Unknown role,0.09633,77,2
T1735,2,Tie,UNK-04,45.541,26.096,1,Weak (one-way),Across communities,C3 Trading & logistics desk,7 Unknown role,0.06907,59,4
T1736,1,Tie,UNK-13,43.096,56.021,1,Weak (one-way),Within community,C1 Leadership core,7 Unknown role,0.09633,77,2
T1736,2,Tie,VP-02,61.128,43.002,1,Weak (one-way),Within community,C1 Leadership core,2 Vice President,0.00227,30,76
T1737,1,Tie,UNK-13,43.096,56.021,1,Weak (one-way),Across communities,C1 Leadership core,7 Unknown role,0.09633,77,2
T1737,2,Tie,UNK-31,64.486,59.831,1,Weak (one-way),Across communities,C2 Staff cluster around DIR-01,7 Unknown role,0.00825,25,33
T1738,1,Tie,UNK-36,80.635,40.752,1,Weak (one-way),Across communities,C2 Staff cluster around DIR-01,7 Unknown role,0.00134,16,101
T1738,2,Tie,UNK-43,34.963,61.544,1,Weak (one-way),Across communities,C1 Leadership core,7 Unknown role,0.00034,10,135
T1739,1,Tie,UNK-36,80.635,40.752,1,Weak (one-way),Across communities,C2 Staff cluster around DIR-01,7 Unknown role,0.00134,16,101
T1739,2,Tie,Sally Beck,28.287,54.57,1,Weak (one-way),Across communities,C1 Leadership core,1 Executive,0.10151,81,1
T1740,1,Tie,Louise Kitchen,49.827,46.741,1,Weak (one-way),Across communities,C1 Leadership core,1 Executive,0.02954,64,6
T1740,2,Tie,MGR-08,24.114,26.293,1,Weak (one-way),Across communities,C3 Trading & logistics desk,4 Manager,0.00176,23,90
T1741,1,Tie,Louise Kitchen,49.827,46.741,1,Weak (one-way),Across communities,C1 Leadership core,1 Executive,0.02954,64,6
T1741,2,Tie,DIR-12,44.974,75.09,1,Weak (one-way),Across communities,C4 Real-time trading desk,3 Director / MD,0.00401,16,52
T1742,1,Tie,Louise Kitchen,49.827,46.741,1,Weak (one-way),Within community,C1 Leadership core,1 Executive,0.02954,64,6
T1742,2,Tie,DIR-06,22.447,47.023,1,Weak (one-way),Within community,C1 Leadership core,3 Director / MD,0.00094,17,110
T1743,1,Tie,Louise Kitchen,49.827,46.741,1,Weak (one-way),Within community,C1 Leadership core,1 Executive,0.02954,64,6
T1743,2,Tie,DIR-05,51.36,61.741,1,Weak (one-way),Within community,C1 Leadership core,3 Director / MD,0.0104,21,21
T1744,1,Tie,Louise Kitchen,49.827,46.741,1,Weak (one-way),Across communities,C1 Leadership core,1 Executive,0.02954,64,6
T1744,2,Tie,EMP-23,53.353,10.749,1,Weak (one-way),Across communities,C7 Staff cluster around UNK-12,6 Employee / Specialist,0.00046,11,126
T1745,1,Tie,Louise Kitchen,49.827,46.741,1,Weak (one-way),Within community,C1 Leadership core,1 Executive,0.02954,64,6
T1745,2,Tie,UNK-32,58.576,34.72,1,Weak (one-way),Within community,C1 Leadership core,7 Unknown role,0.0002,10,140
T1746,1,Tie,UNK-32,58.576,34.72,1,Weak (one-way),Within community,C1 Leadership core,7 Unknown role,0.0002,10,140
T1746,2,Tie,VP-10,34.079,39.448,1,Weak (one-way),Within community,C1 Leadership core,2 Vice President,0.01489,50,14
T1747,1,Tie,UNK-32,58.576,34.72,1,Weak (one-way),Across communities,C1 Leadership core,7 Unknown role,0.0002,10,140
T1747,2,Tie,VP-07,83.649,23.867,1,Weak (one-way),Across communities,C5 Gas pipeline & regulatory,2 Vice President,0.00379,23,54
T1748,1,Tie,UNK-05,81.349,49.754,1,Weak (one-way),Across communities,C2 Staff cluster around DIR-01,7 Unknown role,0.00036,15,134
T1748,2,Tie,MGR-04,52.35,51.586,1,Weak (one-way),Across communities,C1 Leadership core,4 Manager,0.00157,26,94
T1749,1,Tie,UNK-17,96.938,23.462,1,Weak (one-way),Within community,C5 Gas pipeline & regulatory,7 Unknown role,0.00138,15,99
T1749,2,Tie,Stanley Horton,79.267,30.357,1,Weak (one-way),Within community,C5 Gas pipeline & regulatory,1 Executive,0.01057,33,20
T1750,1,Tie,UNK-12,56.107,18.185,1,Weak (one-way),Across communities,C7 Staff cluster around UNK-12,7 Unknown role,0.00274,20,69
T1750,2,Tie,UNK-40,21.333,17.747,1,Weak (one-way),Across communities,C3 Trading & logistics desk,7 Unknown role,0.00039,14,130
T1751,1,Tie,MGR-08,24.114,26.293,1,Weak (one-way),Within community,C3 Trading & logistics desk,4 Manager,0.00176,23,90
T1751,2,Tie,UNK-40,21.333,17.747,1,Weak (one-way),Within community,C3 Trading & logistics desk,7 Unknown role,0.00039,14,130
T1752,1,Tie,MGR-08,24.114,26.293,1,Weak (one-way),Across communities,C3 Trading & logistics desk,4 Manager,0.00176,23,90
T1752,2,Tie,Sally Beck,28.287,54.57,1,Weak (one-way),Across communities,C1 Leadership core,1 Executive,0.10151,81,1
T1753,1,Tie,EMP-05,26.599,23.515,1,Weak (one-way),Across communities,C3 Trading & logistics desk,6 Employee / Specialist,0.00416,28,50
T1753,2,Tie,DIR-12,44.974,75.09,1,Weak (one-way),Across communities,C4 Real-time trading desk,3 Director / MD,0.00401,16,52
T1754,1,Tie,EMP-05,26.599,23.515,1,Weak (one-way),Across communities,C3 Trading & logistics desk,6 Employee / Specialist,0.00416,28,50
T1754,2,Tie,EMP-23,53.353,10.749,1,Weak (one-way),Across communities,C7 Staff cluster around UNK-12,6 Employee / Specialist,0.00046,11,126
T1755,1,Tie,UNK-26,55.912,57.193,1,Weak (one-way),Across communities,C1 Leadership core,7 Unknown role,0.00198,27,83
T1755,2,Tie,UNK-02,78.472,48.307,1,Weak (one-way),Across communities,C2 Staff cluster around DIR-01,7 Unknown role,0.00225,26,78
T1756,1,Tie,MGR-11,39.395,61.471,1,Weak (one-way),Within community,C1 Leadership core,4 Manager,0.00058,14,119
T1756,2,Tie,DIR-13,33.457,58.935,1,Weak (one-way),Within community,C1 Leadership core,3 Director / MD,0.00094,17,111
T1757,1,Tie,MGR-11,39.395,61.471,1,Weak (one-way),Within community,C1 Leadership core,4 Manager,0.00058,14,119
T1757,2,Tie,Sally Beck,28.287,54.57,1,Weak (one-way),Within community,C1 Leadership core,1 Executive,0.10151,81,1
T1758,1,Tie,MGR-01,35.494,30.233,1,Weak (one-way),Across communities,C3 Trading & logistics desk,4 Manager,0.01291,48,17
T1758,2,Tie,UNK-38,21.396,44.124,1,Weak (one-way),Across communities,C1 Leadership core,7 Unknown role,0.00057,16,120
T1759,1,Tie,MGR-01,35.494,30.233,1,Weak (one-way),Across communities,C3 Trading & logistics desk,4 Manager,0.01291,48,17
T1759,2,Tie,Sally Beck,28.287,54.57,1,Weak (one-way),Across communities,C1 Leadership core,1 Executive,0.10151,81,1
T1760,1,Tie,DIR-06,22.447,47.023,1,Weak (one-way),Within community,C1 Leadership core,3 Director / MD,0.00094,17,110
T1760,2,Tie,Sally Beck,28.287,54.57,1,Weak (one-way),Within community,C1 Leadership core,1 Executive,0.10151,81,1
T1761,1,Tie,DIR-06,22.447,47.023,1,Weak (one-way),Across communities,C1 Leadership core,3 Director / MD,0.00094,17,110
T1761,2,Tie,UNK-02,78.472,48.307,1,Weak (one-way),Across communities,C2 Staff cluster around DIR-01,7 Unknown role,0.00225,26,78
T1762,1,Tie,DIR-06,22.447,47.023,1,Weak (one-way),Across communities,C1 Leadership core,3 Director / MD,0.00094,17,110
T1762,2,Tie,UNK-01,71.717,50.254,1,Weak (one-way),Across communities,C2 Staff cluster around DIR-01,7 Unknown role,0.00896,38,27
T1763,1,Tie,TRD-09,49.277,76.145,1,Weak (one-way),Across communities,C4 Real-time trading desk,5 Trader,0.0052,19,43
T1763,2,Tie,DIR-05,51.36,61.741,1,Weak (one-way),Across communities,C1 Leadership core,3 Director / MD,0.0104,21,21
T1764,1,Tie,EMP-34,60.099,98.207,1,Weak (one-way),Within community,C4 Real-time trading desk,6 Employee / Specialist,0.00212,9,80
T1764,2,Tie,EMP-32,60.352,93.756,1,Weak (one-way),Within community,C4 Real-time trading desk,6 Employee / Specialist,0.00037,9,132
T1765,1,Tie,UNK-20,34.304,25.772,1,Weak (one-way),Across communities,C3 Trading & logistics desk,7 Unknown role,0.00398,32,53
T1765,2,Tie,VP-10,34.079,39.448,1,Weak (one-way),Across communities,C1 Leadership core,2 Vice President,0.01489,50,14
T1766,1,Tie,UNK-20,34.304,25.772,1,Weak (one-way),Within community,C3 Trading & logistics desk,7 Unknown role,0.00398,32,53
T1766,2,Tie,UNK-40,21.333,17.747,1,Weak (one-way),Within community,C3 Trading & logistics desk,7 Unknown role,0.00039,14,130
T1767,1,Tie,UNK-20,34.304,25.772,1,Weak (one-way),Across communities,C3 Trading & logistics desk,7 Unknown role,0.00398,32,53
T1767,2,Tie,Sally Beck,28.287,54.57,1,Weak (one-way),Across communities,C1 Leadership core,1 Executive,0.10151,81,1
T1768,1,Tie,UNK-04,45.541,26.096,1,Weak (one-way),Across communities,C3 Trading & logistics desk,7 Unknown role,0.06907,59,4
T1768,2,Tie,VP-02,61.128,43.002,1,Weak (one-way),Across communities,C1 Leadership core,2 Vice President,0.00227,30,76
T1769,1,Tie,UNK-04,45.541,26.096,1,Weak (one-way),Across communities,C3 Trading & logistics desk,7 Unknown role,0.06907,59,4
T1769,2,Tie,DIR-05,51.36,61.741,1,Weak (one-way),Across communities,C1 Leadership core,3 Director / MD,0.0104,21,21
T1770,1,Tie,UNK-04,45.541,26.096,1,Weak (one-way),Across communities,C3 Trading & logistics desk,7 Unknown role,0.06907,59,4
T1770,2,Tie,Rod Hayslett,90.003,30.046,1,Weak (one-way),Across communities,C5 Gas pipeline & regulatory,1 Executive,0.00951,26,23
T1771,1,Tie,UNK-04,45.541,26.096,1,Weak (one-way),Across communities,C3 Trading & logistics desk,7 Unknown role,0.06907,59,4
T1771,2,Tie,Sally Beck,28.287,54.57,1,Weak (one-way),Across communities,C1 Leadership core,1 Executive,0.10151,81,1
T1772,1,Tie,UNK-04,45.541,26.096,1,Weak (one-way),Across communities,C3 Trading & logistics desk,7 Unknown role,0.06907,59,4
T1772,2,Tie,EMP-13,94.721,25.85,1,Weak (one-way),Across communities,C5 Gas pipeline & regulatory,6 Employee / Specialist,0.00101,17,107
T1773,1,Tie,UNK-41,0.0,49.975,1,Weak (one-way),Across communities,C1 Leadership core,7 Unknown role,0.00056,6,121
T1773,2,Tie,UNK-31,64.486,59.831,1,Weak (one-way),Across communities,C2 Staff cluster around DIR-01,7 Unknown role,0.00825,25,33
T1774,1,Tie,UNK-44,62.565,0.0,1,Weak (one-way),Across communities,C6 Trading & logistics desk (TRD-02),7 Unknown role,0.00019,6,141
T1774,2,Tie,Sally Beck,28.287,54.57,1,Weak (one-way),Across communities,C1 Leadership core,1 Executive,0.10151,81,1
T1775,1,Tie,EMP-32,60.352,93.756,1,Weak (one-way),Across communities,C4 Real-time trading desk,6 Employee / Specialist,0.00037,9,132
T1775,2,Tie,DIR-05,51.36,61.741,1,Weak (one-way),Across communities,C1 Leadership core,3 Director / MD,0.0104,21,21
T1776,1,Tie,MGR-04,52.35,51.586,1,Weak (one-way),Across communities,C1 Leadership core,4 Manager,0.00157,26,94
T1776,2,Tie,VP-07,83.649,23.867,1,Weak (one-way),Across communities,C5 Gas pipeline & regulatory,2 Vice President,0.00379,23,54
T1777,1,Tie,MGR-04,52.35,51.586,1,Weak (one-way),Across communities,C1 Leadership core,4 Manager,0.00157,26,94
T1777,2,Tie,UNK-31,64.486,59.831,1,Weak (one-way),Across communities,C2 Staff cluster around DIR-01,7 Unknown role,0.00825,25,33
T1778,1,Tie,DIR-13,33.457,58.935,1,Weak (one-way),Within community,C1 Leadership core,3 Director / MD,0.00094,17,111
T1778,2,Tie,Sally Beck,28.287,54.57,1,Weak (one-way),Within community,C1 Leadership core,1 Executive,0.10151,81,1
T1779,1,Tie,DIR-13,33.457,58.935,1,Weak (one-way),Across communities,C1 Leadership core,3 Director / MD,0.00094,17,111
T1779,2,Tie,UNK-31,64.486,59.831,1,Weak (one-way),Across communities,C2 Staff cluster around DIR-01,7 Unknown role,0.00825,25,33
T1780,1,Tie,Sally Beck,28.287,54.57,1,Weak (one-way),Across communities,C1 Leadership core,1 Executive,0.10151,81,1
T1780,2,Tie,UNK-30,70.103,59.382,1,Weak (one-way),Across communities,C2 Staff cluster around DIR-01,7 Unknown role,0.00022,10,139
T1781,1,Tie,Sally Beck,28.287,54.57,1,Weak (one-way),Across communities,C1 Leadership core,1 Executive,0.10151,81,1
T1781,2,Tie,EMP-22,57.4,12.538,1,Weak (one-way),Across communities,C7 Staff cluster around UNK-12,6 Employee / Specialist,0.00041,10,129
T1782,1,Tie,Sally Beck,28.287,54.57,1,Weak (one-way),Within community,C1 Leadership core,1 Executive,0.10151,81,1
T1782,2,Tie,UNK-43,34.963,61.544,1,Weak (one-way),Within community,C1 Leadership core,7 Unknown role,0.00034,10,135
T1783,1,Tie,Sally Beck,28.287,54.57,1,Weak (one-way),Across communities,C1 Leadership core,1 Executive,0.10151,81,1
T1783,2,Tie,UNK-01,71.717,50.254,1,Weak (one-way),Across communities,C2 Staff cluster around DIR-01,7 Unknown role,0.00896,38,27
T1784,1,Tie,VP-10,34.079,39.448,1,Weak (one-way),Across communities,C1 Leadership core,2 Vice President,0.01489,50,14
T1784,2,Tie,TRD-04,33.638,21.922,1,Weak (one-way),Across communities,C3 Trading & logistics desk,5 Trader,0.00325,28,63
T1785,1,Tie,VP-10,34.079,39.448,1,Weak (one-way),Across communities,C1 Leadership core,2 Vice President,0.01489,50,14
T1785,2,Tie,UNK-31,64.486,59.831,1,Weak (one-way),Across communities,C2 Staff cluster around DIR-01,7 Unknown role,0.00825,25,33
T1786,1,Tie,VP-10,34.079,39.448,1,Weak (one-way),Across communities,C1 Leadership core,2 Vice President,0.01489,50,14
T1786,2,Tie,Stanley Horton,79.267,30.357,1,Weak (one-way),Across communities,C5 Gas pipeline & regulatory,1 Executive,0.01057,33,20
T1787,1,Tie,UNK-40,21.333,17.747,1,Weak (one-way),Within community,C3 Trading & logistics desk,7 Unknown role,0.00039,14,130
T1787,2,Tie,TRD-04,33.638,21.922,1,Weak (one-way),Within community,C3 Trading & logistics desk,5 Trader,0.00325,28,63
T1788,1,Tie,UNK-01,71.717,50.254,1,Weak (one-way),Across communities,C2 Staff cluster around DIR-01,7 Unknown role,0.00896,38,27
T1788,2,Tie,TRD-04,33.638,21.922,1,Weak (one-way),Across communities,C3 Trading & logistics desk,5 Trader,0.00325,28,63
N-EMP-30,1,Person,EMP-30,43.343,100.0,0,None,None,C4 Real-time trading desk,6 Employee / Specialist,0.00101,7,109
N-VP-16,1,Person,VP-16,42.923,32.26,0,None,None,C1 Leadership core,2 Vice President,0.0064,30,37
N-UNK-33,1,Person,UNK-33,38.943,33.417,0,None,None,C1 Leadership core,7 Unknown role,0.00371,18,55
N-DIR-14,1,Person,DIR-14,23.369,49.978,0,None,None,C1 Leadership core,3 Director / MD,0.00061,15,118
N-VP-12,1,Person,VP-12,32.784,48.84,0,None,None,C1 Leadership core,2 Vice President,0.00517,39,45
N-EXE-05,1,Person,Jeffrey Shankman,45.462,49.371,0,None,None,C1 Leadership core,1 Executive,0.00152,31,96
N-VP-08,1,Person,VP-08,47.328,34.336,0,None,None,C1 Leadership core,2 Vice President,0.01408,41,16
N-EMP-29,1,Person,EMP-29,43.337,36.48,0,None,None,C1 Leadership core,6 Employee / Specialist,0.00252,17,70
N-UNK-25,1,Person,UNK-25,100.0,25.093,0,None,None,C5 Gas pipeline & regulatory,7 Unknown role,0.00241,15,73
N-UNK-03,1,Person,UNK-03,48.243,90.859,0,None,None,C4 Real-time trading desk,7 Unknown role,0.01478,21,15
N-EMP-28,1,Person,EMP-28,26.594,39.479,0,None,None,C1 Leadership core,6 Employee / Specialist,0.00226,22,77
N-UNK-23,1,Person,UNK-23,72.048,54.524,0,None,None,C2 Staff cluster around DIR-01,7 Unknown role,0.00302,29,66
N-VP-04,1,Person,VP-04,58.757,47.451,0,None,None,C1 Leadership core,2 Vice President,0.0068,37,36
N-EMP-17,1,Person,EMP-17,54.766,91.177,0,None,None,C4 Real-time trading desk,6 Employee / Specialist,0.00113,13,104
N-EMP-18,1,Person,EMP-18,21.165,27.937,0,None,None,C3 Trading & logistics desk,6 Employee / Specialist,0.00135,19,100
N-UNK-37,1,Person,UNK-37,41.898,20.847,0,None,None,C3 Trading & logistics desk,7 Unknown role,0.00311,26,65
N-MGR-05,1,Person,MGR-05,24.631,30.139,0,None,None,C3 Trading & logistics desk,4 Manager,0.00578,27,40
N-EMP-06,1,Person,EMP-06,66.911,51.448,0,None,None,C2 Staff cluster around DIR-01,6 Employee / Specialist,0.01223,32,18
N-UNK-42,1,Person,UNK-42,69.167,75.586,0,None,None,C4 Real-time trading desk,7 Unknown role,8e-05,9,144
N-MGR-09,1,Person,MGR-09,14.321,30.341,0,None,None,C3 Trading & logistics desk,4 Manager,0.0016,13,93
N-TRD-06,1,Person,TRD-06,47.564,99.73,0,None,None,C4 Real-time trading desk,5 Trader,0.00038,8,131
N-VP-17,1,Person,VP-17,37.06,59.175,0,None,None,C1 Leadership core,2 Vice President,0.00186,22,87
N-EMP-14,1,Person,EMP-14,75.702,38.35,0,None,None,C2 Staff cluster around DIR-01,6 Employee / Specialist,0.00471,25,46
N-VP-14,1,Person,VP-14,83.915,28.874,0,None,None,C5 Gas pipeline & regulatory,2 Vice President,0.00518,24,44
N-MGR-10,1,Person,MGR-10,40.242,17.373,0,None,None,C3 Trading & logistics desk,4 Manager,0.00191,16,85
N-UNK-24,1,Person,UNK-24,96.491,18.037,0,None,None,C5 Gas pipeline & regulatory,7 Unknown role,0.00054,13,122
N-EXE-03,1,Person,David Delainey,53.102,42.037,0,None,None,C1 Leadership core,1 Executive,0.00884,44,28
N-UNK-06,1,Person,UNK-06,79.455,52.513,0,None,None,C2 Staff cluster around DIR-01,7 Unknown role,0.00323,23,64
N-UNK-10,1,Person,UNK-10,76.803,42.413,0,None,None,C2 Staff cluster around DIR-01,7 Unknown role,0.00572,28,41
N-TRD-05,1,Person,TRD-05,54.232,84.49,0,None,None,C4 Real-time trading desk,5 Trader,0.0086,16,31
N-TRD-02,1,Person,TRD-02,64.748,22.504,0,None,None,C6 Trading & logistics desk (TRD-02),5 Trader,0.00349,21,57
N-VP-06,1,Person,VP-06,87.366,26.063,0,None,None,C5 Gas pipeline & regulatory,2 Vice President,0.00853,29,32
N-VP-01,1,Person,VP-01,56.668,38.816,0,None,None,C1 Leadership core,2 Vice President,0.00935,35,24
N-UNK-39,1,Person,UNK-39,61.38,11.1,0,None,None,C6 Trading & logistics desk (TRD-02),7 Unknown role,0.00155,12,95
N-UNK-16,1,Person,UNK-16,39.842,29.775,0,None,None,C3 Trading & logistics desk,7 Unknown role,0.00203,21,82
N-DIR-02,1,Person,DIR-02,59.18,52.06,0,None,None,C1 Leadership core,3 Director / MD,0.00907,40,26
N-EMP-04,1,Person,EMP-04,63.283,48.099,0,None,None,C1 Leadership core,6 Employee / Specialist,0.00863,32,30
N-TRD-01,1,Person,TRD-01,37.205,23.423,0,None,None,C3 Trading & logistics desk,5 Trader,0.00193,21,84
N-TRD-08,1,Person,TRD-08,59.625,72.676,0,None,None,C4 Real-time trading desk,5 Trader,0.00022,9,138
N-EMP-09,1,Person,EMP-09,19.119,46.56,0,None,None,C1 Leadership core,6 Employee / Specialist,0.00223,16,79
N-EMP-02,1,Person,EMP-02,74.685,46.468,0,None,None,C2 Staff cluster around DIR-01,6 Employee / Specialist,0.00962,37,22
N-DIR-11,1,Person,DIR-11,29.851,40.726,0,None,None,C1 Leadership core,3 Director / MD,0.00164,23,92
N-EMP-25,1,Person,EMP-25,72.178,10.553,0,None,None,C6 Trading & logistics desk (TRD-02),6 Employee / Specialist,0.00401,13,51
N-EMP-27,1,Person,EMP-27,28.066,43.602,0,None,None,C1 Leadership core,6 Employee / Specialist,0.00147,24,98
N-VP-15,1,Person,VP-15,36.691,52.362,0,None,None,C1 Leadership core,2 Vice President,0.00777,42,34
N-DIR-09,1,Person,DIR-09,24.026,20.949,0,None,None,C3 Trading & logistics desk,3 Director / MD,0.00119,19,103
N-EMP-21,1,Person,EMP-21,50.159,95.273,0,None,None,C4 Real-time trading desk,6 Employee / Specialist,0.00069,10,115
N-DIR-10,1,Person,DIR-10,30.08,37.093,0,None,None,C1 Leadership core,3 Director / MD,0.00336,28,59
N-UNK-08,1,Person,UNK-08,71.713,40.4,0,None,None,C2 Staff cluster around DIR-01,7 Unknown role,0.00916,31,25
N-EXE-06,1,Person,Greg Whalley,48.76,51.913,0,None,None,C1 Leadership core,1 Executive,0.00335,36,60
N-UNK-46,1,Person,UNK-46,14.67,60.867,0,None,None,C1 Leadership core,7 Unknown role,0.0,1,146
N-VP-19,1,Person,VP-19,47.278,61.355,0,None,None,C1 Leadership core,2 Vice President,0.00109,19,105
N-EMP-26,1,Person,EMP-26,54.667,96.295,0,None,None,C4 Real-time trading desk,6 Employee / Specialist,0.00183,10,88
N-VP-11,1,Person,VP-11,39.259,37.901,0,None,None,C1 Leadership core,2 Vice President,0.01084,46,19
N-EMP-15,1,Person,EMP-15,62.704,54.179,0,None,None,C1 Leadership core,6 Employee / Specialist,0.0018,22,89
N-VP-13,1,Person,VP-13,30.535,24.387,0,None,None,C3 Trading & logistics desk,2 Vice President,0.00448,28,47
N-UNK-22,1,Person,UNK-22,79.836,44.96,0,None,None,C2 Staff cluster around DIR-01,7 Unknown role,0.00246,23,72
N-UNK-28,1,Person,UNK-28,22.335,23.619,0,None,None,C3 Trading & logistics desk,7 Unknown role,0.00053,18,123
N-EMP-19,1,Person,EMP-19,33.272,18.097,0,None,None,C3 Trading & logistics desk,6 Employee / Specialist,0.00335,27,61
N-EMP-01,1,Person,EMP-01,62.027,38.131,0,None,None,C1 Leadership core,6 Employee / Specialist,0.0209,38,7
N-MGR-12,1,Person,MGR-12,65.006,30.431,0,None,None,C6 Trading & logistics desk (TRD-02),4 Manager,0.00045,13,127
N-DIR-01,1,Person,DIR-01,69.375,45.275,0,None,None,C2 Staff cluster around DIR-01,3 Director / MD,0.01936,50,9
N-EXE-10,1,Person,Jeffery Skilling,54.936,46.157,0,None,None,C1 Leadership core,1 Executive,0.00251,32,71
N-UNK-21,1,Person,UNK-21,59.246,57.418,0,None,None,C1 Leadership core,7 Unknown role,0.00101,13,108
N-TRD-07,1,Person,TRD-07,35.705,35.251,0,None,None,C1 Leadership core,5 Trader,0.00211,23,81
N-MGR-03,1,Person,MGR-03,49.98,38.558,0,None,None,C1 Leadership core,4 Manager,0.00775,38,35
N-VP-03,1,Person,VP-03,57.344,43.184,0,None,None,C1 Leadership core,2 Vice President,0.00417,36,49
N-UNK-11,1,Person,UNK-11,55.402,49.902,0,None,None,C1 Leadership core,7 Unknown role,0.0023,26,75
N-UNK-35,1,Person,UNK-35,50.365,22.388,0,None,None,C3 Trading & logistics desk,7 Unknown role,0.00104,13,106
N-TRD-11,1,Person,TRD-11,23.077,58.65,0,None,None,C1 Leadership core,5 Trader,0.00037,12,133
N-VP-20,1,Person,VP-20,67.76,9.893,0,None,None,C6 Trading & logistics desk (TRD-02),2 Vice President,0.00023,8,137
N-VP-05,1,Person,VP-05,31.959,43.993,0,None,None,C1 Leadership core,2 Vice President,0.00619,42,38
N-MGR-07,1,Person,MGR-07,57.155,76.784,0,None,None,C4 Real-time trading desk,4 Manager,0.01714,23,12
N-UNK-19,1,Person,UNK-19,24.57,43.021,0,None,None,C1 Leadership core,7 Unknown role,0.0029,26,67
N-EXE-01,1,Person,John Lavorato,38.979,45.415,0,None,None,C1 Leadership core,1 Executive,0.0922,90,3
N-VP-18,1,Person,VP-18,35.303,56.167,0,None,None,C1 Leadership core,2 Vice President,0.0019,20,86
N-DIR-08,1,Person,DIR-08,29.195,47.035,0,None,None,C1 Leadership core,3 Director / MD,0.00342,30,58
N-EMP-24,1,Person,EMP-24,69.68,21.391,0,None,None,C6 Trading & logistics desk (TRD-02),6 Employee / Specialist,0.00087,11,112
N-UNK-47,1,Person,UNK-47,5.154,60.879,0,None,None,C1 Leadership core,7 Unknown role,0.0,1,147
N-EMP-20,1,Person,EMP-20,65.93,56.348,0,None,None,C2 Staff cluster around DIR-01,6 Employee / Specialist,0.00015,10,142
N-MGR-02,1,Person,MGR-02,45.315,40.729,0,None,None,C1 Leadership core,4 Manager,0.0175,54,11
N-EMP-12,1,Person,EMP-12,30.256,29.16,0,None,None,C3 Trading & logistics desk,6 Employee / Specialist,0.01509,43,13
N-EMP-08,1,Person,EMP-08,52.334,88.455,0,None,None,C4 Real-time trading desk,6 Employee / Specialist,0.00443,17,48
N-EMP-16,1,Person,EMP-16,76.053,54.902,0,None,None,C2 Staff cluster around DIR-01,6 Employee / Specialist,0.0037,23,56
N-DIR-04,1,Person,DIR-04,27.548,32.805,0,None,None,C3 Trading & logistics desk,3 Director / MD,0.00233,26,74
N-EXE-09,1,Person,Kenneth Lay,53.65,33.485,0,None,None,C1 Leadership core,1 Executive,0.04035,62,5
N-DIR-03,1,Person,DIR-03,87.324,21.527,0,None,None,C5 Gas pipeline & regulatory,3 Director / MD,0.00605,23,39
N-VP-09,1,Person,VP-09,51.177,56.265,0,None,None,C1 Leadership core,2 Vice President,0.02052,51,8
N-TRD-10,1,Person,TRD-10,71.128,36.5,0,None,None,C2 Staff cluster around DIR-01,5 Trader,0.00074,14,113
N-UNK-07,1,Person,UNK-07,91.477,25.208,0,None,None,C5 Gas pipeline & regulatory,7 Unknown role,0.00173,19,91
N-UNK-18,1,Person,UNK-18,66.784,40.629,0,None,None,C2 Staff cluster around DIR-01,7 Unknown role,0.00881,25,29
N-DIR-07,1,Person,DIR-07,25.647,46.416,0,None,None,C1 Leadership core,3 Director / MD,0.00151,22,97
N-UNK-27,1,Person,UNK-27,27.228,17.741,0,None,None,C3 Trading & logistics desk,7 Unknown role,0.01857,25,10
N-EMP-10,1,Person,EMP-10,92.952,22.325,0,None,None,C5 Gas pipeline & regulatory,6 Employee / Specialist,0.00065,16,116
N-UNK-34,1,Person,UNK-34,54.346,99.414,0,None,None,C4 Real-time trading desk,7 Unknown role,0.00013,8,143
N-UNK-13,1,Person,UNK-13,43.096,56.021,0,None,None,C1 Leadership core,7 Unknown role,0.09633,77,2
N-UNK-36,1,Person,UNK-36,80.635,40.752,0,None,None,C2 Staff cluster around DIR-01,7 Unknown role,0.00134,16,101
N-EXE-02,1,Person,Louise Kitchen,49.827,46.741,0,None,None,C1 Leadership core,1 Executive,0.02954,64,6
N-UNK-15,1,Person,UNK-15,93.947,19.517,0,None,None,C5 Gas pipeline & regulatory,7 Unknown role,0.00044,15,128
N-UNK-32,1,Person,UNK-32,58.576,34.72,0,None,None,C1 Leadership core,7 Unknown role,0.0002,10,140
N-UNK-05,1,Person,UNK-05,81.349,49.754,0,None,None,C2 Staff cluster around DIR-01,7 Unknown role,0.00036,15,134
N-UNK-17,1,Person,UNK-17,96.938,23.462,0,None,None,C5 Gas pipeline & regulatory,7 Unknown role,0.00138,15,99
N-UNK-12,1,Person,UNK-12,56.107,18.185,0,None,None,C7 Staff cluster around UNK-12,7 Unknown role,0.00274,20,69
N-MGR-08,1,Person,MGR-08,24.114,26.293,0,None,None,C3 Trading & logistics desk,4 Manager,0.00176,23,90
N-EMP-05,1,Person,EMP-05,26.599,23.515,0,None,None,C3 Trading & logistics desk,6 Employee / Specialist,0.00416,28,50
N-DIR-12,1,Person,DIR-12,44.974,75.09,0,None,None,C4 Real-time trading desk,3 Director / MD,0.00401,16,52
N-UNK-29,1,Person,UNK-29,30.31,20.866,0,None,None,C3 Trading & logistics desk,7 Unknown role,0.00053,17,124
N-EMP-07,1,Person,EMP-07,90.766,20.225,0,None,None,C5 Gas pipeline & regulatory,6 Employee / Specialist,0.00065,16,117
N-UNK-26,1,Person,UNK-26,55.912,57.193,0,None,None,C1 Leadership core,7 Unknown role,0.00198,27,83
N-MGR-11,1,Person,MGR-11,39.395,61.471,0,None,None,C1 Leadership core,4 Manager,0.00058,14,119
N-MGR-01,1,Person,MGR-01,35.494,30.233,0,None,None,C3 Trading & logistics desk,4 Manager,0.01291,48,17
N-DIR-06,1,Person,DIR-06,22.447,47.023,0,None,None,C1 Leadership core,3 Director / MD,0.00094,17,110
N-UNK-14,1,Person,UNK-14,55.245,53.635,0,None,None,C1 Leadership core,7 Unknown role,0.00278,24,68
N-TRD-09,1,Person,TRD-09,49.277,76.145,0,None,None,C4 Real-time trading desk,5 Trader,0.0052,19,43
N-UNK-09,1,Person,UNK-09,32.175,33.629,0,None,None,C3 Trading & logistics desk,7 Unknown role,0.00544,32,42
N-EMP-34,1,Person,EMP-34,60.099,98.207,0,None,None,C4 Real-time trading desk,6 Employee / Specialist,0.00212,9,80
N-UNK-20,1,Person,UNK-20,34.304,25.772,0,None,None,C3 Trading & logistics desk,7 Unknown role,0.00398,32,53
N-UNK-04,1,Person,UNK-04,45.541,26.096,0,None,None,C3 Trading & logistics desk,7 Unknown role,0.06907,59,4
N-UNK-41,1,Person,UNK-41,0.0,49.975,0,None,None,C1 Leadership core,7 Unknown role,0.00056,6,121
N-UNK-44,1,Person,UNK-44,62.565,0.0,0,None,None,C6 Trading & logistics desk (TRD-02),7 Unknown role,0.00019,6,141
N-EMP-32,1,Person,EMP-32,60.352,93.756,0,None,None,C4 Real-time trading desk,6 Employee / Specialist,0.00037,9,132
N-EMP-33,1,Person,EMP-33,57.558,30.343,0,None,None,C1 Leadership core,6 Employee / Specialist,7e-05,4,145
N-VP-02,1,Person,VP-02,61.128,43.002,0,None,None,C1 Leadership core,2 Vice President,0.00227,30,76
N-MGR-04,1,Person,MGR-04,52.35,51.586,0,None,None,C1 Leadership core,4 Manager,0.00157,26,94
N-DIR-05,1,Person,DIR-05,51.36,61.741,0,None,None,C1 Leadership core,3 Director / MD,0.0104,21,21
N-DIR-13,1,Person,DIR-13,33.457,58.935,0,None,None,C1 Leadership core,3 Director / MD,0.00094,17,111
N-UNK-45,1,Person,UNK-45,11.583,3.427,0,None,None,C3 Trading & logistics desk,7 Unknown role,0.0,1,148
N-EXE-04,1,Person,Rod Hayslett,90.003,30.046,0,None,None,C5 Gas pipeline & regulatory,1 Executive,0.00951,26,23
N-TRD-03,1,Person,TRD-03,45.543,95.02,0,None,None,C4 Real-time trading desk,5 Trader,0.00027,8,136
N-EXE-07,1,Person,Sally Beck,28.287,54.57,0,None,None,C1 Leadership core,1 Executive,0.10151,81,1
N-UNK-02,1,Person,UNK-02,78.472,48.307,0,None,None,C2 Staff cluster around DIR-01,7 Unknown role,0.00225,26,78
N-UNK-30,1,Person,UNK-30,70.103,59.382,0,None,None,C2 Staff cluster around DIR-01,7 Unknown role,0.00022,10,139
N-VP-10,1,Person,VP-10,34.079,39.448,0,None,None,C1 Leadership core,2 Vice President,0.01489,50,14
N-VP-07,1,Person,VP-07,83.649,23.867,0,None,None,C5 Gas pipeline & regulatory,2 Vice President,0.00379,23,54
N-EMP-11,1,Person,EMP-11,82.571,47.041,0,None,None,C2 Staff cluster around DIR-01,6 Employee / Specialist,0.00074,13,114
N-EXE-08,1,Person,Stanley Horton,79.267,30.357,0,None,None,C5 Gas pipeline & regulatory,1 Executive,0.01057,33,20
N-EMP-03,1,Person,EMP-03,75.939,51.018,0,None,None,C2 Staff cluster around DIR-01,6 Employee / Specialist,0.00332,23,62
N-UNK-40,1,Person,UNK-40,21.333,17.747,0,None,None,C3 Trading & logistics desk,7 Unknown role,0.00039,14,130
N-EMP-31,1,Person,EMP-31,73.852,57.529,0,None,None,C2 Staff cluster around DIR-01,6 Employee / Specialist,0.00046,9,125
N-UNK-01,1,Person,UNK-01,71.717,50.254,0,None,None,C2 Staff cluster around DIR-01,7 Unknown role,0.00896,38,27
N-MGR-06,1,Person,MGR-06,98.418,20.504,0,None,None,C5 Gas pipeline & regulatory,4 Manager,0.00126,16,102
N-EMP-22,1,Person,EMP-22,57.4,12.538,0,None,None,C7 Staff cluster around UNK-12,6 Employee / Specialist,0.00041,10,129
N-EMP-23,1,Person,EMP-23,53.353,10.749,0,None,None,C7 Staff cluster around UNK-12,6 Employee / Specialist,0.00046,11,126
N-UNK-43,1,Person,UNK-43,34.963,61.544,0,None,None,C1 Leadership core,7 Unknown role,0.00034,10,135
N-TRD-04,1,Person,TRD-04,33.638,21.922,0,None,None,C3 Trading & logistics desk,5 Trader,0.00325,28,63
N-EMP-13,1,Person,EMP-13,94.721,25.85,0,None,None,C5 Gas pipeline & regulatory,6 Employee / Specialist,0.00101,17,107
N-UNK-38,1,Person,UNK-38,21.396,44.124,0,None,None,C1 Leadership core,7 Unknown role,0.00057,16,120
N-UNK-31,1,Person,UNK-31,64.486,59.831,0,None,None,C2 Staff cluster around DIR-01,7 Unknown role,0.00825,25,33
